timestamp,value
2014/7/1 0:00,10844
2014/7/1 0:30,8127
2014/7/1 1:00,6210
2014/7/1 1:30,4656
2014/7/1 2:00,3820
2014/7/1 2:30,2873
2014/7/1 3:00,2369
2014/7/1 3:30,2064
2014/7/1 4:00,2221
2014/7/1 4:30,2158
2014/7/1 5:00,2515
2014/7/1 5:30,4364
2014/7/1 6:00,6526
2014/7/1 6:30,11039
2014/7/1 7:00,13857
2014/7/1 7:30,15865
2014/7/1 8:00,17920
2014/7/1 8:30,20346
2014/7/1 9:00,19539
2014/7/1 9:30,20107
2014/7/1 10:00,18984
2014/7/1 10:30,17720
2014/7/1 11:00,17249
2014/7/1 11:30,18463
2014/7/1 12:00,18908
2014/7/1 12:30,18886
2014/7/1 13:00,18178
2014/7/1 13:30,19459
2014/7/1 14:00,19546
2014/7/1 14:30,20591
2014/7/1 15:00,19380
2014/7/1 15:30,18544
2014/7/1 16:00,16228
2014/7/1 16:30,15013
2014/7/1 17:00,17203
2014/7/1 17:30,19525
2014/7/1 18:00,22966
2014/7/1 18:30,27598
2014/7/1 19:00,26827
2014/7/1 19:30,24904
2014/7/1 20:00,22875
2014/7/1 20:30,20394
2014/7/1 21:00,23401
2014/7/1 21:30,24439
2014/7/1 22:00,23318
2014/7/1 22:30,21733
2014/7/1 23:00,20104
2014/7/1 23:30,16111
2014/7/2 0:00,13370
2014/7/2 0:30,9945
2014/7/2 1:00,7571
2014/7/2 1:30,5917
2014/7/2 2:00,4820
2014/7/2 2:30,3634
2014/7/2 3:00,2993
2014/7/2 3:30,2535
2014/7/2 4:00,2570
2014/7/2 4:30,2485
2014/7/2 5:00,2868
2014/7/2 5:30,4482
2014/7/2 6:00,6788
2014/7/2 6:30,11078
2014/7/2 7:00,13729
2014/7/2 7:30,16700
2014/7/2 8:00,19156
2014/7/2 8:30,19953
2014/7/2 9:00,19502
2014/7/2 9:30,18994
2014/7/2 10:00,17311
2014/7/2 10:30,17904
2014/7/2 11:00,17133
2014/7/2 11:30,18589
2014/7/2 12:00,19134
2014/7/2 12:30,19259
2014/7/2 13:00,18667
2014/7/2 13:30,19078
2014/7/2 14:00,18546
2014/7/2 14:30,18593
2014/7/2 15:00,17967
2014/7/2 15:30,16624
2014/7/2 16:00,14634
2014/7/2 16:30,13888
2014/7/2 17:00,17430
2014/7/2 17:30,21919
2014/7/2 18:00,23633
2014/7/2 18:30,24512
2014/7/2 19:00,24887
2014/7/2 19:30,26872
2014/7/2 20:00,22009
2014/7/2 20:30,18259
2014/7/2 21:00,20844
2014/7/2 21:30,22576
2014/7/2 22:00,22401
2014/7/2 22:30,19056
2014/7/2 23:00,17518
2014/7/2 23:30,15307
2014/7/3 0:00,12646
2014/7/3 0:30,10562
2014/7/3 1:00,8416
2014/7/3 1:30,7098
2014/7/3 2:00,5826
2014/7/3 2:30,4383
2014/7/3 3:00,3270
2014/7/3 3:30,2948
2014/7/3 4:00,3146
2014/7/3 4:30,3077
2014/7/3 5:00,3000
2014/7/3 5:30,4592
2014/7/3 6:00,6486
2014/7/3 6:30,10113
2014/7/3 7:00,12240
2014/7/3 7:30,14574
2014/7/3 8:00,16778
2014/7/3 8:30,18910
2014/7/3 9:00,18350
2014/7/3 9:30,17218
2014/7/3 10:00,16097
2014/7/3 10:30,16409
2014/7/3 11:00,15893
2014/7/3 11:30,16778
2014/7/3 12:00,17604
2014/7/3 12:30,18665
2014/7/3 13:00,19045
2014/7/3 13:30,19261
2014/7/3 14:00,19363
2014/7/3 14:30,19078
2014/7/3 15:00,18193
2014/7/3 15:30,16635
2014/7/3 16:00,14615
2014/7/3 16:30,13759
2014/7/3 17:00,17008
2014/7/3 17:30,19595
2014/7/3 18:00,21328
2014/7/3 18:30,22661
2014/7/3 19:00,29985
2014/7/3 19:30,21501
2014/7/3 20:00,22684
2014/7/3 20:30,22188
2014/7/3 21:00,22663
2014/7/3 21:30,19573
2014/7/3 22:00,17136
2014/7/3 22:30,16606
2014/7/3 23:00,16166
2014/7/3 23:30,16020
2014/7/4 0:00,15591
2014/7/4 0:30,14395
2014/7/4 1:00,12535
2014/7/4 1:30,11341
2014/7/4 2:00,9980
2014/7/4 2:30,8404
2014/7/4 3:00,7200
2014/7/4 3:30,6578
2014/7/4 4:00,5657
2014/7/4 4:30,4474
2014/7/4 5:00,3459
2014/7/4 5:30,3276
2014/7/4 6:00,3595
2014/7/4 6:30,4240
2014/7/4 7:00,4828
2014/7/4 7:30,4926
2014/7/4 8:00,5165
2014/7/4 8:30,5776
2014/7/4 9:00,7338
2014/7/4 9:30,7839
2014/7/4 10:00,8623
2014/7/4 10:30,9731
2014/7/4 11:00,11024
2014/7/4 11:30,13231
2014/7/4 12:00,13613
2014/7/4 12:30,13737
2014/7/4 13:00,15574
2014/7/4 13:30,14226
2014/7/4 14:00,18480
2014/7/4 14:30,18265
2014/7/4 15:00,16575
2014/7/4 15:30,16417
2014/7/4 16:00,14703
2014/7/4 16:30,13469
2014/7/4 17:00,12105
2014/7/4 17:30,11676
2014/7/4 18:00,15487
2014/7/4 18:30,15077
2014/7/4 19:00,14999
2014/7/4 19:30,14487
2014/7/4 20:00,14415
2014/7/4 20:30,13796
2014/7/4 21:00,14036
2014/7/4 21:30,14021
2014/7/4 22:00,15593
2014/7/4 22:30,16589
2014/7/4 23:00,17984
2014/7/4 23:30,18035
2014/7/5 0:00,17576
2014/7/5 0:30,16189
2014/7/5 1:00,14441
2014/7/5 1:30,12535
2014/7/5 2:00,11006
2014/7/5 2:30,9151
2014/7/5 3:00,8010
2014/7/5 3:30,7096
2014/7/5 4:00,6407
2014/7/5 4:30,4421
2014/7/5 5:00,3126
2014/7/5 5:30,2514
2014/7/5 6:00,2550
2014/7/5 6:30,3148
2014/7/5 7:00,3658
2014/7/5 7:30,4345
2014/7/5 8:00,4682
2014/7/5 8:30,6248
2014/7/5 9:00,7454
2014/7/5 9:30,9010
2014/7/5 10:00,10280
2014/7/5 10:30,11488
2014/7/5 11:00,11595
2014/7/5 11:30,13098
2014/7/5 12:00,12623
2014/7/5 12:30,13031
2014/7/5 13:00,13263
2014/7/5 13:30,13349
2014/7/5 14:00,13822
2014/7/5 14:30,13716
2014/7/5 15:00,13919
2014/7/5 15:30,14203
2014/7/5 16:00,13179
2014/7/5 16:30,13708
2014/7/5 17:00,13897
2014/7/5 17:30,14740
2014/7/5 18:00,14575
2014/7/5 18:30,16085
2014/7/5 19:00,18182
2014/7/5 19:30,16861
2014/7/5 20:00,14140
2014/7/5 20:30,14477
2014/7/5 21:00,15293
2014/7/5 21:30,15457
2014/7/5 22:00,16048
2014/7/5 22:30,17477
2014/7/5 23:00,16391
2014/7/5 23:30,17006
2014/7/6 0:00,15427
2014/7/6 0:30,14615
2014/7/6 1:00,13124
2014/7/6 1:30,12222
2014/7/6 2:00,11134
2014/7/6 2:30,9145
2014/7/6 3:00,8624
2014/7/6 3:30,7885
2014/7/6 4:00,7167
2014/7/6 4:30,4805
2014/7/6 5:00,3103
2014/7/6 5:30,2671
2014/7/6 6:00,2510
2014/7/6 6:30,2917
2014/7/6 7:00,3189
2014/7/6 7:30,4107
2014/7/6 8:00,4122
2014/7/6 8:30,5654
2014/7/6 9:00,6360
2014/7/6 9:30,8406
2014/7/6 10:00,9372
2014/7/6 10:30,11067
2014/7/6 11:00,11595
2014/7/6 11:30,12909
2014/7/6 12:00,13715
2014/7/6 12:30,13648
2014/7/6 13:00,14296
2014/7/6 13:30,14798
2014/7/6 14:00,15473
2014/7/6 14:30,16032
2014/7/6 15:00,14661
2014/7/6 15:30,14836
2014/7/6 16:00,13700
2014/7/6 16:30,14565
2014/7/6 17:00,15392
2014/7/6 17:30,16866
2014/7/6 18:00,16893
2014/7/6 18:30,16877
2014/7/6 19:00,17025
2014/7/6 19:30,15884
2014/7/6 20:00,14487
2014/7/6 20:30,14159
2014/7/6 21:00,16135
2014/7/6 21:30,16165
2014/7/6 22:00,14025
2014/7/6 22:30,13970
2014/7/6 23:00,13198
2014/7/6 23:30,11355
2014/7/7 0:00,8675
2014/7/7 0:30,7180
2014/7/7 1:00,5178
2014/7/7 1:30,3658
2014/7/7 2:00,3181
2014/7/7 2:30,2402
2014/7/7 3:00,1944
2014/7/7 3:30,1877
2014/7/7 4:00,2257
2014/7/7 4:30,2280
2014/7/7 5:00,2575
2014/7/7 5:30,4174
2014/7/7 6:00,6346
2014/7/7 6:30,10594
2014/7/7 7:00,12632
2014/7/7 7:30,14893
2014/7/7 8:00,16470
2014/7/7 8:30,18998
2014/7/7 9:00,17792
2014/7/7 9:30,16396
2014/7/7 10:00,14128
2014/7/7 10:30,14161
2014/7/7 11:00,14154
2014/7/7 11:30,15074
2014/7/7 12:00,15188
2014/7/7 12:30,15483
2014/7/7 13:00,15338
2014/7/7 13:30,16242
2014/7/7 14:00,16579
2014/7/7 14:30,16885
2014/7/7 15:00,16824
2014/7/7 15:30,16238
2014/7/7 16:00,15702
2014/7/7 16:30,15132
2014/7/7 17:00,17500
2014/7/7 17:30,19167
2014/7/7 18:00,21398
2014/7/7 18:30,22382
2014/7/7 19:00,22270
2014/7/7 19:30,20575
2014/7/7 20:00,18824
2014/7/7 20:30,17909
2014/7/7 21:00,19707
2014/7/7 21:30,19066
2014/7/7 22:00,17755
2014/7/7 22:30,16583
2014/7/7 23:00,14955
2014/7/7 23:30,11849
2014/7/8 0:00,9292
2014/7/8 0:30,8110
2014/7/8 1:00,7352
2014/7/8 1:30,5049
2014/7/8 2:00,3451
2014/7/8 2:30,2465
2014/7/8 3:00,2125
2014/7/8 3:30,1877
2014/7/8 4:00,2069
2014/7/8 4:30,2080
2014/7/8 5:00,2375
2014/7/8 5:30,4303
2014/7/8 6:00,6537
2014/7/8 6:30,11331
2014/7/8 7:00,13565
2014/7/8 7:30,16455
2014/7/8 8:00,18310
2014/7/8 8:30,20288
2014/7/8 9:00,19564
2014/7/8 9:30,19380
2014/7/8 10:00,16507
2014/7/8 10:30,16939
2014/7/8 11:00,16113
2014/7/8 11:30,17537
2014/7/8 12:00,18120
2014/7/8 12:30,18038
2014/7/8 13:00,17870
2014/7/8 13:30,18427
2014/7/8 14:00,18971
2014/7/8 14:30,19071
2014/7/8 15:00,18646
2014/7/8 15:30,18229
2014/7/8 16:00,15977
2014/7/8 16:30,15026
2014/7/8 17:00,17398
2014/7/8 17:30,20865
2014/7/8 18:00,23875
2014/7/8 18:30,25290
2014/7/8 19:00,25510
2014/7/8 19:30,24535
2014/7/8 20:00,21922
2014/7/8 20:30,20113
2014/7/8 21:00,22079
2014/7/8 21:30,23111
2014/7/8 22:00,25209
2014/7/8 22:30,21978
2014/7/8 23:00,18320
2014/7/8 23:30,14881
2014/7/9 0:00,12053
2014/7/9 0:30,9409
2014/7/9 1:00,7740
2014/7/9 1:30,5528
2014/7/9 2:00,4667
2014/7/9 2:30,3242
2014/7/9 3:00,2678
2014/7/9 3:30,2370
2014/7/9 4:00,2475
2014/7/9 4:30,2304
2014/7/9 5:00,2491
2014/7/9 5:30,4117
2014/7/9 6:00,6435
2014/7/9 6:30,11067
2014/7/9 7:00,13384
2014/7/9 7:30,17194
2014/7/9 8:00,18510
2014/7/9 8:30,20464
2014/7/9 9:00,19777
2014/7/9 9:30,18928
2014/7/9 10:00,17243
2014/7/9 10:30,17490
2014/7/9 11:00,16558
2014/7/9 11:30,17830
2014/7/9 12:00,18203
2014/7/9 12:30,18126
2014/7/9 13:00,18122
2014/7/9 13:30,18488
2014/7/9 14:00,18487
2014/7/9 14:30,18542
2014/7/9 15:00,18240
2014/7/9 15:30,17393
2014/7/9 16:00,15175
2014/7/9 16:30,15360
2014/7/9 17:00,17103
2014/7/9 17:30,19561
2014/7/9 18:00,22262
2014/7/9 18:30,24725
2014/7/9 19:00,25995
2014/7/9 19:30,26319
2014/7/9 20:00,24995
2014/7/9 20:30,20534
2014/7/9 21:00,23458
2014/7/9 21:30,24681
2014/7/9 22:00,23955
2014/7/9 22:30,23655
2014/7/9 23:00,21896
2014/7/9 23:30,19338
2014/7/10 0:00,15185
2014/7/10 0:30,11459
2014/7/10 1:00,8847
2014/7/10 1:30,6580
2014/7/10 2:00,5247
2014/7/10 2:30,4127
2014/7/10 3:00,3440
2014/7/10 3:30,2957
2014/7/10 4:00,2779
2014/7/10 4:30,2532
2014/7/10 5:00,2718
2014/7/10 5:30,4449
2014/7/10 6:00,6601
2014/7/10 6:30,11202
2014/7/10 7:00,13934
2014/7/10 7:30,17176
2014/7/10 8:00,19057
2014/7/10 8:30,21112
2014/7/10 9:00,19882
2014/7/10 9:30,19024
2014/7/10 10:00,16989
2014/7/10 10:30,16979
2014/7/10 11:00,16381
2014/7/10 11:30,17815
2014/7/10 12:00,18029
2014/7/10 12:30,17495
2014/7/10 13:00,17075
2014/7/10 13:30,18234
2014/7/10 14:00,18091
2014/7/10 14:30,18495
2014/7/10 15:00,17523
2014/7/10 15:30,16714
2014/7/10 16:00,14735
2014/7/10 16:30,13610
2014/7/10 17:00,16290
2014/7/10 17:30,19152
2014/7/10 18:00,21865
2014/7/10 18:30,24347
2014/7/10 19:00,26186
2014/7/10 19:30,25852
2014/7/10 20:00,23995
2014/7/10 20:30,21664
2014/7/10 21:00,25027
2014/7/10 21:30,25431
2014/7/10 22:00,25643
2014/7/10 22:30,24654
2014/7/10 23:00,23154
2014/7/10 23:30,21863
2014/7/11 0:00,20051
2014/7/11 0:30,16122
2014/7/11 1:00,13107
2014/7/11 1:30,10506
2014/7/11 2:00,8444
2014/7/11 2:30,6876
2014/7/11 3:00,5375
2014/7/11 3:30,4366
2014/7/11 4:00,4183
2014/7/11 4:30,3249
2014/7/11 5:00,3134
2014/7/11 5:30,4620
2014/7/11 6:00,6725
2014/7/11 6:30,10651
2014/7/11 7:00,12952
2014/7/11 7:30,15808
2014/7/11 8:00,17565
2014/7/11 8:30,19784
2014/7/11 9:00,19699
2014/7/11 9:30,18663
2014/7/11 10:00,16509
2014/7/11 10:30,16600
2014/7/11 11:00,15636
2014/7/11 11:30,17434
2014/7/11 12:00,17668
2014/7/11 12:30,17124
2014/7/11 13:00,17124
2014/7/11 13:30,17489
2014/7/11 14:00,18371
2014/7/11 14:30,18381
2014/7/11 15:00,17898
2014/7/11 15:30,16350
2014/7/11 16:00,14688
2014/7/11 16:30,14227
2014/7/11 17:00,16924
2014/7/11 17:30,19952
2014/7/11 18:00,22665
2014/7/11 18:30,23465
2014/7/11 19:00,25111
2014/7/11 19:30,23984
2014/7/11 20:00,21701
2014/7/11 20:30,20592
2014/7/11 21:00,22630
2014/7/11 21:30,22854
2014/7/11 22:00,23892
2014/7/11 22:30,24959
2014/7/11 23:00,26039
2014/7/11 23:30,26873
2014/7/12 0:00,25871
2014/7/12 0:30,24874
2014/7/12 1:00,23243
2014/7/12 1:30,21674
2014/7/12 2:00,19221
2014/7/12 2:30,16140
2014/7/12 3:00,13371
2014/7/12 3:30,12041
2014/7/12 4:00,10301
2014/7/12 4:30,6472
2014/7/12 5:00,4507
2014/7/12 5:30,3682
2014/7/12 6:00,3422
2014/7/12 6:30,4554
2014/7/12 7:00,5347
2014/7/12 7:30,6853
2014/7/12 8:00,7107
2014/7/12 8:30,9463
2014/7/12 9:00,11022
2014/7/12 9:30,13393
2014/7/12 10:00,13567
2014/7/12 10:30,15452
2014/7/12 11:00,15525
2014/7/12 11:30,17165
2014/7/12 12:00,17263
2014/7/12 12:30,18418
2014/7/12 13:00,18578
2014/7/12 13:30,18762
2014/7/12 14:00,18076
2014/7/12 14:30,18604
2014/7/12 15:00,18580
2014/7/12 15:30,19306
2014/7/12 16:00,18140
2014/7/12 16:30,17455
2014/7/12 17:00,18980
2014/7/12 17:30,21152
2014/7/12 18:00,22483
2014/7/12 18:30,22534
2014/7/12 19:00,22801
2014/7/12 19:30,22117
2014/7/12 20:00,19864
2014/7/12 20:30,19494
2014/7/12 21:00,20607
2014/7/12 21:30,20627
2014/7/12 22:00,21706
2014/7/12 22:30,24243
2014/7/12 23:00,25204
2014/7/12 23:30,25752
2014/7/13 0:00,25792
2014/7/13 0:30,25033
2014/7/13 1:00,23935
2014/7/13 1:30,21440
2014/7/13 2:00,19468
2014/7/13 2:30,16622
2014/7/13 3:00,14485
2014/7/13 3:30,12974
2014/7/13 4:00,11191
2014/7/13 4:30,6911
2014/7/13 5:00,4410
2014/7/13 5:30,3467
2014/7/13 6:00,3429
2014/7/13 6:30,3599
2014/7/13 7:00,3575
2014/7/13 7:30,4557
2014/7/13 8:00,5243
2014/7/13 8:30,6588
2014/7/13 9:00,8009
2014/7/13 9:30,10743
2014/7/13 10:00,13524
2014/7/13 10:30,16179
2014/7/13 11:00,14905
2014/7/13 11:30,16916
2014/7/13 12:00,17082
2014/7/13 12:30,18606
2014/7/13 13:00,18935
2014/7/13 13:30,20175
2014/7/13 14:00,22219
2014/7/13 14:30,22868
2014/7/13 15:00,20375
2014/7/13 15:30,18489
2014/7/13 16:00,16187
2014/7/13 16:30,14015
2014/7/13 17:00,14261
2014/7/13 17:30,20081
2014/7/13 18:00,21503
2014/7/13 18:30,19850
2014/7/13 19:00,18383
2014/7/13 19:30,17640
2014/7/13 20:00,16225
2014/7/13 20:30,15566
2014/7/13 21:00,17088
2014/7/13 21:30,16968
2014/7/13 22:00,15271
2014/7/13 22:30,14141
2014/7/13 23:00,12851
2014/7/13 23:30,13877
2014/7/14 0:00,12484
2014/7/14 0:30,9037
2014/7/14 1:00,7393
2014/7/14 1:30,5176
2014/7/14 2:00,3479
2014/7/14 2:30,2755
2014/7/14 3:00,2027
2014/7/14 3:30,1769
2014/7/14 4:00,2091
2014/7/14 4:30,2553
2014/7/14 5:00,2853
2014/7/14 5:30,4835
2014/7/14 6:00,6603
2014/7/14 6:30,11230
2014/7/14 7:00,13395
2014/7/14 7:30,15650
2014/7/14 8:00,17601
2014/7/14 8:30,18818
2014/7/14 9:00,18515
2014/7/14 9:30,16972
2014/7/14 10:00,15316
2014/7/14 10:30,16003
2014/7/14 11:00,14818
2014/7/14 11:30,15610
2014/7/14 12:00,16536
2014/7/14 12:30,16153
2014/7/14 13:00,15548
2014/7/14 13:30,16500
2014/7/14 14:00,16726
2014/7/14 14:30,16838
2014/7/14 15:00,16550
2014/7/14 15:30,16621
2014/7/14 16:00,15657
2014/7/14 16:30,15334
2014/7/14 17:00,17584
2014/7/14 17:30,20903
2014/7/14 18:00,21968
2014/7/14 18:30,26945
2014/7/14 19:00,24416
2014/7/14 19:30,22401
2014/7/14 20:00,23549
2014/7/14 20:30,21498
2014/7/14 21:00,23114
2014/7/14 21:30,23341
2014/7/14 22:00,22141
2014/7/14 22:30,19110
2014/7/14 23:00,16682
2014/7/14 23:30,12631
2014/7/15 0:00,10089
2014/7/15 0:30,8553
2014/7/15 1:00,6416
2014/7/15 1:30,4694
2014/7/15 2:00,3933
2014/7/15 2:30,2833
2014/7/15 3:00,2089
2014/7/15 3:30,1896
2014/7/15 4:00,2055
2014/7/15 4:30,2031
2014/7/15 5:00,2449
2014/7/15 5:30,4360
2014/7/15 6:00,7036
2014/7/15 6:30,11730
2014/7/15 7:00,14387
2014/7/15 7:30,17505
2014/7/15 8:00,19091
2014/7/15 8:30,21057
2014/7/15 9:00,20050
2014/7/15 9:30,18637
2014/7/15 10:00,17555
2014/7/15 10:30,17595
2014/7/15 11:00,16312
2014/7/15 11:30,18232
2014/7/15 12:00,18446
2014/7/15 12:30,18204
2014/7/15 13:00,17607
2014/7/15 13:30,18945
2014/7/15 14:00,22208
2014/7/15 14:30,21574
2014/7/15 15:00,17299
2014/7/15 15:30,15515
2014/7/15 16:00,13246
2014/7/15 16:30,12328
2014/7/15 17:00,15342
2014/7/15 17:30,18730
2014/7/15 18:00,23412
2014/7/15 18:30,26340
2014/7/15 19:00,27167
2014/7/15 19:30,26279
2014/7/15 20:00,23392
2014/7/15 20:30,21571
2014/7/15 21:00,23477
2014/7/15 21:30,22612
2014/7/15 22:00,21389
2014/7/15 22:30,19575
2014/7/15 23:00,18165
2014/7/15 23:30,14923
2014/7/16 0:00,11815
2014/7/16 0:30,9024
2014/7/16 1:00,7363
2014/7/16 1:30,5812
2014/7/16 2:00,4559
2014/7/16 2:30,3673
2014/7/16 3:00,2830
2014/7/16 3:30,2374
2014/7/16 4:00,2556
2014/7/16 4:30,2456
2014/7/16 5:00,2486
2014/7/16 5:30,4451
2014/7/16 6:00,6723
2014/7/16 6:30,12501
2014/7/16 7:00,14763
2014/7/16 7:30,18127
2014/7/16 8:00,20393
2014/7/16 8:30,20753
2014/7/16 9:00,20124
2014/7/16 9:30,19253
2014/7/16 10:00,17981
2014/7/16 10:30,17720
2014/7/16 11:00,16525
2014/7/16 11:30,18153
2014/7/16 12:00,18558
2014/7/16 12:30,17652
2014/7/16 13:00,17292
2014/7/16 13:30,17551
2014/7/16 14:00,17951
2014/7/16 14:30,17909
2014/7/16 15:00,17442
2014/7/16 15:30,16533
2014/7/16 16:00,14776
2014/7/16 16:30,13462
2014/7/16 17:00,16363
2014/7/16 17:30,19310
2014/7/16 18:00,22346
2014/7/16 18:30,24408
2014/7/16 19:00,26225
2014/7/16 19:30,25423
2014/7/16 20:00,23811
2014/7/16 20:30,22028
2014/7/16 21:00,24290
2014/7/16 21:30,24835
2014/7/16 22:00,24269
2014/7/16 22:30,23526
2014/7/16 23:00,21968
2014/7/16 23:30,20137
2014/7/17 0:00,16928
2014/7/17 0:30,12753
2014/7/17 1:00,10087
2014/7/17 1:30,7881
2014/7/17 2:00,6006
2014/7/17 2:30,4382
2014/7/17 3:00,3676
2014/7/17 3:30,3214
2014/7/17 4:00,3205
2014/7/17 4:30,2849
2014/7/17 5:00,2887
2014/7/17 5:30,5039
2014/7/17 6:00,7132
2014/7/17 6:30,12095
2014/7/17 7:00,14558
2014/7/17 7:30,17298
2014/7/17 8:00,19124
2014/7/17 8:30,20407
2014/7/17 9:00,19379
2014/7/17 9:30,18867
2014/7/17 10:00,17662
2014/7/17 10:30,17447
2014/7/17 11:00,16579
2014/7/17 11:30,18340
2014/7/17 12:00,18760
2014/7/17 12:30,18457
2014/7/17 13:00,17608
2014/7/17 13:30,18913
2014/7/17 14:00,19122
2014/7/17 14:30,19547
2014/7/17 15:00,17267
2014/7/17 15:30,15916
2014/7/17 16:00,13836
2014/7/17 16:30,11985
2014/7/17 17:00,14313
2014/7/17 17:30,17988
2014/7/17 18:00,21181
2014/7/17 18:30,23539
2014/7/17 19:00,24714
2014/7/17 19:30,25079
2014/7/17 20:00,23032
2014/7/17 20:30,21168
2014/7/17 21:00,25514
2014/7/17 21:30,26286
2014/7/17 22:00,25650
2014/7/17 22:30,24850
2014/7/17 23:00,23869
2014/7/17 23:30,22913
2014/7/18 0:00,20850
2014/7/18 0:30,16734
2014/7/18 1:00,14106
2014/7/18 1:30,11587
2014/7/18 2:00,8951
2014/7/18 2:30,7199
2014/7/18 3:00,6051
2014/7/18 3:30,4693
2014/7/18 4:00,4507
2014/7/18 4:30,3791
2014/7/18 5:00,3586
2014/7/18 5:30,4918
2014/7/18 6:00,7039
2014/7/18 6:30,11262
2014/7/18 7:00,13725
2014/7/18 7:30,15899
2014/7/18 8:00,17329
2014/7/18 8:30,19757
2014/7/18 9:00,19341
2014/7/18 9:30,17660
2014/7/18 10:00,16532
2014/7/18 10:30,16354
2014/7/18 11:00,16054
2014/7/18 11:30,17326
2014/7/18 12:00,17463
2014/7/18 12:30,17091
2014/7/18 13:00,16668
2014/7/18 13:30,17096
2014/7/18 14:00,17811
2014/7/18 14:30,17980
2014/7/18 15:00,17080
2014/7/18 15:30,15185
2014/7/18 16:00,13538
2014/7/18 16:30,12704
2014/7/18 17:00,15019
2014/7/18 17:30,18778
2014/7/18 18:00,21583
2014/7/18 18:30,23834
2014/7/18 19:00,25123
2014/7/18 19:30,24762
2014/7/18 20:00,22761
2014/7/18 20:30,22227
2014/7/18 21:00,23985
2014/7/18 21:30,23788
2014/7/18 22:00,23855
2014/7/18 22:30,26040
2014/7/18 23:00,25863
2014/7/18 23:30,25851
2014/7/19 0:00,26100
2014/7/19 0:30,24625
2014/7/19 1:00,22657
2014/7/19 1:30,20289
2014/7/19 2:00,18524
2014/7/19 2:30,15943
2014/7/19 3:00,13179
2014/7/19 3:30,12423
2014/7/19 4:00,10478
2014/7/19 4:30,6556
2014/7/19 5:00,4561
2014/7/19 5:30,3513
2014/7/19 6:00,3607
2014/7/19 6:30,4781
2014/7/19 7:00,5423
2014/7/19 7:30,6669
2014/7/19 8:00,7064
2014/7/19 8:30,9363
2014/7/19 9:00,10874
2014/7/19 9:30,13255
2014/7/19 10:00,13164
2014/7/19 10:30,15159
2014/7/19 11:00,16030
2014/7/19 11:30,18256
2014/7/19 12:00,17751
2014/7/19 12:30,17675
2014/7/19 13:00,18557
2014/7/19 13:30,18389
2014/7/19 14:00,17538
2014/7/19 14:30,17506
2014/7/19 15:00,17580
2014/7/19 15:30,18027
2014/7/19 16:00,16959
2014/7/19 16:30,17066
2014/7/19 17:00,18155
2014/7/19 17:30,20610
2014/7/19 18:00,20793
2014/7/19 18:30,21584
2014/7/19 19:00,23493
2014/7/19 19:30,22555
2014/7/19 20:00,20183
2014/7/19 20:30,20441
2014/7/19 21:00,21555
2014/7/19 21:30,22406
2014/7/19 22:00,22512
2014/7/19 22:30,24667
2014/7/19 23:00,25424
2014/7/19 23:30,25852
2014/7/20 0:00,25137
2014/7/20 0:30,24099
2014/7/20 1:00,23058
2014/7/20 1:30,20786
2014/7/20 2:00,19217
2014/7/20 2:30,16329
2014/7/20 3:00,14293
2014/7/20 3:30,13193
2014/7/20 4:00,11166
2014/7/20 4:30,7518
2014/7/20 5:00,4877
2014/7/20 5:30,3639
2014/7/20 6:00,3412
2014/7/20 6:30,3827
2014/7/20 7:00,3922
2014/7/20 7:30,5241
2014/7/20 8:00,5601
2014/7/20 8:30,7147
2014/7/20 9:00,8425
2014/7/20 9:30,10951
2014/7/20 10:00,11800
2014/7/20 10:30,13936
2014/7/20 11:00,14835
2014/7/20 11:30,16412
2014/7/20 12:00,16763
2014/7/20 12:30,17613
2014/7/20 13:00,17439
2014/7/20 13:30,17921
2014/7/20 14:00,18605
2014/7/20 14:30,18113
2014/7/20 15:00,17579
2014/7/20 15:30,16927
2014/7/20 16:00,16526
2014/7/20 16:30,16956
2014/7/20 17:00,17381
2014/7/20 17:30,19232
2014/7/20 18:00,19127
2014/7/20 18:30,19404
2014/7/20 19:00,18812
2014/7/20 19:30,18253
2014/7/20 20:00,16497
2014/7/20 20:30,16681
2014/7/20 21:00,17334
2014/7/20 21:30,17674
2014/7/20 22:00,16469
2014/7/20 22:30,15128
2014/7/20 23:00,13973
2014/7/20 23:30,12040
2014/7/21 0:00,9494
2014/7/21 0:30,6963
2014/7/21 1:00,5611
2014/7/21 1:30,4140
2014/7/21 2:00,3370
2014/7/21 2:30,2625
2014/7/21 3:00,2093
2014/7/21 3:30,1854
2014/7/21 4:00,2482
2014/7/21 4:30,2529
2014/7/21 5:00,2968
2014/7/21 5:30,4540
2014/7/21 6:00,6868
2014/7/21 6:30,10765
2014/7/21 7:00,13095
2014/7/21 7:30,15651
2014/7/21 8:00,17427
2014/7/21 8:30,18637
2014/7/21 9:00,18614
2014/7/21 9:30,17187
2014/7/21 10:00,15281
2014/7/21 10:30,15505
2014/7/21 11:00,15168
2014/7/21 11:30,15813
2014/7/21 12:00,15979
2014/7/21 12:30,16314
2014/7/21 13:00,16002
2014/7/21 13:30,16845
2014/7/21 14:00,17009
2014/7/21 14:30,17302
2014/7/21 15:00,16649
2014/7/21 15:30,16857
2014/7/21 16:00,15733
2014/7/21 16:30,15537
2014/7/21 17:00,17362
2014/7/21 17:30,19639
2014/7/21 18:00,22891
2014/7/21 18:30,22920
2014/7/21 19:00,22941
2014/7/21 19:30,21849
2014/7/21 20:00,20483
2014/7/21 20:30,18868
2014/7/21 21:00,20235
2014/7/21 21:30,20658
2014/7/21 22:00,20751
2014/7/21 22:30,18642
2014/7/21 23:00,16106
2014/7/21 23:30,13303
2014/7/22 0:00,10611
2014/7/22 0:30,8009
2014/7/22 1:00,6210
2014/7/22 1:30,4830
2014/7/22 2:00,3753
2014/7/22 2:30,2962
2014/7/22 3:00,2379
2014/7/22 3:30,2114
2014/7/22 4:00,2232
2014/7/22 4:30,2090
2014/7/22 5:00,2532
2014/7/22 5:30,4492
2014/7/22 6:00,6830
2014/7/22 6:30,11269
2014/7/22 7:00,13635
2014/7/22 7:30,16356
2014/7/22 8:00,18449
2014/7/22 8:30,20054
2014/7/22 9:00,19462
2014/7/22 9:30,19016
2014/7/22 10:00,17349
2014/7/22 10:30,17684
2014/7/22 11:00,17412
2014/7/22 11:30,17854
2014/7/22 12:00,18649
2014/7/22 12:30,19970
2014/7/22 13:00,19168
2014/7/22 13:30,19270
2014/7/22 14:00,19463
2014/7/22 14:30,18999
2014/7/22 15:00,17998
2014/7/22 15:30,17209
2014/7/22 16:00,15581
2014/7/22 16:30,14846
2014/7/22 17:00,17832
2014/7/22 17:30,21545
2014/7/22 18:00,24769
2014/7/22 18:30,25573
2014/7/22 19:00,26243
2014/7/22 19:30,25057
2014/7/22 20:00,23381
2014/7/22 20:30,22148
2014/7/22 21:00,24590
2014/7/22 21:30,24168
2014/7/22 22:00,23364
2014/7/22 22:30,23272
2014/7/22 23:00,19939
2014/7/22 23:30,17316
2014/7/23 0:00,13369
2014/7/23 0:30,10390
2014/7/23 1:00,7994
2014/7/23 1:30,5889
2014/7/23 2:00,4711
2014/7/23 2:30,3757
2014/7/23 3:00,3066
2014/7/23 3:30,2647
2014/7/23 4:00,2645
2014/7/23 4:30,2411
2014/7/23 5:00,2600
2014/7/23 5:30,4483
2014/7/23 6:00,6956
2014/7/23 6:30,11788
2014/7/23 7:00,14098
2014/7/23 7:30,17141
2014/7/23 8:00,19124
2014/7/23 8:30,20604
2014/7/23 9:00,20114
2014/7/23 9:30,19641
2014/7/23 10:00,18423
2014/7/23 10:30,18480
2014/7/23 11:00,18318
2014/7/23 11:30,19378
2014/7/23 12:00,19585
2014/7/23 12:30,19614
2014/7/23 13:00,19295
2014/7/23 13:30,19850
2014/7/23 14:00,20120
2014/7/23 14:30,19621
2014/7/23 15:00,18809
2014/7/23 15:30,17731
2014/7/23 16:00,15483
2014/7/23 16:30,15112
2014/7/23 17:00,18183
2014/7/23 17:30,21187
2014/7/23 18:00,24034
2014/7/23 18:30,25411
2014/7/23 19:00,26528
2014/7/23 19:30,26022
2014/7/23 20:00,23253
2014/7/23 20:30,25665
2014/7/23 21:00,26600
2014/7/23 21:30,24757
2014/7/23 22:00,24337
2014/7/23 22:30,24294
2014/7/23 23:00,22087
2014/7/23 23:30,19064
2014/7/24 0:00,15542
2014/7/24 0:30,12026
2014/7/24 1:00,8678
2014/7/24 1:30,7042
2014/7/24 2:00,5355
2014/7/24 2:30,4129
2014/7/24 3:00,3109
2014/7/24 3:30,2534
2014/7/24 4:00,2788
2014/7/24 4:30,2507
2014/7/24 5:00,2671
2014/7/24 5:30,4445
2014/7/24 6:00,7163
2014/7/24 6:30,11942
2014/7/24 7:00,14544
2014/7/24 7:30,17435
2014/7/24 8:00,19254
2014/7/24 8:30,20518
2014/7/24 9:00,20003
2014/7/24 9:30,19642
2014/7/24 10:00,17626
2014/7/24 10:30,18194
2014/7/24 11:00,16975
2014/7/24 11:30,18125
2014/7/24 12:00,18555
2014/7/24 12:30,18356
2014/7/24 13:00,17683
2014/7/24 13:30,18298
2014/7/24 14:00,18613
2014/7/24 14:30,18548
2014/7/24 15:00,17742
2014/7/24 15:30,16312
2014/7/24 16:00,14782
2014/7/24 16:30,13614
2014/7/24 17:00,16220
2014/7/24 17:30,18901
2014/7/24 18:00,21794
2014/7/24 18:30,23933
2014/7/24 19:00,25474
2014/7/24 19:30,24985
2014/7/24 20:00,22877
2014/7/24 20:30,22518
2014/7/24 21:00,25246
2014/7/24 21:30,25871
2014/7/24 22:00,25324
2014/7/24 22:30,25738
2014/7/24 23:00,24763
2014/7/24 23:30,23158
2014/7/25 0:00,20525
2014/7/25 0:30,17608
2014/7/25 1:00,14436
2014/7/25 1:30,11145
2014/7/25 2:00,8915
2014/7/25 2:30,7244
2014/7/25 3:00,5856
2014/7/25 3:30,4953
2014/7/25 4:00,4546
2014/7/25 4:30,3589
2014/7/25 5:00,3516
2014/7/25 5:30,5087
2014/7/25 6:00,7102
2014/7/25 6:30,10887
2014/7/25 7:00,12988
2014/7/25 7:30,15831
2014/7/25 8:00,17326
2014/7/25 8:30,19179
2014/7/25 9:00,18805
2014/7/25 9:30,17730
2014/7/25 10:00,16439
2014/7/25 10:30,16401
2014/7/25 11:00,16240
2014/7/25 11:30,17487
2014/7/25 12:00,17622
2014/7/25 12:30,17313
2014/7/25 13:00,16647
2014/7/25 13:30,16627
2014/7/25 14:00,17646
2014/7/25 14:30,17694
2014/7/25 15:00,17661
2014/7/25 15:30,15842
2014/7/25 16:00,14950
2014/7/25 16:30,13473
2014/7/25 17:00,16633
2014/7/25 17:30,19501
2014/7/25 18:00,22009
2014/7/25 18:30,23891
2014/7/25 19:00,25196
2014/7/25 19:30,24427
2014/7/25 20:00,22357
2014/7/25 20:30,22460
2014/7/25 21:00,24066
2014/7/25 21:30,23690
2014/7/25 22:00,24491
2014/7/25 22:30,25737
2014/7/25 23:00,26688
2014/7/25 23:30,26230
2014/7/26 0:00,26300
2014/7/26 0:30,24337
2014/7/26 1:00,23124
2014/7/26 1:30,20675
2014/7/26 2:00,18663
2014/7/26 2:30,15997
2014/7/26 3:00,13405
2014/7/26 3:30,11921
2014/7/26 4:00,10203
2014/7/26 4:30,6543
2014/7/26 5:00,4719
2014/7/26 5:30,3853
2014/7/26 6:00,4116
2014/7/26 6:30,5274
2014/7/26 7:00,5331
2014/7/26 7:30,6830
2014/7/26 8:00,7303
2014/7/26 8:30,9704
2014/7/26 9:00,11209
2014/7/26 9:30,13874
2014/7/26 10:00,14548
2014/7/26 10:30,16204
2014/7/26 11:00,16938
2014/7/26 11:30,18696
2014/7/26 12:00,17585
2014/7/26 12:30,18538
2014/7/26 13:00,18206
2014/7/26 13:30,17532
2014/7/26 14:00,17657
2014/7/26 14:30,17943
2014/7/26 15:00,17698
2014/7/26 15:30,18074
2014/7/26 16:00,16920
2014/7/26 16:30,18262
2014/7/26 17:00,19013
2014/7/26 17:30,19902
2014/7/26 18:00,20449
2014/7/26 18:30,22190
2014/7/26 19:00,23099
2014/7/26 19:30,22128
2014/7/26 20:00,20110
2014/7/26 20:30,20261
2014/7/26 21:00,22299
2014/7/26 21:30,21886
2014/7/26 22:00,22600
2014/7/26 22:30,24667
2014/7/26 23:00,25662
2014/7/26 23:30,25832
2014/7/27 0:00,25659
2014/7/27 0:30,24748
2014/7/27 1:00,22552
2014/7/27 1:30,20712
2014/7/27 2:00,19122
2014/7/27 2:30,16777
2014/7/27 3:00,14475
2014/7/27 3:30,12720
2014/7/27 4:00,11239
2014/7/27 4:30,7087
2014/7/27 5:00,4896
2014/7/27 5:30,3818
2014/7/27 6:00,3449
2014/7/27 6:30,3883
2014/7/27 7:00,3810
2014/7/27 7:30,5059
2014/7/27 8:00,5476
2014/7/27 8:30,7083
2014/7/27 9:00,8153
2014/7/27 9:30,10647
2014/7/27 10:00,11873
2014/7/27 10:30,14193
2014/7/27 11:00,14938
2014/7/27 11:30,16488
2014/7/27 12:00,16996
2014/7/27 12:30,17381
2014/7/27 13:00,18173
2014/7/27 13:30,17651
2014/7/27 14:00,18698
2014/7/27 14:30,18260
2014/7/27 15:00,18181
2014/7/27 15:30,17413
2014/7/27 16:00,17230
2014/7/27 16:30,18275
2014/7/27 17:00,18883
2014/7/27 17:30,19851
2014/7/27 18:00,19673
2014/7/27 18:30,20508
2014/7/27 19:00,19557
2014/7/27 19:30,18268
2014/7/27 20:00,16615
2014/7/27 20:30,16969
2014/7/27 21:00,18252
2014/7/27 21:30,16920
2014/7/27 22:00,16356
2014/7/27 22:30,15567
2014/7/27 23:00,14278
2014/7/27 23:30,12786
2014/7/28 0:00,10323
2014/7/28 0:30,7645
2014/7/28 1:00,6791
2014/7/28 1:30,5394
2014/7/28 2:00,3694
2014/7/28 2:30,2713
2014/7/28 3:00,2376
2014/7/28 3:30,2146
2014/7/28 4:00,2250
2014/7/28 4:30,2370
2014/7/28 5:00,2906
2014/7/28 5:30,4477
2014/7/28 6:00,6446
2014/7/28 6:30,9332
2014/7/28 7:00,10577
2014/7/28 7:30,11765
2014/7/28 8:00,13452
2014/7/28 8:30,14290
2014/7/28 9:00,15239
2014/7/28 9:30,14926
2014/7/28 10:00,14475
2014/7/28 10:30,14435
2014/7/28 11:00,14103
2014/7/28 11:30,15124
2014/7/28 12:00,15376
2014/7/28 12:30,15758
2014/7/28 13:00,14653
2014/7/28 13:30,15786
2014/7/28 14:00,15554
2014/7/28 14:30,16332
2014/7/28 15:00,15602
2014/7/28 15:30,14931
2014/7/28 16:00,13817
2014/7/28 16:30,13611
2014/7/28 17:00,14678
2014/7/28 17:30,16669
2014/7/28 18:00,18171
2014/7/28 18:30,20033
2014/7/28 19:00,20467
2014/7/28 19:30,20263
2014/7/28 20:00,18901
2014/7/28 20:30,18249
2014/7/28 21:00,18421
2014/7/28 21:30,17932
2014/7/28 22:00,17568
2014/7/28 22:30,16656
2014/7/28 23:00,15574
2014/7/28 23:30,13310
2014/7/29 0:00,10468
2014/7/29 0:30,7932
2014/7/29 1:00,6080
2014/7/29 1:30,4735
2014/7/29 2:00,3834
2014/7/29 2:30,2746
2014/7/29 3:00,2244
2014/7/29 3:30,1940
2014/7/29 4:00,2066
2014/7/29 4:30,2046
2014/7/29 5:00,2295
2014/7/29 5:30,4533
2014/7/29 6:00,6655
2014/7/29 6:30,11415
2014/7/29 7:00,13863
2014/7/29 7:30,15517
2014/7/29 8:00,17106
2014/7/29 8:30,18521
2014/7/29 9:00,18016
2014/7/29 9:30,17448
2014/7/29 10:00,16131
2014/7/29 10:30,16534
2014/7/29 11:00,15744
2014/7/29 11:30,17039
2014/7/29 12:00,17357
2014/7/29 12:30,16841
2014/7/29 13:00,16797
2014/7/29 13:30,17226
2014/7/29 14:00,17550
2014/7/29 14:30,17336
2014/7/29 15:00,17343
2014/7/29 15:30,16601
2014/7/29 16:00,15090
2014/7/29 16:30,14130
2014/7/29 17:00,16356
2014/7/29 17:30,19357
2014/7/29 18:00,22313
2014/7/29 18:30,23636
2014/7/29 19:00,24822
2014/7/29 19:30,24550
2014/7/29 20:00,22761
2014/7/29 20:30,23119
2014/7/29 21:00,23658
2014/7/29 21:30,23853
2014/7/29 22:00,22995
2014/7/29 22:30,21708
2014/7/29 23:00,20231
2014/7/29 23:30,17264
2014/7/30 0:00,13549
2014/7/30 0:30,10142
2014/7/30 1:00,7783
2014/7/30 1:30,6011
2014/7/30 2:00,4935
2014/7/30 2:30,3668
2014/7/30 3:00,3092
2014/7/30 3:30,2577
2014/7/30 4:00,2772
2014/7/30 4:30,2637
2014/7/30 5:00,2605
2014/7/30 5:30,4449
2014/7/30 6:00,6912
2014/7/30 6:30,11909
2014/7/30 7:00,14184
2014/7/30 7:30,17246
2014/7/30 8:00,18393
2014/7/30 8:30,19797
2014/7/30 9:00,19101
2014/7/30 9:30,18889
2014/7/30 10:00,16897
2014/7/30 10:30,16922
2014/7/30 11:00,16218
2014/7/30 11:30,17511
2014/7/30 12:00,17941
2014/7/30 12:30,17203
2014/7/30 13:00,16879
2014/7/30 13:30,17733
2014/7/30 14:00,17587
2014/7/30 14:30,17564
2014/7/30 15:00,17003
2014/7/30 15:30,15725
2014/7/30 16:00,13832
2014/7/30 16:30,12826
2014/7/30 17:00,15603
2014/7/30 17:30,18935
2014/7/30 18:00,21175
2014/7/30 18:30,22980
2014/7/30 19:00,24644
2014/7/30 19:30,24938
2014/7/30 20:00,24095
2014/7/30 20:30,23952
2014/7/30 21:00,24913
2014/7/30 21:30,25138
2014/7/30 22:00,24972
2014/7/30 22:30,23605
2014/7/30 23:00,22758
2014/7/30 23:30,19560
2014/7/31 0:00,15486
2014/7/31 0:30,12362
2014/7/31 1:00,9401
2014/7/31 1:30,7131
2014/7/31 2:00,5949
2014/7/31 2:30,4722
2014/7/31 3:00,3792
2014/7/31 3:30,3266
2014/7/31 4:00,3267
2014/7/31 4:30,2605
2014/7/31 5:00,2562
2014/7/31 5:30,4595
2014/7/31 6:00,7263
2014/7/31 6:30,11825
2014/7/31 7:00,13863
2014/7/31 7:30,16898
2014/7/31 8:00,18741
2014/7/31 8:30,20117
2014/7/31 9:00,19185
2014/7/31 9:30,17821
2014/7/31 10:00,16721
2014/7/31 10:30,16869
2014/7/31 11:00,16188
2014/7/31 11:30,17325
2014/7/31 12:00,17849
2014/7/31 12:30,17746
2014/7/31 13:00,17208
2014/7/31 13:30,17848
2014/7/31 14:00,18132
2014/7/31 14:30,18019
2014/7/31 15:00,17120
2014/7/31 15:30,15410
2014/7/31 16:00,13868
2014/7/31 16:30,13146
2014/7/31 17:00,15734
2014/7/31 17:30,18139
2014/7/31 18:00,20969
2014/7/31 18:30,23287
2014/7/31 19:00,24723
2014/7/31 19:30,25186
2014/7/31 20:00,24192
2014/7/31 20:30,24605
2014/7/31 21:00,25805
2014/7/31 21:30,25969
2014/7/31 22:00,25593
2014/7/31 22:30,24695
2014/7/31 23:00,24316
2014/7/31 23:30,23050
2014/8/1 0:00,20138
2014/8/1 0:30,17252
2014/8/1 1:00,14103
2014/8/1 1:30,10859
2014/8/1 2:00,9242
2014/8/1 2:30,7122
2014/8/1 3:00,5763
2014/8/1 3:30,4912
2014/8/1 4:00,4648
2014/8/1 4:30,3673
2014/8/1 5:00,3322
2014/8/1 5:30,4968
2014/8/1 6:00,7209
2014/8/1 6:30,11113
2014/8/1 7:00,13143
2014/8/1 7:30,15932
2014/8/1 8:00,17355
2014/8/1 8:30,19462
2014/8/1 9:00,18581
2014/8/1 9:30,18123
2014/8/1 10:00,16476
2014/8/1 10:30,16964
2014/8/1 11:00,16009
2014/8/1 11:30,16890
2014/8/1 12:00,17069
2014/8/1 12:30,16779
2014/8/1 13:00,16654
2014/8/1 13:30,16580
2014/8/1 14:00,17407
2014/8/1 14:30,17037
2014/8/1 15:00,16651
2014/8/1 15:30,15324
2014/8/1 16:00,12987
2014/8/1 16:30,12845
2014/8/1 17:00,15439
2014/8/1 17:30,18280
2014/8/1 18:00,20439
2014/8/1 18:30,22588
2014/8/1 19:00,24047
2014/8/1 19:30,23745
2014/8/1 20:00,22420
2014/8/1 20:30,23260
2014/8/1 21:00,23454
2014/8/1 21:30,22822
2014/8/1 22:00,23704
2014/8/1 22:30,24940
2014/8/1 23:00,25951
2014/8/1 23:30,25479
2014/8/2 0:00,25234
2014/8/2 0:30,23378
2014/8/2 1:00,22180
2014/8/2 1:30,20497
2014/8/2 2:00,18933
2014/8/2 2:30,17041
2014/8/2 3:00,14983
2014/8/2 3:30,12488
2014/8/2 4:00,10554
2014/8/2 4:30,6425
2014/8/2 5:00,4384
2014/8/2 5:30,3611
2014/8/2 6:00,3904
2014/8/2 6:30,5204
2014/8/2 7:00,5624
2014/8/2 7:30,7264
2014/8/2 8:00,7501
2014/8/2 8:30,9344
2014/8/2 9:00,10021
2014/8/2 9:30,12227
2014/8/2 10:00,12203
2014/8/2 10:30,14669
2014/8/2 11:00,14849
2014/8/2 11:30,16363
2014/8/2 12:00,16489
2014/8/2 12:30,17237
2014/8/2 13:00,17955
2014/8/2 13:30,17713
2014/8/2 14:00,17418
2014/8/2 14:30,17679
2014/8/2 15:00,18014
2014/8/2 15:30,18031
2014/8/2 16:00,17643
2014/8/2 16:30,17167
2014/8/2 17:00,18409
2014/8/2 17:30,20034
2014/8/2 18:00,21113
2014/8/2 18:30,21487
2014/8/2 19:00,22872
2014/8/2 19:30,22995
2014/8/2 20:00,20896
2014/8/2 20:30,21411
2014/8/2 21:00,21273
2014/8/2 21:30,21628
2014/8/2 22:00,21872
2014/8/2 22:30,23457
2014/8/2 23:00,24958
2014/8/2 23:30,24984
2014/8/3 0:00,24613
2014/8/3 0:30,23468
2014/8/3 1:00,22125
2014/8/3 1:30,22220
2014/8/3 2:00,20171
2014/8/3 2:30,17690
2014/8/3 3:00,14908
2014/8/3 3:30,13465
2014/8/3 4:00,11663
2014/8/3 4:30,6997
2014/8/3 5:00,4810
2014/8/3 5:30,3650
2014/8/3 6:00,3561
2014/8/3 6:30,4060
2014/8/3 7:00,4382
2014/8/3 7:30,5741
2014/8/3 8:00,6722
2014/8/3 8:30,7857
2014/8/3 9:00,8424
2014/8/3 9:30,10636
2014/8/3 10:00,11811
2014/8/3 10:30,13776
2014/8/3 11:00,14821
2014/8/3 11:30,16169
2014/8/3 12:00,16715
2014/8/3 12:30,17652
2014/8/3 13:00,17360
2014/8/3 13:30,17167
2014/8/3 14:00,18546
2014/8/3 14:30,17882
2014/8/3 15:00,17268
2014/8/3 15:30,17322
2014/8/3 16:00,16500
2014/8/3 16:30,16446
2014/8/3 17:00,17317
2014/8/3 17:30,18472
2014/8/3 18:00,19503
2014/8/3 18:30,19622
2014/8/3 19:00,18900
2014/8/3 19:30,17188
2014/8/3 20:00,16880
2014/8/3 20:30,17035
2014/8/3 21:00,16790
2014/8/3 21:30,17007
2014/8/3 22:00,15893
2014/8/3 22:30,14672
2014/8/3 23:00,12667
2014/8/3 23:30,10905
2014/8/4 0:00,8882
2014/8/4 0:30,6896
2014/8/4 1:00,5417
2014/8/4 1:30,4245
2014/8/4 2:00,3478
2014/8/4 2:30,2525
2014/8/4 3:00,2288
2014/8/4 3:30,2114
2014/8/4 4:00,2212
2014/8/4 4:30,2303
2014/8/4 5:00,2482
2014/8/4 5:30,4420
2014/8/4 6:00,6426
2014/8/4 6:30,10775
2014/8/4 7:00,12795
2014/8/4 7:30,15762
2014/8/4 8:00,17271
2014/8/4 8:30,18418
2014/8/4 9:00,18214
2014/8/4 9:30,17223
2014/8/4 10:00,15029
2014/8/4 10:30,15614
2014/8/4 11:00,15026
2014/8/4 11:30,16170
2014/8/4 12:00,16111
2014/8/4 12:30,16049
2014/8/4 13:00,16084
2014/8/4 13:30,16640
2014/8/4 14:00,16634
2014/8/4 14:30,17210
2014/8/4 15:00,16546
2014/8/4 15:30,16798
2014/8/4 16:00,15124
2014/8/4 16:30,14870
2014/8/4 17:00,16956
2014/8/4 17:30,18613
2014/8/4 18:00,21126
2014/8/4 18:30,22510
2014/8/4 19:00,22568
2014/8/4 19:30,21668
2014/8/4 20:00,21659
2014/8/4 20:30,21278
2014/8/4 21:00,21346
2014/8/4 21:30,20247
2014/8/4 22:00,19945
2014/8/4 22:30,17601
2014/8/4 23:00,15750
2014/8/4 23:30,12897
2014/8/5 0:00,10385
2014/8/5 0:30,8125
2014/8/5 1:00,6294
2014/8/5 1:30,4485
2014/8/5 2:00,3669
2014/8/5 2:30,3097
2014/8/5 3:00,2484
2014/8/5 3:30,2011
2014/8/5 4:00,2175
2014/8/5 4:30,2108
2014/8/5 5:00,2252
2014/8/5 5:30,4131
2014/8/5 6:00,6599
2014/8/5 6:30,11040
2014/8/5 7:00,13290
2014/8/5 7:30,16754
2014/8/5 8:00,18504
2014/8/5 8:30,19897
2014/8/5 9:00,19208
2014/8/5 9:30,18253
2014/8/5 10:00,16976
2014/8/5 10:30,16888
2014/8/5 11:00,16080
2014/8/5 11:30,17328
2014/8/5 12:00,17901
2014/8/5 12:30,18121
2014/8/5 13:00,17478
2014/8/5 13:30,18616
2014/8/5 14:00,18576
2014/8/5 14:30,18465
2014/8/5 15:00,17373
2014/8/5 15:30,16457
2014/8/5 16:00,14626
2014/8/5 16:30,13466
2014/8/5 17:00,16213
2014/8/5 17:30,18715
2014/8/5 18:00,21356
2014/8/5 18:30,22899
2014/8/5 19:00,23782
2014/8/5 19:30,22778
2014/8/5 20:00,22401
2014/8/5 20:30,22986
2014/8/5 21:00,23340
2014/8/5 21:30,24046
2014/8/5 22:00,22726
2014/8/5 22:30,20819
2014/8/5 23:00,19149
2014/8/5 23:30,16406
2014/8/6 0:00,13399
2014/8/6 0:30,10273
2014/8/6 1:00,7723
2014/8/6 1:30,5860
2014/8/6 2:00,4664
2014/8/6 2:30,3875
2014/8/6 3:00,3057
2014/8/6 3:30,2675
2014/8/6 4:00,2803
2014/8/6 4:30,2364
2014/8/6 5:00,2602
2014/8/6 5:30,4488
2014/8/6 6:00,6944
2014/8/6 6:30,11761
2014/8/6 7:00,14631
2014/8/6 7:30,17455
2014/8/6 8:00,19107
2014/8/6 8:30,19737
2014/8/6 9:00,18707
2014/8/6 9:30,18466
2014/8/6 10:00,16630
2014/8/6 10:30,17291
2014/8/6 11:00,15977
2014/8/6 11:30,17643
2014/8/6 12:00,17959
2014/8/6 12:30,17652
2014/8/6 13:00,17197
2014/8/6 13:30,17949
2014/8/6 14:00,17918
2014/8/6 14:30,17534
2014/8/6 15:00,17350
2014/8/6 15:30,16327
2014/8/6 16:00,14582
2014/8/6 16:30,13374
2014/8/6 17:00,16090
2014/8/6 17:30,18989
2014/8/6 18:00,21429
2014/8/6 18:30,23892
2014/8/6 19:00,24481
2014/8/6 19:30,24197
2014/8/6 20:00,23556
2014/8/6 20:30,23555
2014/8/6 21:00,24355
2014/8/6 21:30,24699
2014/8/6 22:00,23955
2014/8/6 22:30,22754
2014/8/6 23:00,21450
2014/8/6 23:30,18427
2014/8/7 0:00,15411
2014/8/7 0:30,11851
2014/8/7 1:00,9317
2014/8/7 1:30,6973
2014/8/7 2:00,5807
2014/8/7 2:30,4812
2014/8/7 3:00,3738
2014/8/7 3:30,3108
2014/8/7 4:00,3199
2014/8/7 4:30,2642
2014/8/7 5:00,2704
2014/8/7 5:30,4812
2014/8/7 6:00,6873
2014/8/7 6:30,11765
2014/8/7 7:00,13641
2014/8/7 7:30,17052
2014/8/7 8:00,18252
2014/8/7 8:30,19400
2014/8/7 9:00,18455
2014/8/7 9:30,18277
2014/8/7 10:00,16719
2014/8/7 10:30,16764
2014/8/7 11:00,16636
2014/8/7 11:30,18205
2014/8/7 12:00,18034
2014/8/7 12:30,17700
2014/8/7 13:00,16970
2014/8/7 13:30,17983
2014/8/7 14:00,18230
2014/8/7 14:30,18073
2014/8/7 15:00,17471
2014/8/7 15:30,15872
2014/8/7 16:00,13784
2014/8/7 16:30,13341
2014/8/7 17:00,15857
2014/8/7 17:30,18396
2014/8/7 18:00,21500
2014/8/7 18:30,23368
2014/8/7 19:00,24977
2014/8/7 19:30,24747
2014/8/7 20:00,23895
2014/8/7 20:30,24153
2014/8/7 21:00,24778
2014/8/7 21:30,24533
2014/8/7 22:00,24478
2014/8/7 22:30,24253
2014/8/7 23:00,23299
2014/8/7 23:30,22155
2014/8/8 0:00,19329
2014/8/8 0:30,15933
2014/8/8 1:00,13410
2014/8/8 1:30,10614
2014/8/8 2:00,8934
2014/8/8 2:30,7079
2014/8/8 3:00,5803
2014/8/8 3:30,4992
2014/8/8 4:00,4555
2014/8/8 4:30,3601
2014/8/8 5:00,3643
2014/8/8 5:30,4924
2014/8/8 6:00,6649
2014/8/8 6:30,10748
2014/8/8 7:00,12731
2014/8/8 7:30,15178
2014/8/8 8:00,16731
2014/8/8 8:30,18521
2014/8/8 9:00,17924
2014/8/8 9:30,17129
2014/8/8 10:00,15820
2014/8/8 10:30,16405
2014/8/8 11:00,15710
2014/8/8 11:30,16406
2014/8/8 12:00,17040
2014/8/8 12:30,16998
2014/8/8 13:00,16524
2014/8/8 13:30,17157
2014/8/8 14:00,17341
2014/8/8 14:30,17716
2014/8/8 15:00,17135
2014/8/8 15:30,15591
2014/8/8 16:00,13942
2014/8/8 16:30,13215
2014/8/8 17:00,16320
2014/8/8 17:30,19539
2014/8/8 18:00,21553
2014/8/8 18:30,23100
2014/8/8 19:00,24705
2014/8/8 19:30,23913
2014/8/8 20:00,22283
2014/8/8 20:30,22808
2014/8/8 21:00,22239
2014/8/8 21:30,21989
2014/8/8 22:00,22689
2014/8/8 22:30,23756
2014/8/8 23:00,24182
2014/8/8 23:30,24184
2014/8/9 0:00,23849
2014/8/9 0:30,22495
2014/8/9 1:00,20367
2014/8/9 1:30,18368
2014/8/9 2:00,17499
2014/8/9 2:30,15607
2014/8/9 3:00,13502
2014/8/9 3:30,11670
2014/8/9 4:00,9956
2014/8/9 4:30,5950
2014/8/9 5:00,4023
2014/8/9 5:30,3499
2014/8/9 6:00,3663
2014/8/9 6:30,4608
2014/8/9 7:00,5226
2014/8/9 7:30,6154
2014/8/9 8:00,7082
2014/8/9 8:30,8917
2014/8/9 9:00,9965
2014/8/9 9:30,12488
2014/8/9 10:00,12845
2014/8/9 10:30,14960
2014/8/9 11:00,15195
2014/8/9 11:30,16331
2014/8/9 12:00,16385
2014/8/9 12:30,16704
2014/8/9 13:00,17450
2014/8/9 13:30,17458
2014/8/9 14:00,16849
2014/8/9 14:30,16880
2014/8/9 15:00,16951
2014/8/9 15:30,16926
2014/8/9 16:00,16376
2014/8/9 16:30,16454
2014/8/9 17:00,17768
2014/8/9 17:30,19335
2014/8/9 18:00,20035
2014/8/9 18:30,21023
2014/8/9 19:00,21977
2014/8/9 19:30,20987
2014/8/9 20:00,19159
2014/8/9 20:30,19801
2014/8/9 21:00,20361
2014/8/9 21:30,20651
2014/8/9 22:00,20833
2014/8/9 22:30,22467
2014/8/9 23:00,23285
2014/8/9 23:30,23652
2014/8/10 0:00,23701
2014/8/10 0:30,21532
2014/8/10 1:00,20557
2014/8/10 1:30,18415
2014/8/10 2:00,17813
2014/8/10 2:30,16223
2014/8/10 3:00,13777
2014/8/10 3:30,11818
2014/8/10 4:00,10499
2014/8/10 4:30,6180
2014/8/10 5:00,4096
2014/8/10 5:30,3476
2014/8/10 6:00,3259
2014/8/10 6:30,3468
2014/8/10 7:00,3690
2014/8/10 7:30,5047
2014/8/10 8:00,5503
2014/8/10 8:30,6667
2014/8/10 9:00,8014
2014/8/10 9:30,10532
2014/8/10 10:00,11486
2014/8/10 10:30,13733
2014/8/10 11:00,14525
2014/8/10 11:30,15314
2014/8/10 12:00,16013
2014/8/10 12:30,16268
2014/8/10 13:00,16610
2014/8/10 13:30,16496
2014/8/10 14:00,16885
2014/8/10 14:30,16396
2014/8/10 15:00,15796
2014/8/10 15:30,15545
2014/8/10 16:00,15642
2014/8/10 16:30,15531
2014/8/10 17:00,16410
2014/8/10 17:30,17684
2014/8/10 18:00,17992
2014/8/10 18:30,18285
2014/8/10 19:00,17697
2014/8/10 19:30,16452
2014/8/10 20:00,16195
2014/8/10 20:30,16545
2014/8/10 21:00,15989
2014/8/10 21:30,15763
2014/8/10 22:00,14767
2014/8/10 22:30,14157
2014/8/10 23:00,12939
2014/8/10 23:30,11801
2014/8/11 0:00,9595
2014/8/11 0:30,7267
2014/8/11 1:00,5616
2014/8/11 1:30,4253
2014/8/11 2:00,3261
2014/8/11 2:30,2770
2014/8/11 3:00,2240
2014/8/11 3:30,2084
2014/8/11 4:00,2407
2014/8/11 4:30,2262
2014/8/11 5:00,2728
2014/8/11 5:30,4273
2014/8/11 6:00,6194
2014/8/11 6:30,10158
2014/8/11 7:00,12697
2014/8/11 7:30,14281
2014/8/11 8:00,16009
2014/8/11 8:30,17659
2014/8/11 9:00,17250
2014/8/11 9:30,16687
2014/8/11 10:00,14465
2014/8/11 10:30,14373
2014/8/11 11:00,14599
2014/8/11 11:30,15212
2014/8/11 12:00,16026
2014/8/11 12:30,15526
2014/8/11 13:00,15672
2014/8/11 13:30,16419
2014/8/11 14:00,16083
2014/8/11 14:30,16352
2014/8/11 15:00,16535
2014/8/11 15:30,16248
2014/8/11 16:00,14959
2014/8/11 16:30,14201
2014/8/11 17:00,16142
2014/8/11 17:30,18163
2014/8/11 18:00,20715
2014/8/11 18:30,21256
2014/8/11 19:00,21528
2014/8/11 19:30,20720
2014/8/11 20:00,20604
2014/8/11 20:30,19786
2014/8/11 21:00,19471
2014/8/11 21:30,19116
2014/8/11 22:00,18358
2014/8/11 22:30,16440
2014/8/11 23:00,14821
2014/8/11 23:30,12022
2014/8/12 0:00,9701
2014/8/12 0:30,7757
2014/8/12 1:00,6003
2014/8/12 1:30,4648
2014/8/12 2:00,3805
2014/8/12 2:30,3093
2014/8/12 3:00,2487
2014/8/12 3:30,2164
2014/8/12 4:00,2288
2014/8/12 4:30,2083
2014/8/12 5:00,2452
2014/8/12 5:30,4282
2014/8/12 6:00,6142
2014/8/12 6:30,10744
2014/8/12 7:00,13034
2014/8/12 7:30,15724
2014/8/12 8:00,18102
2014/8/12 8:30,19748
2014/8/12 9:00,18510
2014/8/12 9:30,17502
2014/8/12 10:00,15832
2014/8/12 10:30,15940
2014/8/12 11:00,15064
2014/8/12 11:30,16927
2014/8/12 12:00,16871
2014/8/12 12:30,17325
2014/8/12 13:00,16350
2014/8/12 13:30,17244
2014/8/12 14:00,18778
2014/8/12 14:30,19036
2014/8/12 15:00,18549
2014/8/12 15:30,16263
2014/8/12 16:00,13781
2014/8/12 16:30,13197
2014/8/12 17:00,14909
2014/8/12 17:30,18695
2014/8/12 18:00,21494
2014/8/12 18:30,23426
2014/8/12 19:00,25057
2014/8/12 19:30,26062
2014/8/12 20:00,20944
2014/8/12 20:30,20583
2014/8/12 21:00,22343
2014/8/12 21:30,22704
2014/8/12 22:00,20090
2014/8/12 22:30,21338
2014/8/12 23:00,18853
2014/8/12 23:30,14548
2014/8/13 0:00,12933
2014/8/13 0:30,11301
2014/8/13 1:00,8095
2014/8/13 1:30,6266
2014/8/13 2:00,4752
2014/8/13 2:30,3446
2014/8/13 3:00,2793
2014/8/13 3:30,2333
2014/8/13 4:00,2468
2014/8/13 4:30,2059
2014/8/13 5:00,2411
2014/8/13 5:30,4204
2014/8/13 6:00,6516
2014/8/13 6:30,11706
2014/8/13 7:00,14894
2014/8/13 7:30,17894
2014/8/13 8:00,18081
2014/8/13 8:30,19597
2014/8/13 9:00,19047
2014/8/13 9:30,19060
2014/8/13 10:00,17041
2014/8/13 10:30,16354
2014/8/13 11:00,15259
2014/8/13 11:30,16470
2014/8/13 12:00,17146
2014/8/13 12:30,17220
2014/8/13 13:00,16932
2014/8/13 13:30,17515
2014/8/13 14:00,17285
2014/8/13 14:30,17467
2014/8/13 15:00,16869
2014/8/13 15:30,16383
2014/8/13 16:00,14727
2014/8/13 16:30,14059
2014/8/13 17:00,16707
2014/8/13 17:30,20486
2014/8/13 18:00,22207
2014/8/13 18:30,23183
2014/8/13 19:00,24873
2014/8/13 19:30,24028
2014/8/13 20:00,22822
2014/8/13 20:30,22831
2014/8/13 21:00,23148
2014/8/13 21:30,23005
2014/8/13 22:00,23506
2014/8/13 22:30,22493
2014/8/13 23:00,20703
2014/8/13 23:30,18013
2014/8/14 0:00,14505
2014/8/14 0:30,11389
2014/8/14 1:00,8924
2014/8/14 1:30,7135
2014/8/14 2:00,5649
2014/8/14 2:30,4544
2014/8/14 3:00,3542
2014/8/14 3:30,3086
2014/8/14 4:00,3091
2014/8/14 4:30,2590
2014/8/14 5:00,2706
2014/8/14 5:30,4336
2014/8/14 6:00,6237
2014/8/14 6:30,10724
2014/8/14 7:00,13183
2014/8/14 7:30,15723
2014/8/14 8:00,17752
2014/8/14 8:30,19645
2014/8/14 9:00,18448
2014/8/14 9:30,17796
2014/8/14 10:00,16361
2014/8/14 10:30,16636
2014/8/14 11:00,15606
2014/8/14 11:30,17003
2014/8/14 12:00,17538
2014/8/14 12:30,16979
2014/8/14 13:00,16844
2014/8/14 13:30,17372
2014/8/14 14:00,17667
2014/8/14 14:30,17859
2014/8/14 15:00,17357
2014/8/14 15:30,16100
2014/8/14 16:00,14347
2014/8/14 16:30,13630
2014/8/14 17:00,16197
2014/8/14 17:30,18210
2014/8/14 18:00,21282
2014/8/14 18:30,22623
2014/8/14 19:00,24035
2014/8/14 19:30,24056
2014/8/14 20:00,23987
2014/8/14 20:30,24289
2014/8/14 21:00,24134
2014/8/14 21:30,24141
2014/8/14 22:00,24661
2014/8/14 22:30,24114
2014/8/14 23:00,23611
2014/8/14 23:30,21287
2014/8/15 0:00,19491
2014/8/15 0:30,16128
2014/8/15 1:00,13044
2014/8/15 1:30,9984
2014/8/15 2:00,8526
2014/8/15 2:30,7009
2014/8/15 3:00,5525
2014/8/15 3:30,4688
2014/8/15 4:00,4665
2014/8/15 4:30,3542
2014/8/15 5:00,3163
2014/8/15 5:30,4547
2014/8/15 6:00,6346
2014/8/15 6:30,10699
2014/8/15 7:00,12050
2014/8/15 7:30,14555
2014/8/15 8:00,16322
2014/8/15 8:30,18762
2014/8/15 9:00,18321
2014/8/15 9:30,17235
2014/8/15 10:00,15496
2014/8/15 10:30,15859
2014/8/15 11:00,15559
2014/8/15 11:30,16873
2014/8/15 12:00,17350
2014/8/15 12:30,16611
2014/8/15 13:00,16543
2014/8/15 13:30,16753
2014/8/15 14:00,17552
2014/8/15 14:30,17361
2014/8/15 15:00,16508
2014/8/15 15:30,15776
2014/8/15 16:00,14232
2014/8/15 16:30,13784
2014/8/15 17:00,16867
2014/8/15 17:30,19906
2014/8/15 18:00,21668
2014/8/15 18:30,23098
2014/8/15 19:00,24319
2014/8/15 19:30,23800
2014/8/15 20:00,22649
2014/8/15 20:30,23190
2014/8/15 21:00,22209
2014/8/15 21:30,22105
2014/8/15 22:00,23041
2014/8/15 22:30,23974
2014/8/15 23:00,24057
2014/8/15 23:30,23997
2014/8/16 0:00,23174
2014/8/16 0:30,21534
2014/8/16 1:00,20240
2014/8/16 1:30,18434
2014/8/16 2:00,17382
2014/8/16 2:30,14870
2014/8/16 3:00,12921
2014/8/16 3:30,11258
2014/8/16 4:00,9869
2014/8/16 4:30,6061
2014/8/16 5:00,4150
2014/8/16 5:30,3688
2014/8/16 6:00,3811
2014/8/16 6:30,4938
2014/8/16 7:00,5248
2014/8/16 7:30,6972
2014/8/16 8:00,7885
2014/8/16 8:30,9526
2014/8/16 9:00,10750
2014/8/16 9:30,12899
2014/8/16 10:00,12950
2014/8/16 10:30,14145
2014/8/16 11:00,14724
2014/8/16 11:30,15667
2014/8/16 12:00,16016
2014/8/16 12:30,16245
2014/8/16 13:00,17156
2014/8/16 13:30,17194
2014/8/16 14:00,16993
2014/8/16 14:30,17286
2014/8/16 15:00,17109
2014/8/16 15:30,17115
2014/8/16 16:00,16437
2014/8/16 16:30,15986
2014/8/16 17:00,17735
2014/8/16 17:30,19247
2014/8/16 18:00,20555
2014/8/16 18:30,21424
2014/8/16 19:00,22252
2014/8/16 19:30,21379
2014/8/16 20:00,20043
2014/8/16 20:30,19941
2014/8/16 21:00,19947
2014/8/16 21:30,20601
2014/8/16 22:00,21109
2014/8/16 22:30,22185
2014/8/16 23:00,22255
2014/8/16 23:30,23286
2014/8/17 0:00,23263
2014/8/17 0:30,22356
2014/8/17 1:00,20247
2014/8/17 1:30,19261
2014/8/17 2:00,18335
2014/8/17 2:30,15881
2014/8/17 3:00,14076
2014/8/17 3:30,12215
2014/8/17 4:00,10492
2014/8/17 4:30,6297
2014/8/17 5:00,4328
2014/8/17 5:30,3426
2014/8/17 6:00,3367
2014/8/17 6:30,3930
2014/8/17 7:00,3834
2014/8/17 7:30,5166
2014/8/17 8:00,6704
2014/8/17 8:30,8252
2014/8/17 9:00,8872
2014/8/17 9:30,10157
2014/8/17 10:00,11490
2014/8/17 10:30,13701
2014/8/17 11:00,14623
2014/8/17 11:30,15373
2014/8/17 12:00,15798
2014/8/17 12:30,16478
2014/8/17 13:00,16986
2014/8/17 13:30,16375
2014/8/17 14:00,17545
2014/8/17 14:30,17532
2014/8/17 15:00,16751
2014/8/17 15:30,16425
2014/8/17 16:00,16231
2014/8/17 16:30,16257
2014/8/17 17:00,16875
2014/8/17 17:30,18041
2014/8/17 18:00,18055
2014/8/17 18:30,18276
2014/8/17 19:00,18030
2014/8/17 19:30,17081
2014/8/17 20:00,16006
2014/8/17 20:30,16544
2014/8/17 21:00,16394
2014/8/17 21:30,16467
2014/8/17 22:00,15480
2014/8/17 22:30,14150
2014/8/17 23:00,12599
2014/8/17 23:30,11942
2014/8/18 0:00,9875
2014/8/18 0:30,7581
2014/8/18 1:00,5815
2014/8/18 1:30,4164
2014/8/18 2:00,3757
2014/8/18 2:30,2863
2014/8/18 3:00,2372
2014/8/18 3:30,1951
2014/8/18 4:00,2353
2014/8/18 4:30,2332
2014/8/18 5:00,2702
2014/8/18 5:30,4271
2014/8/18 6:00,6107
2014/8/18 6:30,10069
2014/8/18 7:00,11882
2014/8/18 7:30,14095
2014/8/18 8:00,15597
2014/8/18 8:30,18046
2014/8/18 9:00,17168
2014/8/18 9:30,16333
2014/8/18 10:00,14794
2014/8/18 10:30,14653
2014/8/18 11:00,14058
2014/8/18 11:30,15162
2014/8/18 12:00,15013
2014/8/18 12:30,15376
2014/8/18 13:00,14922
2014/8/18 13:30,16122
2014/8/18 14:00,16229
2014/8/18 14:30,16481
2014/8/18 15:00,16424
2014/8/18 15:30,15719
2014/8/18 16:00,15087
2014/8/18 16:30,14465
2014/8/18 17:00,16588
2014/8/18 17:30,17923
2014/8/18 18:00,20054
2014/8/18 18:30,21402
2014/8/18 19:00,21523
2014/8/18 19:30,20447
2014/8/18 20:00,20431
2014/8/18 20:30,19708
2014/8/18 21:00,19821
2014/8/18 21:30,19291
2014/8/18 22:00,18093
2014/8/18 22:30,16177
2014/8/18 23:00,14282
2014/8/18 23:30,11852
2014/8/19 0:00,9601
2014/8/19 0:30,7532
2014/8/19 1:00,5866
2014/8/19 1:30,4515
2014/8/19 2:00,3787
2014/8/19 2:30,2947
2014/8/19 3:00,2237
2014/8/19 3:30,2022
2014/8/19 4:00,2313
2014/8/19 4:30,1932
2014/8/19 5:00,2200
2014/8/19 5:30,4019
2014/8/19 6:00,5928
2014/8/19 6:30,9987
2014/8/19 7:00,12094
2014/8/19 7:30,14716
2014/8/19 8:00,16670
2014/8/19 8:30,18950
2014/8/19 9:00,17964
2014/8/19 9:30,17783
2014/8/19 10:00,15966
2014/8/19 10:30,15946
2014/8/19 11:00,15205
2014/8/19 11:30,16175
2014/8/19 12:00,16790
2014/8/19 12:30,17284
2014/8/19 13:00,16153
2014/8/19 13:30,17673
2014/8/19 14:00,18157
2014/8/19 14:30,17858
2014/8/19 15:00,17087
2014/8/19 15:30,16385
2014/8/19 16:00,15063
2014/8/19 16:30,13909
2014/8/19 17:00,16462
2014/8/19 17:30,18855
2014/8/19 18:00,21606
2014/8/19 18:30,22910
2014/8/19 19:00,23691
2014/8/19 19:30,22752
2014/8/19 20:00,22414
2014/8/19 20:30,21896
2014/8/19 21:00,21887
2014/8/19 21:30,21845
2014/8/19 22:00,21436
2014/8/19 22:30,19787
2014/8/19 23:00,18369
2014/8/19 23:30,15132
2014/8/20 0:00,12168
2014/8/20 0:30,9288
2014/8/20 1:00,7465
2014/8/20 1:30,5656
2014/8/20 2:00,4693
2014/8/20 2:30,3694
2014/8/20 3:00,3027
2014/8/20 3:30,2587
2014/8/20 4:00,2733
2014/8/20 4:30,2216
2014/8/20 5:00,2289
2014/8/20 5:30,3937
2014/8/20 6:00,5718
2014/8/20 6:30,10053
2014/8/20 7:00,12154
2014/8/20 7:30,15289
2014/8/20 8:00,17424
2014/8/20 8:30,19403
2014/8/20 9:00,18488
2014/8/20 9:30,17881
2014/8/20 10:00,16397
2014/8/20 10:30,16319
2014/8/20 11:00,15923
2014/8/20 11:30,17200
2014/8/20 12:00,17140
2014/8/20 12:30,17422
2014/8/20 13:00,17393
2014/8/20 13:30,17612
2014/8/20 14:00,17475
2014/8/20 14:30,17685
2014/8/20 15:00,16765
2014/8/20 15:30,15701
2014/8/20 16:00,14276
2014/8/20 16:30,13715
2014/8/20 17:00,15577
2014/8/20 17:30,18831
2014/8/20 18:00,21971
2014/8/20 18:30,23814
2014/8/20 19:00,24147
2014/8/20 19:30,23300
2014/8/20 20:00,23237
2014/8/20 20:30,23018
2014/8/20 21:00,22814
2014/8/20 21:30,22716
2014/8/20 22:00,22838
2014/8/20 22:30,21546
2014/8/20 23:00,19205
2014/8/20 23:30,17041
2014/8/21 0:00,14569
2014/8/21 0:30,11396
2014/8/21 1:00,8719
2014/8/21 1:30,6717
2014/8/21 2:00,5410
2014/8/21 2:30,4458
2014/8/21 3:00,3703
2014/8/21 3:30,3166
2014/8/21 4:00,3256
2014/8/21 4:30,2805
2014/8/21 5:00,3067
2014/8/21 5:30,4424
2014/8/21 6:00,6076
2014/8/21 6:30,10251
2014/8/21 7:00,12400
2014/8/21 7:30,15229
2014/8/21 8:00,17252
2014/8/21 8:30,19332
2014/8/21 9:00,18249
2014/8/21 9:30,18059
2014/8/21 10:00,15889
2014/8/21 10:30,16234
2014/8/21 11:00,15730
2014/8/21 11:30,16578
2014/8/21 12:00,17363
2014/8/21 12:30,16708
2014/8/21 13:00,16809
2014/8/21 13:30,17193
2014/8/21 14:00,18105
2014/8/21 14:30,19035
2014/8/21 15:00,17230
2014/8/21 15:30,15928
2014/8/21 16:00,14180
2014/8/21 16:30,13252
2014/8/21 17:00,15256
2014/8/21 17:30,17773
2014/8/21 18:00,21104
2014/8/21 18:30,23557
2014/8/21 19:00,24797
2014/8/21 19:30,24794
2014/8/21 20:00,24154
2014/8/21 20:30,24501
2014/8/21 21:00,24042
2014/8/21 21:30,24125
2014/8/21 22:00,23970
2014/8/21 22:30,25949
2014/8/21 23:00,25094
2014/8/21 23:30,23295
2014/8/22 0:00,20552
2014/8/22 0:30,16266
2014/8/22 1:00,13365
2014/8/22 1:30,10287
2014/8/22 2:00,7901
2014/8/22 2:30,6235
2014/8/22 3:00,4869
2014/8/22 3:30,3995
2014/8/22 4:00,3734
2014/8/22 4:30,3190
2014/8/22 5:00,2878
2014/8/22 5:30,4020
2014/8/22 6:00,6062
2014/8/22 6:30,9502
2014/8/22 7:00,11446
2014/8/22 7:30,13665
2014/8/22 8:00,15257
2014/8/22 8:30,17391
2014/8/22 9:00,16922
2014/8/22 9:30,16227
2014/8/22 10:00,15185
2014/8/22 10:30,15390
2014/8/22 11:00,14725
2014/8/22 11:30,15415
2014/8/22 12:00,15729
2014/8/22 12:30,16131
2014/8/22 13:00,16058
2014/8/22 13:30,16015
2014/8/22 14:00,16749
2014/8/22 14:30,16857
2014/8/22 15:00,16588
2014/8/22 15:30,15430
2014/8/22 16:00,14186
2014/8/22 16:30,13756
2014/8/22 17:00,15596
2014/8/22 17:30,17743
2014/8/22 18:00,19439
2014/8/22 18:30,21047
2014/8/22 19:00,22647
2014/8/22 19:30,21734
2014/8/22 20:00,21394
2014/8/22 20:30,20208
2014/8/22 21:00,20329
2014/8/22 21:30,20221
2014/8/22 22:00,20945
2014/8/22 22:30,22327
2014/8/22 23:00,22765
2014/8/22 23:30,22852
2014/8/23 0:00,22726
2014/8/23 0:30,21079
2014/8/23 1:00,19166
2014/8/23 1:30,17719
2014/8/23 2:00,16471
2014/8/23 2:30,14158
2014/8/23 3:00,12730
2014/8/23 3:30,10984
2014/8/23 4:00,9409
2014/8/23 4:30,5667
2014/8/23 5:00,3879
2014/8/23 5:30,3398
2014/8/23 6:00,3683
2014/8/23 6:30,4437
2014/8/23 7:00,4732
2014/8/23 7:30,6130
2014/8/23 8:00,6492
2014/8/23 8:30,8397
2014/8/23 9:00,9673
2014/8/23 9:30,11493
2014/8/23 10:00,11723
2014/8/23 10:30,14060
2014/8/23 11:00,14204
2014/8/23 11:30,15542
2014/8/23 12:00,15446
2014/8/23 12:30,15993
2014/8/23 13:00,16206
2014/8/23 13:30,16531
2014/8/23 14:00,15717
2014/8/23 14:30,15964
2014/8/23 15:00,15868
2014/8/23 15:30,16012
2014/8/23 16:00,16200
2014/8/23 16:30,15778
2014/8/23 17:00,16268
2014/8/23 17:30,18160
2014/8/23 18:00,19155
2014/8/23 18:30,20365
2014/8/23 19:00,21278
2014/8/23 19:30,20466
2014/8/23 20:00,20057
2014/8/23 20:30,23457
2014/8/23 21:00,18798
2014/8/23 21:30,19387
2014/8/23 22:00,19998
2014/8/23 22:30,21426
2014/8/23 23:00,22449
2014/8/23 23:30,22640
2014/8/24 0:00,22666
2014/8/24 0:30,21430
2014/8/24 1:00,20015
2014/8/24 1:30,18791
2014/8/24 2:00,17683
2014/8/24 2:30,15830
2014/8/24 3:00,13862
2014/8/24 3:30,11961
2014/8/24 4:00,10153
2014/8/24 4:30,6051
2014/8/24 5:00,3848
2014/8/24 5:30,2948
2014/8/24 6:00,3143
2014/8/24 6:30,3505
2014/8/24 7:00,3812
2014/8/24 7:30,4939
2014/8/24 8:00,5442
2014/8/24 8:30,6630
2014/8/24 9:00,7744
2014/8/24 9:30,10198
2014/8/24 10:00,11041
2014/8/24 10:30,13200
2014/8/24 11:00,14107
2014/8/24 11:30,15069
2014/8/24 12:00,15638
2014/8/24 12:30,15464
2014/8/24 13:00,15901
2014/8/24 13:30,16001
2014/8/24 14:00,16492
2014/8/24 14:30,16166
2014/8/24 15:00,15531
2014/8/24 15:30,15655
2014/8/24 16:00,15040
2014/8/24 16:30,15083
2014/8/24 17:00,16229
2014/8/24 17:30,17409
2014/8/24 18:00,17288
2014/8/24 18:30,17242
2014/8/24 19:00,17129
2014/8/24 19:30,16103
2014/8/24 20:00,16485
2014/8/24 20:30,16190
2014/8/24 21:00,15500
2014/8/24 21:30,15128
2014/8/24 22:00,14489
2014/8/24 22:30,13947
2014/8/24 23:00,12525
2014/8/24 23:30,11899
2014/8/25 0:00,9192
2014/8/25 0:30,6886
2014/8/25 1:00,4888
2014/8/25 1:30,4138
2014/8/25 2:00,3366
2014/8/25 2:30,2698
2014/8/25 3:00,2290
2014/8/25 3:30,2009
2014/8/25 4:00,2265
2014/8/25 4:30,2213
2014/8/25 5:00,2450
2014/8/25 5:30,3829
2014/8/25 6:00,5933
2014/8/25 6:30,9356
2014/8/25 7:00,11482
2014/8/25 7:30,13178
2014/8/25 8:00,14803
2014/8/25 8:30,16826
2014/8/25 9:00,16649
2014/8/25 9:30,15422
2014/8/25 10:00,13996
2014/8/25 10:30,13682
2014/8/25 11:00,13297
2014/8/25 11:30,14284
2014/8/25 12:00,14435
2014/8/25 12:30,14612
2014/8/25 13:00,14814
2014/8/25 13:30,15398
2014/8/25 14:00,15511
2014/8/25 14:30,15828
2014/8/25 15:00,15396
2014/8/25 15:30,15109
2014/8/25 16:00,14787
2014/8/25 16:30,14532
2014/8/25 17:00,16387
2014/8/25 17:30,18242
2014/8/25 18:00,19715
2014/8/25 18:30,20288
2014/8/25 19:00,20761
2014/8/25 19:30,19466
2014/8/25 20:00,19670
2014/8/25 20:30,18802
2014/8/25 21:00,18709
2014/8/25 21:30,17186
2014/8/25 22:00,16500
2014/8/25 22:30,15616
2014/8/25 23:00,13902
2014/8/25 23:30,11077
2014/8/26 0:00,9618
2014/8/26 0:30,7193
2014/8/26 1:00,5665
2014/8/26 1:30,4149
2014/8/26 2:00,3502
2014/8/26 2:30,2634
2014/8/26 3:00,2100
2014/8/26 3:30,1985
2014/8/26 4:00,2053
2014/8/26 4:30,1841
2014/8/26 5:00,1909
2014/8/26 5:30,3547
2014/8/26 6:00,5829
2014/8/26 6:30,9599
2014/8/26 7:00,11323
2014/8/26 7:30,13923
2014/8/26 8:00,16029
2014/8/26 8:30,18308
2014/8/26 9:00,17153
2014/8/26 9:30,16723
2014/8/26 10:00,15360
2014/8/26 10:30,16066
2014/8/26 11:00,14643
2014/8/26 11:30,15960
2014/8/26 12:00,16351
2014/8/26 12:30,16173
2014/8/26 13:00,15659
2014/8/26 13:30,17346
2014/8/26 14:00,17145
2014/8/26 14:30,16896
2014/8/26 15:00,16746
2014/8/26 15:30,15797
2014/8/26 16:00,14202
2014/8/26 16:30,14083
2014/8/26 17:00,16074
2014/8/26 17:30,18329
2014/8/26 18:00,20961
2014/8/26 18:30,22545
2014/8/26 19:00,22067
2014/8/26 19:30,21416
2014/8/26 20:00,21484
2014/8/26 20:30,20731
2014/8/26 21:00,20969
2014/8/26 21:30,20820
2014/8/26 22:00,19650
2014/8/26 22:30,18240
2014/8/26 23:00,17133
2014/8/26 23:30,14907
2014/8/27 0:00,11703
2014/8/27 0:30,8521
2014/8/27 1:00,6962
2014/8/27 1:30,5451
2014/8/27 2:00,4439
2014/8/27 2:30,3436
2014/8/27 3:00,2741
2014/8/27 3:30,2311
2014/8/27 4:00,2532
2014/8/27 4:30,2066
2014/8/27 5:00,2111
2014/8/27 5:30,3623
2014/8/27 6:00,5719
2014/8/27 6:30,9376
2014/8/27 7:00,11971
2014/8/27 7:30,14673
2014/8/27 8:00,16545
2014/8/27 8:30,18678
2014/8/27 9:00,17655
2014/8/27 9:30,17485
2014/8/27 10:00,15834
2014/8/27 10:30,15703
2014/8/27 11:00,15816
2014/8/27 11:30,16870
2014/8/27 12:00,17123
2014/8/27 12:30,16841
2014/8/27 13:00,16700
2014/8/27 13:30,17722
2014/8/27 14:00,17849
2014/8/27 14:30,18221
2014/8/27 15:00,17208
2014/8/27 15:30,16318
2014/8/27 16:00,14910
2014/8/27 16:30,14145
2014/8/27 17:00,16330
2014/8/27 17:30,19328
2014/8/27 18:00,21226
2014/8/27 18:30,23109
2014/8/27 19:00,24206
2014/8/27 19:30,23297
2014/8/27 20:00,23493
2014/8/27 20:30,22794
2014/8/27 21:00,22502
2014/8/27 21:30,22337
2014/8/27 22:00,24446
2014/8/27 22:30,20929
2014/8/27 23:00,17937
2014/8/27 23:30,16036
2014/8/28 0:00,13547
2014/8/28 0:30,10363
2014/8/28 1:00,8553
2014/8/28 1:30,6457
2014/8/28 2:00,5248
2014/8/28 2:30,3879
2014/8/28 3:00,3173
2014/8/28 3:30,2653
2014/8/28 4:00,2858
2014/8/28 4:30,2244
2014/8/28 5:00,2312
2014/8/28 5:30,3859
2014/8/28 6:00,5772
2014/8/28 6:30,9391
2014/8/28 7:00,11375
2014/8/28 7:30,14319
2014/8/28 8:00,16103
2014/8/28 8:30,18835
2014/8/28 9:00,17891
2014/8/28 9:30,17000
2014/8/28 10:00,15534
2014/8/28 10:30,15916
2014/8/28 11:00,15153
2014/8/28 11:30,16440
2014/8/28 12:00,16424
2014/8/28 12:30,16093
2014/8/28 13:00,16178
2014/8/28 13:30,17050
2014/8/28 14:00,16795
2014/8/28 14:30,17547
2014/8/28 15:00,16769
2014/8/28 15:30,15701
2014/8/28 16:00,14067
2014/8/28 16:30,13534
2014/8/28 17:00,15939
2014/8/28 17:30,18560
2014/8/28 18:00,21029
2014/8/28 18:30,22181
2014/8/28 19:00,22860
2014/8/28 19:30,22742
2014/8/28 20:00,22569
2014/8/28 20:30,22184
2014/8/28 21:00,21926
2014/8/28 21:30,22510
2014/8/28 22:00,22350
2014/8/28 22:30,21756
2014/8/28 23:00,20994
2014/8/28 23:30,19084
2014/8/29 0:00,16702
2014/8/29 0:30,13985
2014/8/29 1:00,11632
2014/8/29 1:30,9900
2014/8/29 2:00,8443
2014/8/29 2:30,6546
2014/8/29 3:00,5270
2014/8/29 3:30,4521
2014/8/29 4:00,4369
2014/8/29 4:30,3409
2014/8/29 5:00,2967
2014/8/29 5:30,4444
2014/8/29 6:00,5712
2014/8/29 6:30,9008
2014/8/29 7:00,10312
2014/8/29 7:30,12809
2014/8/29 8:00,13491
2014/8/29 8:30,16417
2014/8/29 9:00,15906
2014/8/29 9:30,15249
2014/8/29 10:00,14367
2014/8/29 10:30,14667
2014/8/29 11:00,14738
2014/8/29 11:30,16134
2014/8/29 12:00,16343
2014/8/29 12:30,15908
2014/8/29 13:00,16700
2014/8/29 13:30,16712
2014/8/29 14:00,17394
2014/8/29 14:30,17680
2014/8/29 15:00,17495
2014/8/29 15:30,15984
2014/8/29 16:00,14946
2014/8/29 16:30,14572
2014/8/29 17:00,16880
2014/8/29 17:30,19398
2014/8/29 18:00,20797
2014/8/29 18:30,21449
2014/8/29 19:00,22077
2014/8/29 19:30,21483
2014/8/29 20:00,20415
2014/8/29 20:30,20436
2014/8/29 21:00,19315
2014/8/29 21:30,19328
2014/8/29 22:00,19660
2014/8/29 22:30,21469
2014/8/29 23:00,20853
2014/8/29 23:30,21452
2014/8/30 0:00,20564
2014/8/30 0:30,19267
2014/8/30 1:00,17439
2014/8/30 1:30,14848
2014/8/30 2:00,13900
2014/8/30 2:30,12731
2014/8/30 3:00,10776
2014/8/30 3:30,9550
2014/8/30 4:00,8605
2014/8/30 4:30,5547
2014/8/30 5:00,3605
2014/8/30 5:30,3238
2014/8/30 6:00,3520
2014/8/30 6:30,4315
2014/8/30 7:00,5116
2014/8/30 7:30,5918
2014/8/30 8:00,6383
2014/8/30 8:30,8259
2014/8/30 9:00,9430
2014/8/30 9:30,11656
2014/8/30 10:00,11833
2014/8/30 10:30,13393
2014/8/30 11:00,13778
2014/8/30 11:30,15204
2014/8/30 12:00,15367
2014/8/30 12:30,15775
2014/8/30 13:00,16045
2014/8/30 13:30,16499
2014/8/30 14:00,16113
2014/8/30 14:30,16651
2014/8/30 15:00,16507
2014/8/30 15:30,16868
2014/8/30 16:00,15594
2014/8/30 16:30,16037
2014/8/30 17:00,16973
2014/8/30 17:30,18390
2014/8/30 18:00,18681
2014/8/30 18:30,19196
2014/8/30 19:00,19744
2014/8/30 19:30,19564
2014/8/30 20:00,17522
2014/8/30 20:30,17731
2014/8/30 21:00,17364
2014/8/30 21:30,17483
2014/8/30 22:00,18037
2014/8/30 22:30,19559
2014/8/30 23:00,19421
2014/8/30 23:30,19857
2014/8/31 0:00,19205
2014/8/31 0:30,18139
2014/8/31 1:00,16686
2014/8/31 1:30,14841
2014/8/31 2:00,14018
2014/8/31 2:30,12187
2014/8/31 3:00,10536
2014/8/31 3:30,9591
2014/8/31 4:00,8665
2014/8/31 4:30,5317
2014/8/31 5:00,3597
2014/8/31 5:30,2783
2014/8/31 6:00,2587
2014/8/31 6:30,2914
2014/8/31 7:00,3167
2014/8/31 7:30,4212
2014/8/31 8:00,4502
2014/8/31 8:30,5730
2014/8/31 9:00,7102
2014/8/31 9:30,9054
2014/8/31 10:00,10152
2014/8/31 10:30,13059
2014/8/31 11:00,13923
2014/8/31 11:30,14755
2014/8/31 12:00,15186
2014/8/31 12:30,16404
2014/8/31 13:00,16652
2014/8/31 13:30,17446
2014/8/31 14:00,17493
2014/8/31 14:30,17264
2014/8/31 15:00,16546
2014/8/31 15:30,17090
2014/8/31 16:00,17297
2014/8/31 16:30,16546
2014/8/31 17:00,16474
2014/8/31 17:30,16959
2014/8/31 18:00,16567
2014/8/31 18:30,17590
2014/8/31 19:00,17053
2014/8/31 19:30,16561
2014/8/31 20:00,16870
2014/8/31 20:30,16514
2014/8/31 21:00,15871
2014/8/31 21:30,15529
2014/8/31 22:00,15049
2014/8/31 22:30,15675
2014/8/31 23:00,15673
2014/8/31 23:30,15524
2014/9/1 0:00,14618
2014/9/1 0:30,12908
2014/9/1 1:00,10842
2014/9/1 1:30,9248
2014/9/1 2:00,8588
2014/9/1 2:30,7631
2014/9/1 3:00,6519
2014/9/1 3:30,5657
2014/9/1 4:00,5214
2014/9/1 4:30,3827
2014/9/1 5:00,2939
2014/9/1 5:30,2872
2014/9/1 6:00,2994
2014/9/1 6:30,3708
2014/9/1 7:00,3547
2014/9/1 7:30,4761
2014/9/1 8:00,5038
2014/9/1 8:30,5875
2014/9/1 9:00,6910
2014/9/1 9:30,8800
2014/9/1 10:00,9782
2014/9/1 10:30,11506
2014/9/1 11:00,12291
2014/9/1 11:30,13600
2014/9/1 12:00,14040
2014/9/1 12:30,15063
2014/9/1 13:00,15073
2014/9/1 13:30,15834
2014/9/1 14:00,16567
2014/9/1 14:30,16955
2014/9/1 15:00,17408
2014/9/1 15:30,16857
2014/9/1 16:00,16002
2014/9/1 16:30,15826
2014/9/1 17:00,16961
2014/9/1 17:30,17779
2014/9/1 18:00,17578
2014/9/1 18:30,17777
2014/9/1 19:00,17764
2014/9/1 19:30,17130
2014/9/1 20:00,16641
2014/9/1 20:30,16884
2014/9/1 21:00,15068
2014/9/1 21:30,15557
2014/9/1 22:00,13766
2014/9/1 22:30,13377
2014/9/1 23:00,11025
2014/9/1 23:30,9707
2014/9/2 0:00,8043
2014/9/2 0:30,5630
2014/9/2 1:00,4347
2014/9/2 1:30,3606
2014/9/2 2:00,2588
2014/9/2 2:30,1969
2014/9/2 3:00,1876
2014/9/2 3:30,1431
2014/9/2 4:00,1752
2014/9/2 4:30,2044
2014/9/2 5:00,2447
2014/9/2 5:30,4617
2014/9/2 6:00,6988
2014/9/2 6:30,11616
2014/9/2 7:00,14774
2014/9/2 7:30,17823
2014/9/2 8:00,18623
2014/9/2 8:30,18814
2014/9/2 9:00,19221
2014/9/2 9:30,18627
2014/9/2 10:00,16650
2014/9/2 10:30,17378
2014/9/2 11:00,16414
2014/9/2 11:30,17230
2014/9/2 12:00,17557
2014/9/2 12:30,18262
2014/9/2 13:00,17698
2014/9/2 13:30,18863
2014/9/2 14:00,18234
2014/9/2 14:30,18514
2014/9/2 15:00,18364
2014/9/2 15:30,17952
2014/9/2 16:00,15781
2014/9/2 16:30,14487
2014/9/2 17:00,16062
2014/9/2 17:30,18952
2014/9/2 18:00,21395
2014/9/2 18:30,23040
2014/9/2 19:00,22890
2014/9/2 19:30,22306
2014/9/2 20:00,21704
2014/9/2 20:30,20543
2014/9/2 21:00,19896
2014/9/2 21:30,19857
2014/9/2 22:00,17841
2014/9/2 22:30,16192
2014/9/2 23:00,14116
2014/9/2 23:30,12865
2014/9/3 0:00,10465
2014/9/3 0:30,8215
2014/9/3 1:00,6481
2014/9/3 1:30,4265
2014/9/3 2:00,3434
2014/9/3 2:30,2726
2014/9/3 3:00,2358
2014/9/3 3:30,2019
2014/9/3 4:00,2137
2014/9/3 4:30,1903
2014/9/3 5:00,2252
2014/9/3 5:30,4206
2014/9/3 6:00,6545
2014/9/3 6:30,11780
2014/9/3 7:00,14707
2014/9/3 7:30,18624
2014/9/3 8:00,19178
2014/9/3 8:30,20265
2014/9/3 9:00,19277
2014/9/3 9:30,19042
2014/9/3 10:00,18108
2014/9/3 10:30,18275
2014/9/3 11:00,17300
2014/9/3 11:30,18631
2014/9/3 12:00,18582
2014/9/3 12:30,18037
2014/9/3 13:00,17899
2014/9/3 13:30,18984
2014/9/3 14:00,18491
2014/9/3 14:30,19072
2014/9/3 15:00,18693
2014/9/3 15:30,17268
2014/9/3 16:00,15918
2014/9/3 16:30,14478
2014/9/3 17:00,16540
2014/9/3 17:30,19765
2014/9/3 18:00,22526
2014/9/3 18:30,23454
2014/9/3 19:00,24380
2014/9/3 19:30,24477
2014/9/3 20:00,24234
2014/9/3 20:30,23319
2014/9/3 21:00,23387
2014/9/3 21:30,22963
2014/9/3 22:00,22006
2014/9/3 22:30,20301
2014/9/3 23:00,18259
2014/9/3 23:30,15608
2014/9/4 0:00,12990
2014/9/4 0:30,10273
2014/9/4 1:00,8434
2014/9/4 1:30,6378
2014/9/4 2:00,5549
2014/9/4 2:30,4131
2014/9/4 3:00,3241
2014/9/4 3:30,2410
2014/9/4 4:00,2804
2014/9/4 4:30,2320
2014/9/4 5:00,2431
2014/9/4 5:30,4222
2014/9/4 6:00,6633
2014/9/4 6:30,12006
2014/9/4 7:00,15589
2014/9/4 7:30,20359
2014/9/4 8:00,20593
2014/9/4 8:30,19590
2014/9/4 9:00,19637
2014/9/4 9:30,19026
2014/9/4 10:00,18629
2014/9/4 10:30,18568
2014/9/4 11:00,18041
2014/9/4 11:30,18695
2014/9/4 12:00,19692
2014/9/4 12:30,19173
2014/9/4 13:00,17824
2014/9/4 13:30,19684
2014/9/4 14:00,20139
2014/9/4 14:30,20320
2014/9/4 15:00,19468
2014/9/4 15:30,17391
2014/9/4 16:00,15218
2014/9/4 16:30,13649
2014/9/4 17:00,16052
2014/9/4 17:30,18987
2014/9/4 18:00,21967
2014/9/4 18:30,24107
2014/9/4 19:00,25260
2014/9/4 19:30,25638
2014/9/4 20:00,26045
2014/9/4 20:30,25045
2014/9/4 21:00,24846
2014/9/4 21:30,24703
2014/9/4 22:00,24863
2014/9/4 22:30,23610
2014/9/4 23:00,21637
2014/9/4 23:30,21643
2014/9/5 0:00,18962
2014/9/5 0:30,15475
2014/9/5 1:00,11955
2014/9/5 1:30,9339
2014/9/5 2:00,7967
2014/9/5 2:30,6372
2014/9/5 3:00,5132
2014/9/5 3:30,4357
2014/9/5 4:00,4305
2014/9/5 4:30,3195
2014/9/5 5:00,2878
2014/9/5 5:30,4762
2014/9/5 6:00,7294
2014/9/5 6:30,12886
2014/9/5 7:00,15820
2014/9/5 7:30,19874
2014/9/5 8:00,20367
2014/9/5 8:30,20091
2014/9/5 9:00,19600
2014/9/5 9:30,19283
2014/9/5 10:00,18413
2014/9/5 10:30,18745
2014/9/5 11:00,17998
2014/9/5 11:30,19325
2014/9/5 12:00,19004
2014/9/5 12:30,18450
2014/9/5 13:00,18029
2014/9/5 13:30,18057
2014/9/5 14:00,19315
2014/9/5 14:30,20057
2014/9/5 15:00,19211
2014/9/5 15:30,16903
2014/9/5 16:00,15288
2014/9/5 16:30,13729
2014/9/5 17:00,17003
2014/9/5 17:30,20142
2014/9/5 18:00,23177
2014/9/5 18:30,25036
2014/9/5 19:00,27337
2014/9/5 19:30,26812
2014/9/5 20:00,26592
2014/9/5 20:30,26243
2014/9/5 21:00,25919
2014/9/5 21:30,25898
2014/9/5 22:00,26603
2014/9/5 22:30,26899
2014/9/5 23:00,26900
2014/9/5 23:30,26763
2014/9/6 0:00,25721
2014/9/6 0:30,24590
2014/9/6 1:00,22118
2014/9/6 1:30,20378
2014/9/6 2:00,19093
2014/9/6 2:30,16717
2014/9/6 3:00,14043
2014/9/6 3:30,12077
2014/9/6 4:00,10212
2014/9/6 4:30,6328
2014/9/6 5:00,4440
2014/9/6 5:30,3603
2014/9/6 6:00,3781
2014/9/6 6:30,4846
2014/9/6 7:00,5444
2014/9/6 7:30,7701
2014/9/6 8:00,8375
2014/9/6 8:30,11334
2014/9/6 9:00,12747
2014/9/6 9:30,15930
2014/9/6 10:00,16567
2014/9/6 10:30,18716
2014/9/6 11:00,18722
2014/9/6 11:30,20103
2014/9/6 12:00,20287
2014/9/6 12:30,21127
2014/9/6 13:00,21259
2014/9/6 13:30,21946
2014/9/6 14:00,21655
2014/9/6 14:30,21830
2014/9/6 15:00,22886
2014/9/6 15:30,20736
2014/9/6 16:00,18209
2014/9/6 16:30,17090
2014/9/6 17:00,19270
2014/9/6 17:30,22270
2014/9/6 18:00,24264
2014/9/6 18:30,25210
2014/9/6 19:00,25976
2014/9/6 19:30,25765
2014/9/6 20:00,24487
2014/9/6 20:30,23499
2014/9/6 21:00,23210
2014/9/6 21:30,23487
2014/9/6 22:00,24515
2014/9/6 22:30,30313
2014/9/6 23:00,30373
2014/9/6 23:30,28464
2014/9/7 0:00,25818
2014/9/7 0:30,24635
2014/9/7 1:00,23410
2014/9/7 1:30,21481
2014/9/7 2:00,19800
2014/9/7 2:30,17674
2014/9/7 3:00,15215
2014/9/7 3:30,13501
2014/9/7 4:00,10896
2014/9/7 4:30,6766
2014/9/7 5:00,4261
2014/9/7 5:30,3415
2014/9/7 6:00,3220
2014/9/7 6:30,4160
2014/9/7 7:00,4345
2014/9/7 7:30,5963
2014/9/7 8:00,6887
2014/9/7 8:30,8834
2014/9/7 9:00,10042
2014/9/7 9:30,13188
2014/9/7 10:00,14600
2014/9/7 10:30,18209
2014/9/7 11:00,18446
2014/9/7 11:30,20350
2014/9/7 12:00,20838
2014/9/7 12:30,22183
2014/9/7 13:00,20582
2014/9/7 13:30,20506
2014/9/7 14:00,20109
2014/9/7 14:30,20198
2014/9/7 15:00,18873
2014/9/7 15:30,19041
2014/9/7 16:00,19295
2014/9/7 16:30,18868
2014/9/7 17:00,18851
2014/9/7 17:30,20518
2014/9/7 18:00,21710
2014/9/7 18:30,20895
2014/9/7 19:00,20761
2014/9/7 19:30,19916
2014/9/7 20:00,19740
2014/9/7 20:30,18975
2014/9/7 21:00,17866
2014/9/7 21:30,17750
2014/9/7 22:00,16820
2014/9/7 22:30,15292
2014/9/7 23:00,13219
2014/9/7 23:30,12246
2014/9/8 0:00,9733
2014/9/8 0:30,7542
2014/9/8 1:00,5518
2014/9/8 1:30,4348
2014/9/8 2:00,3828
2014/9/8 2:30,3083
2014/9/8 3:00,2583
2014/9/8 3:30,2328
2014/9/8 4:00,2523
2014/9/8 4:30,2579
2014/9/8 5:00,2901
2014/9/8 5:30,4963
2014/9/8 6:00,7013
2014/9/8 6:30,11830
2014/9/8 7:00,14665
2014/9/8 7:30,18099
2014/9/8 8:00,18601
2014/9/8 8:30,18329
2014/9/8 9:00,18506
2014/9/8 9:30,17983
2014/9/8 10:00,16869
2014/9/8 10:30,16771
2014/9/8 11:00,16010
2014/9/8 11:30,17370
2014/9/8 12:00,17526
2014/9/8 12:30,17910
2014/9/8 13:00,16565
2014/9/8 13:30,18380
2014/9/8 14:00,18294
2014/9/8 14:30,19585
2014/9/8 15:00,19323
2014/9/8 15:30,18113
2014/9/8 16:00,16472
2014/9/8 16:30,16007
2014/9/8 17:00,18299
2014/9/8 17:30,20385
2014/9/8 18:00,22906
2014/9/8 18:30,24153
2014/9/8 19:00,24545
2014/9/8 19:30,23635
2014/9/8 20:00,23773
2014/9/8 20:30,23212
2014/9/8 21:00,21918
2014/9/8 21:30,21096
2014/9/8 22:00,21563
2014/9/8 22:30,17989
2014/9/8 23:00,15442
2014/9/8 23:30,12815
2014/9/9 0:00,10436
2014/9/9 0:30,8092
2014/9/9 1:00,6061
2014/9/9 1:30,5058
2014/9/9 2:00,4073
2014/9/9 2:30,3310
2014/9/9 3:00,2623
2014/9/9 3:30,2364
2014/9/9 4:00,2333
2014/9/9 4:30,2287
2014/9/9 5:00,2444
2014/9/9 5:30,4427
2014/9/9 6:00,6661
2014/9/9 6:30,12136
2014/9/9 7:00,15910
2014/9/9 7:30,20003
2014/9/9 8:00,19956
2014/9/9 8:30,19897
2014/9/9 9:00,18719
2014/9/9 9:30,18485
2014/9/9 10:00,17235
2014/9/9 10:30,17705
2014/9/9 11:00,17089
2014/9/9 11:30,18334
2014/9/9 12:00,18564
2014/9/9 12:30,18599
2014/9/9 13:00,17715
2014/9/9 13:30,18692
2014/9/9 14:00,19276
2014/9/9 14:30,20557
2014/9/9 15:00,19505
2014/9/9 15:30,16820
2014/9/9 16:00,14005
2014/9/9 16:30,13683
2014/9/9 17:00,16918
2014/9/9 17:30,20051
2014/9/9 18:00,22624
2014/9/9 18:30,23987
2014/9/9 19:00,24069
2014/9/9 19:30,24933
2014/9/9 20:00,24928
2014/9/9 20:30,24390
2014/9/9 21:00,24199
2014/9/9 21:30,24277
2014/9/9 22:00,23154
2014/9/9 22:30,21090
2014/9/9 23:00,18854
2014/9/9 23:30,16194
2014/9/10 0:00,13226
2014/9/10 0:30,9866
2014/9/10 1:00,8085
2014/9/10 1:30,6177
2014/9/10 2:00,5324
2014/9/10 2:30,4177
2014/9/10 3:00,3464
2014/9/10 3:30,2855
2014/9/10 4:00,2850
2014/9/10 4:30,2361
2014/9/10 5:00,2675
2014/9/10 5:30,4589
2014/9/10 6:00,6868
2014/9/10 6:30,12256
2014/9/10 7:00,16024
2014/9/10 7:30,20193
2014/9/10 8:00,20747
2014/9/10 8:30,20007
2014/9/10 9:00,18782
2014/9/10 9:30,18657
2014/9/10 10:00,17331
2014/9/10 10:30,17989
2014/9/10 11:00,17529
2014/9/10 11:30,18953
2014/9/10 12:00,18567
2014/9/10 12:30,17872
2014/9/10 13:00,17411
2014/9/10 13:30,18792
2014/9/10 14:00,18899
2014/9/10 14:30,19548
2014/9/10 15:00,19093
2014/9/10 15:30,16956
2014/9/10 16:00,14987
2014/9/10 16:30,13895
2014/9/10 17:00,17078
2014/9/10 17:30,20224
2014/9/10 18:00,22805
2014/9/10 18:30,24418
2014/9/10 19:00,25720
2014/9/10 19:30,25891
2014/9/10 20:00,26138
2014/9/10 20:30,25149
2014/9/10 21:00,24908
2014/9/10 21:30,24260
2014/9/10 22:00,24620
2014/9/10 22:30,22813
2014/9/10 23:00,20948
2014/9/10 23:30,18271
2014/9/11 0:00,14939
2014/9/11 0:30,11332
2014/9/11 1:00,8890
2014/9/11 1:30,6980
2014/9/11 2:00,5659
2014/9/11 2:30,4679
2014/9/11 3:00,3550
2014/9/11 3:30,2761
2014/9/11 4:00,3009
2014/9/11 4:30,2596
2014/9/11 5:00,2755
2014/9/11 5:30,4554
2014/9/11 6:00,6964
2014/9/11 6:30,12814
2014/9/11 7:00,16360
2014/9/11 7:30,20658
2014/9/11 8:00,21352
2014/9/11 8:30,20521
2014/9/11 9:00,19759
2014/9/11 9:30,19670
2014/9/11 10:00,18301
2014/9/11 10:30,17768
2014/9/11 11:00,16583
2014/9/11 11:30,18179
2014/9/11 12:00,18896
2014/9/11 12:30,18611
2014/9/11 13:00,17662
2014/9/11 13:30,19057
2014/9/11 14:00,18951
2014/9/11 14:30,19997
2014/9/11 15:00,19260
2014/9/11 15:30,17088
2014/9/11 16:00,15367
2014/9/11 16:30,13915
2014/9/11 17:00,17107
2014/9/11 17:30,20299
2014/9/11 18:00,23029
2014/9/11 18:30,24408
2014/9/11 19:00,25778
2014/9/11 19:30,26274
2014/9/11 20:00,26475
2014/9/11 20:30,25326
2014/9/11 21:00,24557
2014/9/11 21:30,24984
2014/9/11 22:00,25001
2014/9/11 22:30,24112
2014/9/11 23:00,23100
2014/9/11 23:30,20158
2014/9/12 0:00,17954
2014/9/12 0:30,14466
2014/9/12 1:00,11632
2014/9/12 1:30,9400
2014/9/12 2:00,7816
2014/9/12 2:30,6678
2014/9/12 3:00,5499
2014/9/12 3:30,4088
2014/9/12 4:00,4312
2014/9/12 4:30,3433
2014/9/12 5:00,3156
2014/9/12 5:30,4545
2014/9/12 6:00,6802
2014/9/12 6:30,11555
2014/9/12 7:00,15447
2014/9/12 7:30,20385
2014/9/12 8:00,20562
2014/9/12 8:30,20191
2014/9/12 9:00,19405
2014/9/12 9:30,18903
2014/9/12 10:00,17251
2014/9/12 10:30,17874
2014/9/12 11:00,17024
2014/9/12 11:30,18267
2014/9/12 12:00,18351
2014/9/12 12:30,17253
2014/9/12 13:00,17098
2014/9/12 13:30,17885
2014/9/12 14:00,18868
2014/9/12 14:30,19352
2014/9/12 15:00,18035
2014/9/12 15:30,15737
2014/9/12 16:00,14420
2014/9/12 16:30,13148
2014/9/12 17:00,16354
2014/9/12 17:30,20087
2014/9/12 18:00,22814
2014/9/12 18:30,25027
2014/9/12 19:00,25983
2014/9/12 19:30,27090
2014/9/12 20:00,26622
2014/9/12 20:30,25560
2014/9/12 21:00,25141
2014/9/12 21:30,25495
2014/9/12 22:00,26737
2014/9/12 22:30,26657
2014/9/12 23:00,27379
2014/9/12 23:30,27284
2014/9/13 0:00,26227
2014/9/13 0:30,24744
2014/9/13 1:00,23304
2014/9/13 1:30,21293
2014/9/13 2:00,19870
2014/9/13 2:30,17657
2014/9/13 3:00,15100
2014/9/13 3:30,12932
2014/9/13 4:00,10574
2014/9/13 4:30,6546
2014/9/13 5:00,4531
2014/9/13 5:30,3807
2014/9/13 6:00,3672
2014/9/13 6:30,5070
2014/9/13 7:00,5484
2014/9/13 7:30,7528
2014/9/13 8:00,8713
2014/9/13 8:30,11686
2014/9/13 9:00,12432
2014/9/13 9:30,16216
2014/9/13 10:00,16126
2014/9/13 10:30,18527
2014/9/13 11:00,18755
2014/9/13 11:30,20352
2014/9/13 12:00,21020
2014/9/13 12:30,20732
2014/9/13 13:00,21345
2014/9/13 13:30,21500
2014/9/13 14:00,20453
2014/9/13 14:30,23821
2014/9/13 15:00,26150
2014/9/13 15:30,24051
2014/9/13 16:00,19433
2014/9/13 16:30,17521
2014/9/13 17:00,19137
2014/9/13 17:30,22602
2014/9/13 18:00,25039
2014/9/13 18:30,25988
2014/9/13 19:00,26920
2014/9/13 19:30,26845
2014/9/13 20:00,26733
2014/9/13 20:30,24954
2014/9/13 21:00,22317
2014/9/13 21:30,22581
2014/9/13 22:00,23544
2014/9/13 22:30,25662
2014/9/13 23:00,26615
2014/9/13 23:30,27542
2014/9/14 0:00,27320
2014/9/14 0:30,25627
2014/9/14 1:00,23964
2014/9/14 1:30,22332
2014/9/14 2:00,20620
2014/9/14 2:30,18567
2014/9/14 3:00,15772
2014/9/14 3:30,13346
2014/9/14 4:00,11616
2014/9/14 4:30,6999
2014/9/14 5:00,4273
2014/9/14 5:30,3568
2014/9/14 6:00,4209
2014/9/14 6:30,4684
2014/9/14 7:00,4527
2014/9/14 7:30,6231
2014/9/14 8:00,7725
2014/9/14 8:30,10159
2014/9/14 9:00,11013
2014/9/14 9:30,14091
2014/9/14 10:00,15480
2014/9/14 10:30,18669
2014/9/14 11:00,18796
2014/9/14 11:30,20213
2014/9/14 12:00,20410
2014/9/14 12:30,21782
2014/9/14 13:00,20634
2014/9/14 13:30,20061
2014/9/14 14:00,19774
2014/9/14 14:30,20069
2014/9/14 15:00,19417
2014/9/14 15:30,19363
2014/9/14 16:00,19206
2014/9/14 16:30,18284
2014/9/14 17:00,19503
2014/9/14 17:30,20621
2014/9/14 18:00,21554
2014/9/14 18:30,21538
2014/9/14 19:00,20589
2014/9/14 19:30,20391
2014/9/14 20:00,19593
2014/9/14 20:30,18439
2014/9/14 21:00,17587
2014/9/14 21:30,17638
2014/9/14 22:00,15698
2014/9/14 22:30,14343
2014/9/14 23:00,12808
2014/9/14 23:30,10827
2014/9/15 0:00,8077
2014/9/15 0:30,6261
2014/9/15 1:00,4724
2014/9/15 1:30,3852
2014/9/15 2:00,3132
2014/9/15 2:30,2606
2014/9/15 3:00,1975
2014/9/15 3:30,1896
2014/9/15 4:00,2310
2014/9/15 4:30,2388
2014/9/15 5:00,2778
2014/9/15 5:30,4775
2014/9/15 6:00,7022
2014/9/15 6:30,11923
2014/9/15 7:00,14969
2014/9/15 7:30,17943
2014/9/15 8:00,18886
2014/9/15 8:30,18711
2014/9/15 9:00,18012
2014/9/15 9:30,17214
2014/9/15 10:00,16337
2014/9/15 10:30,16157
2014/9/15 11:00,15487
2014/9/15 11:30,16741
2014/9/15 12:00,16793
2014/9/15 12:30,16685
2014/9/15 13:00,15824
2014/9/15 13:30,17040
2014/9/15 14:00,17360
2014/9/15 14:30,18501
2014/9/15 15:00,18143
2014/9/15 15:30,16972
2014/9/15 16:00,16098
2014/9/15 16:30,15878
2014/9/15 17:00,18183
2014/9/15 17:30,20482
2014/9/15 18:00,23314
2014/9/15 18:30,24477
2014/9/15 19:00,24387
2014/9/15 19:30,24193
2014/9/15 20:00,24388
2014/9/15 20:30,22725
2014/9/15 21:00,21907
2014/9/15 21:30,21789
2014/9/15 22:00,20289
2014/9/15 22:30,16585
2014/9/15 23:00,14423
2014/9/15 23:30,12432
2014/9/16 0:00,9359
2014/9/16 0:30,7247
2014/9/16 1:00,5659
2014/9/16 1:30,4155
2014/9/16 2:00,3369
2014/9/16 2:30,2617
2014/9/16 3:00,2214
2014/9/16 3:30,1871
2014/9/16 4:00,2101
2014/9/16 4:30,2016
2014/9/16 5:00,2334
2014/9/16 5:30,4141
2014/9/16 6:00,6465
2014/9/16 6:30,11772
2014/9/16 7:00,16219
2014/9/16 7:30,21253
2014/9/16 8:00,22609
2014/9/16 8:30,21527
2014/9/16 9:00,20975
2014/9/16 9:30,19673
2014/9/16 10:00,18065
2014/9/16 10:30,18948
2014/9/16 11:00,18111
2014/9/16 11:30,17622
2014/9/16 12:00,17320
2014/9/16 12:30,16939
2014/9/16 13:00,16404
2014/9/16 13:30,17247
2014/9/16 14:00,17782
2014/9/16 14:30,18554
2014/9/16 15:00,18680
2014/9/16 15:30,16755
2014/9/16 16:00,14825
2014/9/16 16:30,13975
2014/9/16 17:00,17093
2014/9/16 17:30,19977
2014/9/16 18:00,22922
2014/9/16 18:30,24364
2014/9/16 19:00,24630
2014/9/16 19:30,25234
2014/9/16 20:00,24839
2014/9/16 20:30,24161
2014/9/16 21:00,24550
2014/9/16 21:30,23734
2014/9/16 22:00,22366
2014/9/16 22:30,20411
2014/9/16 23:00,17774
2014/9/16 23:30,14027
2014/9/17 0:00,11590
2014/9/17 0:30,8440
2014/9/17 1:00,6881
2014/9/17 1:30,4920
2014/9/17 2:00,4097
2014/9/17 2:30,3159
2014/9/17 3:00,2653
2014/9/17 3:30,2347
2014/9/17 4:00,2387
2014/9/17 4:30,2194
2014/9/17 5:00,2479
2014/9/17 5:30,4554
2014/9/17 6:00,6775
2014/9/17 6:30,12311
2014/9/17 7:00,15989
2014/9/17 7:30,20058
2014/9/17 8:00,20361
2014/9/17 8:30,20172
2014/9/17 9:00,18974
2014/9/17 9:30,17732
2014/9/17 10:00,17336
2014/9/17 10:30,17321
2014/9/17 11:00,16872
2014/9/17 11:30,18295
2014/9/17 12:00,18273
2014/9/17 12:30,17275
2014/9/17 13:00,17095
2014/9/17 13:30,17715
2014/9/17 14:00,18451
2014/9/17 14:30,18612
2014/9/17 15:00,18148
2014/9/17 15:30,16473
2014/9/17 16:00,14474
2014/9/17 16:30,13434
2014/9/17 17:00,16229
2014/9/17 17:30,19852
2014/9/17 18:00,22394
2014/9/17 18:30,24618
2014/9/17 19:00,25838
2014/9/17 19:30,25496
2014/9/17 20:00,24980
2014/9/17 20:30,23545
2014/9/17 21:00,23847
2014/9/17 21:30,24236
2014/9/17 22:00,23551
2014/9/17 22:30,22454
2014/9/17 23:00,20389
2014/9/17 23:30,17673
2014/9/18 0:00,13651
2014/9/18 0:30,10769
2014/9/18 1:00,8102
2014/9/18 1:30,6196
2014/9/18 2:00,5249
2014/9/18 2:30,3850
2014/9/18 3:00,3150
2014/9/18 3:30,2584
2014/9/18 4:00,2770
2014/9/18 4:30,2477
2014/9/18 5:00,2678
2014/9/18 5:30,4506
2014/9/18 6:00,7292
2014/9/18 6:30,12449
2014/9/18 7:00,16418
2014/9/18 7:30,20080
2014/9/18 8:00,20693
2014/9/18 8:30,19988
2014/9/18 9:00,19313
2014/9/18 9:30,18918
2014/9/18 10:00,17790
2014/9/18 10:30,18028
2014/9/18 11:00,17242
2014/9/18 11:30,18279
2014/9/18 12:00,18118
2014/9/18 12:30,17858
2014/9/18 13:00,17635
2014/9/18 13:30,18265
2014/9/18 14:00,18676
2014/9/18 14:30,18686
2014/9/18 15:00,18134
2014/9/18 15:30,15579
2014/9/18 16:00,13635
2014/9/18 16:30,12689
2014/9/18 17:00,15756
2014/9/18 17:30,19691
2014/9/18 18:00,21487
2014/9/18 18:30,22751
2014/9/18 19:00,24126
2014/9/18 19:30,24956
2014/9/18 20:00,26003
2014/9/18 20:30,25167
2014/9/18 21:00,25659
2014/9/18 21:30,25536
2014/9/18 22:00,25761
2014/9/18 22:30,25212
2014/9/18 23:00,23548
2014/9/18 23:30,22005
2014/9/19 0:00,19518
2014/9/19 0:30,15755
2014/9/19 1:00,12747
2014/9/19 1:30,10116
2014/9/19 2:00,8379
2014/9/19 2:30,6566
2014/9/19 3:00,5478
2014/9/19 3:30,4552
2014/9/19 4:00,4546
2014/9/19 4:30,3489
2014/9/19 5:00,3269
2014/9/19 5:30,4799
2014/9/19 6:00,7384
2014/9/19 6:30,11928
2014/9/19 7:00,15434
2014/9/19 7:30,19509
2014/9/19 8:00,19672
2014/9/19 8:30,19287
2014/9/19 9:00,18369
2014/9/19 9:30,18050
2014/9/19 10:00,17306
2014/9/19 10:30,17661
2014/9/19 11:00,17158
2014/9/19 11:30,18215
2014/9/19 12:00,18175
2014/9/19 12:30,17568
2014/9/19 13:00,17079
2014/9/19 13:30,17287
2014/9/19 14:00,17885
2014/9/19 14:30,18287
2014/9/19 15:00,17782
2014/9/19 15:30,16021
2014/9/19 16:00,14205
2014/9/19 16:30,12834
2014/9/19 17:00,16332
2014/9/19 17:30,19704
2014/9/19 18:00,22931
2014/9/19 18:30,25328
2014/9/19 19:00,26188
2014/9/19 19:30,27541
2014/9/19 20:00,26811
2014/9/19 20:30,26093
2014/9/19 21:00,26091
2014/9/19 21:30,26247
2014/9/19 22:00,27090
2014/9/19 22:30,27681
2014/9/19 23:00,27159
2014/9/19 23:30,26816
2014/9/20 0:00,25251
2014/9/20 0:30,23375
2014/9/20 1:00,21806
2014/9/20 1:30,20635
2014/9/20 2:00,19322
2014/9/20 2:30,16841
2014/9/20 3:00,14744
2014/9/20 3:30,12309
2014/9/20 4:00,10242
2014/9/20 4:30,6470
2014/9/20 5:00,4374
2014/9/20 5:30,3435
2014/9/20 6:00,3789
2014/9/20 6:30,4454
2014/9/20 7:00,5381
2014/9/20 7:30,7585
2014/9/20 8:00,8782
2014/9/20 8:30,11824
2014/9/20 9:00,12587
2014/9/20 9:30,15795
2014/9/20 10:00,16088
2014/9/20 10:30,18430
2014/9/20 11:00,18543
2014/9/20 11:30,20332
2014/9/20 12:00,19797
2014/9/20 12:30,20601
2014/9/20 13:00,20823
2014/9/20 13:30,21182
2014/9/20 14:00,20742
2014/9/20 14:30,20477
2014/9/20 15:00,20654
2014/9/20 15:30,20386
2014/9/20 16:00,18174
2014/9/20 16:30,16690
2014/9/20 17:00,18151
2014/9/20 17:30,21330
2014/9/20 18:00,23268
2014/9/20 18:30,25025
2014/9/20 19:00,25816
2014/9/20 19:30,25694
2014/9/20 20:00,24693
2014/9/20 20:30,24187
2014/9/20 21:00,23820
2014/9/20 21:30,24549
2014/9/20 22:00,25442
2014/9/20 22:30,25914
2014/9/20 23:00,26329
2014/9/20 23:30,26618
2014/9/21 0:00,26477
2014/9/21 0:30,25461
2014/9/21 1:00,25371
2014/9/21 1:30,21726
2014/9/21 2:00,20737
2014/9/21 2:30,18852
2014/9/21 3:00,16474
2014/9/21 3:30,13647
2014/9/21 4:00,11793
2014/9/21 4:30,7142
2014/9/21 5:00,4611
2014/9/21 5:30,3474
2014/9/21 6:00,4131
2014/9/21 6:30,4395
2014/9/21 7:00,4443
2014/9/21 7:30,6155
2014/9/21 8:00,6827
2014/9/21 8:30,9510
2014/9/21 9:00,10785
2014/9/21 9:30,13570
2014/9/21 10:00,14691
2014/9/21 10:30,17071
2014/9/21 11:00,17457
2014/9/21 11:30,17961
2014/9/21 12:00,17900
2014/9/21 12:30,18347
2014/9/21 13:00,17302
2014/9/21 13:30,16009
2014/9/21 14:00,15427
2014/9/21 14:30,14986
2014/9/21 15:00,14381
2014/9/21 15:30,13763
2014/9/21 16:00,13163
2014/9/21 16:30,11940
2014/9/21 17:00,13536
2014/9/21 17:30,15175
2014/9/21 18:00,16406
2014/9/21 18:30,17318
2014/9/21 19:00,17588
2014/9/21 19:30,17895
2014/9/21 20:00,18084
2014/9/21 20:30,16972
2014/9/21 21:00,16389
2014/9/21 21:30,15846
2014/9/21 22:00,15329
2014/9/21 22:30,14446
2014/9/21 23:00,12721
2014/9/21 23:30,10826
2014/9/22 0:00,9067
2014/9/22 0:30,6546
2014/9/22 1:00,4580
2014/9/22 1:30,3654
2014/9/22 2:00,3137
2014/9/22 2:30,2610
2014/9/22 3:00,2061
2014/9/22 3:30,1959
2014/9/22 4:00,2356
2014/9/22 4:30,2400
2014/9/22 5:00,2911
2014/9/22 5:30,4833
2014/9/22 6:00,7398
2014/9/22 6:30,11809
2014/9/22 7:00,14495
2014/9/22 7:30,16812
2014/9/22 8:00,17569
2014/9/22 8:30,16738
2014/9/22 9:00,16612
2014/9/22 9:30,15702
2014/9/22 10:00,14817
2014/9/22 10:30,14668
2014/9/22 11:00,14458
2014/9/22 11:30,15475
2014/9/22 12:00,15539
2014/9/22 12:30,15345
2014/9/22 13:00,15222
2014/9/22 13:30,15213
2014/9/22 14:00,16167
2014/9/22 14:30,16210
2014/9/22 15:00,16393
2014/9/22 15:30,14797
2014/9/22 16:00,13755
2014/9/22 16:30,13960
2014/9/22 17:00,16248
2014/9/22 17:30,18272
2014/9/22 18:00,20440
2014/9/22 18:30,21524
2014/9/22 19:00,21828
2014/9/22 19:30,22825
2014/9/22 20:00,22647
2014/9/22 20:30,22210
2014/9/22 21:00,22426
2014/9/22 21:30,20839
2014/9/22 22:00,20239
2014/9/22 22:30,18144
2014/9/22 23:00,15459
2014/9/22 23:30,13766
2014/9/23 0:00,11187
2014/9/23 0:30,8959
2014/9/23 1:00,7101
2014/9/23 1:30,4710
2014/9/23 2:00,3571
2014/9/23 2:30,2765
2014/9/23 3:00,2101
2014/9/23 3:30,1867
2014/9/23 4:00,2126
2014/9/23 4:30,2082
2014/9/23 5:00,2393
2014/9/23 5:30,4443
2014/9/23 6:00,7297
2014/9/23 6:30,12466
2014/9/23 7:00,15547
2014/9/23 7:30,18160
2014/9/23 8:00,18295
2014/9/23 8:30,17794
2014/9/23 9:00,16541
2014/9/23 9:30,16239
2014/9/23 10:00,15239
2014/9/23 10:30,15153
2014/9/23 11:00,14168
2014/9/23 11:30,14872
2014/9/23 12:00,15293
2014/9/23 12:30,14971
2014/9/23 13:00,14359
2014/9/23 13:30,14486
2014/9/23 14:00,14471
2014/9/23 14:30,14920
2014/9/23 15:00,14411
2014/9/23 15:30,13573
2014/9/23 16:00,11876
2014/9/23 16:30,11040
2014/9/23 17:00,13441
2014/9/23 17:30,16163
2014/9/23 18:00,19059
2014/9/23 18:30,19621
2014/9/23 19:00,21616
2014/9/23 19:30,23427
2014/9/23 20:00,23735
2014/9/23 20:30,23354
2014/9/23 21:00,23391
2014/9/23 21:30,23228
2014/9/23 22:00,21882
2014/9/23 22:30,21221
2014/9/23 23:00,18922
2014/9/23 23:30,15473
2014/9/24 0:00,12457
2014/9/24 0:30,9497
2014/9/24 1:00,7073
2014/9/24 1:30,5496
2014/9/24 2:00,4477
2014/9/24 2:30,3527
2014/9/24 3:00,2971
2014/9/24 3:30,2660
2014/9/24 4:00,2497
2014/9/24 4:30,2250
2014/9/24 5:00,2594
2014/9/24 5:30,4316
2014/9/24 6:00,7112
2014/9/24 6:30,12119
2014/9/24 7:00,15652
2014/9/24 7:30,18565
2014/9/24 8:00,18437
2014/9/24 8:30,17831
2014/9/24 9:00,17103
2014/9/24 9:30,16446
2014/9/24 10:00,15593
2014/9/24 10:30,15353
2014/9/24 11:00,15105
2014/9/24 11:30,16058
2014/9/24 12:00,16475
2014/9/24 12:30,16226
2014/9/24 13:00,15766
2014/9/24 13:30,16242
2014/9/24 14:00,16976
2014/9/24 14:30,17117
2014/9/24 15:00,16910
2014/9/24 15:30,14845
2014/9/24 16:00,12840
2014/9/24 16:30,12913
2014/9/24 17:00,15736
2014/9/24 17:30,18396
2014/9/24 18:00,21170
2014/9/24 18:30,21255
2014/9/24 19:00,22014
2014/9/24 19:30,22334
2014/9/24 20:00,21426
2014/9/24 20:30,21152
2014/9/24 21:00,22304
2014/9/24 21:30,22947
2014/9/24 22:00,22195
2014/9/24 22:30,21592
2014/9/24 23:00,18884
2014/9/24 23:30,15885
2014/9/25 0:00,12556
2014/9/25 0:30,10023
2014/9/25 1:00,7320
2014/9/25 1:30,6007
2014/9/25 2:00,4886
2014/9/25 2:30,4068
2014/9/25 3:00,3170
2014/9/25 3:30,2671
2014/9/25 4:00,2844
2014/9/25 4:30,2430
2014/9/25 5:00,2534
2014/9/25 5:30,4193
2014/9/25 6:00,6274
2014/9/25 6:30,11614
2014/9/25 7:00,14471
2014/9/25 7:30,17184
2014/9/25 8:00,18428
2014/9/25 8:30,18257
2014/9/25 9:00,17375
2014/9/25 9:30,18079
2014/9/25 10:00,17902
2014/9/25 10:30,17934
2014/9/25 11:00,16311
2014/9/25 11:30,16460
2014/9/25 12:00,17383
2014/9/25 12:30,16931
2014/9/25 13:00,17236
2014/9/25 13:30,17120
2014/9/25 14:00,16635
2014/9/25 14:30,16048
2014/9/25 15:00,15553
2014/9/25 15:30,14421
2014/9/25 16:00,13456
2014/9/25 16:30,12820
2014/9/25 17:00,16109
2014/9/25 17:30,19198
2014/9/25 18:00,21302
2014/9/25 18:30,22657
2014/9/25 19:00,23276
2014/9/25 19:30,23723
2014/9/25 20:00,23021
2014/9/25 20:30,21823
2014/9/25 21:00,21666
2014/9/25 21:30,22491
2014/9/25 22:00,22004
2014/9/25 22:30,23595
2014/9/25 23:00,22090
2014/9/25 23:30,20296
2014/9/26 0:00,16288
2014/9/26 0:30,13049
2014/9/26 1:00,10504
2014/9/26 1:30,8423
2014/9/26 2:00,7090
2014/9/26 2:30,5920
2014/9/26 3:00,4849
2014/9/26 3:30,4102
2014/9/26 4:00,4093
2014/9/26 4:30,3162
2014/9/26 5:00,2939
2014/9/26 5:30,4012
2014/9/26 6:00,6627
2014/9/26 6:30,10911
2014/9/26 7:00,13043
2014/9/26 7:30,16141
2014/9/26 8:00,16551
2014/9/26 8:30,17566
2014/9/26 9:00,16839
2014/9/26 9:30,16706
2014/9/26 10:00,15946
2014/9/26 10:30,16319
2014/9/26 11:00,15319
2014/9/26 11:30,16456
2014/9/26 12:00,16719
2014/9/26 12:30,16157
2014/9/26 13:00,15798
2014/9/26 13:30,16747
2014/9/26 14:00,16855
2014/9/26 14:30,17441
2014/9/26 15:00,16769
2014/9/26 15:30,15274
2014/9/26 16:00,14150
2014/9/26 16:30,13382
2014/9/26 17:00,16018
2014/9/26 17:30,19412
2014/9/26 18:00,22047
2014/9/26 18:30,23843
2014/9/26 19:00,24816
2014/9/26 19:30,25433
2014/9/26 20:00,25249
2014/9/26 20:30,24492
2014/9/26 21:00,24332
2014/9/26 21:30,24473
2014/9/26 22:00,25932
2014/9/26 22:30,25931
2014/9/26 23:00,26479
2014/9/26 23:30,25878
2014/9/27 0:00,25100
2014/9/27 0:30,23886
2014/9/27 1:00,22982
2014/9/27 1:30,20541
2014/9/27 2:00,18970
2014/9/27 2:30,17433
2014/9/27 3:00,14547
2014/9/27 3:30,12694
2014/9/27 4:00,10374
2014/9/27 4:30,6339
2014/9/27 5:00,4313
2014/9/27 5:30,3538
2014/9/27 6:00,3709
2014/9/27 6:30,5311
2014/9/27 7:00,5974
2014/9/27 7:30,8183
2014/9/27 8:00,8942
2014/9/27 8:30,11805
2014/9/27 9:00,12261
2014/9/27 9:30,15226
2014/9/27 10:00,15802
2014/9/27 10:30,17334
2014/9/27 11:00,18070
2014/9/27 11:30,20105
2014/9/27 12:00,20138
2014/9/27 12:30,19968
2014/9/27 13:00,20411
2014/9/27 13:30,20317
2014/9/27 14:00,19930
2014/9/27 14:30,20502
2014/9/27 15:00,19916
2014/9/27 15:30,19259
2014/9/27 16:00,17572
2014/9/27 16:30,15629
2014/9/27 17:00,17721
2014/9/27 17:30,21308
2014/9/27 18:00,23297
2014/9/27 18:30,24024
2014/9/27 19:00,24925
2014/9/27 19:30,25418
2014/9/27 20:00,23601
2014/9/27 20:30,23219
2014/9/27 21:00,22544
2014/9/27 21:30,23273
2014/9/27 22:00,25131
2014/9/27 22:30,26895
2014/9/27 23:00,27936
2014/9/27 23:30,28113
2014/9/28 0:00,27269
2014/9/28 0:30,26320
2014/9/28 1:00,24571
2014/9/28 1:30,22698
2014/9/28 2:00,20948
2014/9/28 2:30,18561
2014/9/28 3:00,16218
2014/9/28 3:30,13873
2014/9/28 4:00,11926
2014/9/28 4:30,7361
2014/9/28 5:00,4330
2014/9/28 5:30,3681
2014/9/28 6:00,3886
2014/9/28 6:30,4600
2014/9/28 7:00,4930
2014/9/28 7:30,6204
2014/9/28 8:00,7212
2014/9/28 8:30,9136
2014/9/28 9:00,10287
2014/9/28 9:30,12808
2014/9/28 10:00,13952
2014/9/28 10:30,16763
2014/9/28 11:00,17356
2014/9/28 11:30,19238
2014/9/28 12:00,19607
2014/9/28 12:30,20310
2014/9/28 13:00,20033
2014/9/28 13:30,19595
2014/9/28 14:00,19871
2014/9/28 14:30,19819
2014/9/28 15:00,18620
2014/9/28 15:30,18657
2014/9/28 16:00,17688
2014/9/28 16:30,16927
2014/9/28 17:00,17637
2014/9/28 17:30,19283
2014/9/28 18:00,20448
2014/9/28 18:30,19638
2014/9/28 19:00,19509
2014/9/28 19:30,18936
2014/9/28 20:00,18188
2014/9/28 20:30,16594
2014/9/28 21:00,16330
2014/9/28 21:30,16075
2014/9/28 22:00,14977
2014/9/28 22:30,13503
2014/9/28 23:00,12052
2014/9/28 23:30,10779
2014/9/29 0:00,8332
2014/9/29 0:30,6357
2014/9/29 1:00,4958
2014/9/29 1:30,3461
2014/9/29 2:00,3253
2014/9/29 2:30,2493
2014/9/29 3:00,1993
2014/9/29 3:30,1839
2014/9/29 4:00,2275
2014/9/29 4:30,2280
2014/9/29 5:00,2986
2014/9/29 5:30,4608
2014/9/29 6:00,7253
2014/9/29 6:30,11360
2014/9/29 7:00,14157
2014/9/29 7:30,16864
2014/9/29 8:00,17399
2014/9/29 8:30,16671
2014/9/29 9:00,15478
2014/9/29 9:30,14677
2014/9/29 10:00,14935
2014/9/29 10:30,15392
2014/9/29 11:00,15147
2014/9/29 11:30,16345
2014/9/29 12:00,16382
2014/9/29 12:30,15798
2014/9/29 13:00,15584
2014/9/29 13:30,16544
2014/9/29 14:00,17377
2014/9/29 14:30,18345
2014/9/29 15:00,18004
2014/9/29 15:30,16863
2014/9/29 16:00,15714
2014/9/29 16:30,14743
2014/9/29 17:00,17579
2014/9/29 17:30,21604
2014/9/29 18:00,23120
2014/9/29 18:30,22717
2014/9/29 19:00,22757
2014/9/29 19:30,22311
2014/9/29 20:00,21642
2014/9/29 20:30,20568
2014/9/29 21:00,19969
2014/9/29 21:30,19484
2014/9/29 22:00,17993
2014/9/29 22:30,17446
2014/9/29 23:00,13722
2014/9/29 23:30,11549
2014/9/30 0:00,9459
2014/9/30 0:30,6800
2014/9/30 1:00,5323
2014/9/30 1:30,3976
2014/9/30 2:00,3279
2014/9/30 2:30,2617
2014/9/30 3:00,2010
2014/9/30 3:30,1853
2014/9/30 4:00,2150
2014/9/30 4:30,2019
2014/9/30 5:00,2414
2014/9/30 5:30,4193
2014/9/30 6:00,6473
2014/9/30 6:30,11500
2014/9/30 7:00,14892
2014/9/30 7:30,19148
2014/9/30 8:00,19942
2014/9/30 8:30,19874
2014/9/30 9:00,18453
2014/9/30 9:30,18316
2014/9/30 10:00,16768
2014/9/30 10:30,16430
2014/9/30 11:00,16035
2014/9/30 11:30,17493
2014/9/30 12:00,17298
2014/9/30 12:30,16790
2014/9/30 13:00,15966
2014/9/30 13:30,17428
2014/9/30 14:00,18268
2014/9/30 14:30,18462
2014/9/30 15:00,18361
2014/9/30 15:30,16495
2014/9/30 16:00,14614
2014/9/30 16:30,14124
2014/9/30 17:00,17230
2014/9/30 17:30,20123
2014/9/30 18:00,22947
2014/9/30 18:30,23715
2014/9/30 19:00,24428
2014/9/30 19:30,24482
2014/9/30 20:00,24208
2014/9/30 20:30,23513
2014/9/30 21:00,24049
2014/9/30 21:30,23634
2014/9/30 22:00,22175
2014/9/30 22:30,20697
2014/9/30 23:00,17890
2014/9/30 23:30,15516
2014/10/1 0:00,12751
2014/10/1 0:30,8767
2014/10/1 1:00,7005
2014/10/1 1:30,5257
2014/10/1 2:00,4189
2014/10/1 2:30,3236
2014/10/1 3:00,2817
2014/10/1 3:30,2527
2014/10/1 4:00,2406
2014/10/1 4:30,1961
2014/10/1 5:00,2478
2014/10/1 5:30,4483
2014/10/1 6:00,7002
2014/10/1 6:30,11917
2014/10/1 7:00,15929
2014/10/1 7:30,20327
2014/10/1 8:00,20974
2014/10/1 8:30,20999
2014/10/1 9:00,19639
2014/10/1 9:30,19221
2014/10/1 10:00,17308
2014/10/1 10:30,17140
2014/10/1 11:00,16773
2014/10/1 11:30,19397
2014/10/1 12:00,18697
2014/10/1 12:30,18042
2014/10/1 13:00,17332
2014/10/1 13:30,17585
2014/10/1 14:00,18263
2014/10/1 14:30,18842
2014/10/1 15:00,18583
2014/10/1 15:30,17301
2014/10/1 16:00,15060
2014/10/1 16:30,14201
2014/10/1 17:00,16655
2014/10/1 17:30,19964
2014/10/1 18:00,22960
2014/10/1 18:30,23759
2014/10/1 19:00,25024
2014/10/1 19:30,25414
2014/10/1 20:00,24917
2014/10/1 20:30,24348
2014/10/1 21:00,24248
2014/10/1 21:30,24669
2014/10/1 22:00,23132
2014/10/1 22:30,22753
2014/10/1 23:00,20371
2014/10/1 23:30,17313
2014/10/2 0:00,13534
2014/10/2 0:30,10485
2014/10/2 1:00,7944
2014/10/2 1:30,6030
2014/10/2 2:00,4867
2014/10/2 2:30,3812
2014/10/2 3:00,3251
2014/10/2 3:30,2738
2014/10/2 4:00,2755
2014/10/2 4:30,2221
2014/10/2 5:00,2363
2014/10/2 5:30,4351
2014/10/2 6:00,6835
2014/10/2 6:30,11982
2014/10/2 7:00,15844
2014/10/2 7:30,19853
2014/10/2 8:00,20187
2014/10/2 8:30,20480
2014/10/2 9:00,19531
2014/10/2 9:30,18873
2014/10/2 10:00,17534
2014/10/2 10:30,17803
2014/10/2 11:00,16994
2014/10/2 11:30,18149
2014/10/2 12:00,18251
2014/10/2 12:30,17723
2014/10/2 13:00,17104
2014/10/2 13:30,18124
2014/10/2 14:00,18680
2014/10/2 14:30,19364
2014/10/2 15:00,19044
2014/10/2 15:30,16883
2014/10/2 16:00,14389
2014/10/2 16:30,13866
2014/10/2 17:00,17005
2014/10/2 17:30,20674
2014/10/2 18:00,22678
2014/10/2 18:30,23225
2014/10/2 19:00,25012
2014/10/2 19:30,25574
2014/10/2 20:00,25301
2014/10/2 20:30,25391
2014/10/2 21:00,25520
2014/10/2 21:30,25582
2014/10/2 22:00,24848
2014/10/2 22:30,24100
2014/10/2 23:00,23336
2014/10/2 23:30,21549
2014/10/3 0:00,18003
2014/10/3 0:30,15266
2014/10/3 1:00,12130
2014/10/3 1:30,9847
2014/10/3 2:00,8022
2014/10/3 2:30,6508
2014/10/3 3:00,5309
2014/10/3 3:30,4339
2014/10/3 4:00,4202
2014/10/3 4:30,3358
2014/10/3 5:00,3083
2014/10/3 5:30,4391
2014/10/3 6:00,6769
2014/10/3 6:30,11309
2014/10/3 7:00,14866
2014/10/3 7:30,18942
2014/10/3 8:00,19693
2014/10/3 8:30,19776
2014/10/3 9:00,19309
2014/10/3 9:30,18801
2014/10/3 10:00,17108
2014/10/3 10:30,16952
2014/10/3 11:00,17108
2014/10/3 11:30,17927
2014/10/3 12:00,18426
2014/10/3 12:30,17340
2014/10/3 13:00,17150
2014/10/3 13:30,17581
2014/10/3 14:00,18924
2014/10/3 14:30,19602
2014/10/3 15:00,18893
2014/10/3 15:30,16691
2014/10/3 16:00,15332
2014/10/3 16:30,14661
2014/10/3 17:00,18110
2014/10/3 17:30,22624
2014/10/3 18:00,25209
2014/10/3 18:30,24975
2014/10/3 19:00,26477
2014/10/3 19:30,27165
2014/10/3 20:00,25960
2014/10/3 20:30,25435
2014/10/3 21:00,24847
2014/10/3 21:30,25174
2014/10/3 22:00,25419
2014/10/3 22:30,25904
2014/10/3 23:00,24543
2014/10/3 23:30,24513
2014/10/4 0:00,23316
2014/10/4 0:30,22311
2014/10/4 1:00,20470
2014/10/4 1:30,18629
2014/10/4 2:00,17120
2014/10/4 2:30,15544
2014/10/4 3:00,14012
2014/10/4 3:30,11425
2014/10/4 4:00,9541
2014/10/4 4:30,5912
2014/10/4 5:00,3832
2014/10/4 5:30,3230
2014/10/4 6:00,3425
2014/10/4 6:30,4159
2014/10/4 7:00,4720
2014/10/4 7:30,5848
2014/10/4 8:00,6901
2014/10/4 8:30,9611
2014/10/4 9:00,11626
2014/10/4 9:30,14814
2014/10/4 10:00,16839
2014/10/4 10:30,18245
2014/10/4 11:00,18230
2014/10/4 11:30,18322
2014/10/4 12:00,18541
2014/10/4 12:30,18062
2014/10/4 13:00,18008
2014/10/4 13:30,18784
2014/10/4 14:00,17708
2014/10/4 14:30,17998
2014/10/4 15:00,18033
2014/10/4 15:30,17851
2014/10/4 16:00,17046
2014/10/4 16:30,17241
2014/10/4 17:00,19295
2014/10/4 17:30,21740
2014/10/4 18:00,22729
2014/10/4 18:30,23854
2014/10/4 19:00,25857
2014/10/4 19:30,26490
2014/10/4 20:00,24115
2014/10/4 20:30,23384
2014/10/4 21:00,23515
2014/10/4 21:30,24476
2014/10/4 22:00,24455
2014/10/4 22:30,25474
2014/10/4 23:00,25811
2014/10/4 23:30,25847
2014/10/5 0:00,25224
2014/10/5 0:30,23248
2014/10/5 1:00,22772
2014/10/5 1:30,20671
2014/10/5 2:00,19208
2014/10/5 2:30,17300
2014/10/5 3:00,15260
2014/10/5 3:30,12970
2014/10/5 4:00,11168
2014/10/5 4:30,6678
2014/10/5 5:00,4321
2014/10/5 5:30,3259
2014/10/5 6:00,3277
2014/10/5 6:30,4072
2014/10/5 7:00,4566
2014/10/5 7:30,5973
2014/10/5 8:00,7209
2014/10/5 8:30,8999
2014/10/5 9:00,10669
2014/10/5 9:30,12678
2014/10/5 10:00,14511
2014/10/5 10:30,16953
2014/10/5 11:00,17817
2014/10/5 11:30,18894
2014/10/5 12:00,18505
2014/10/5 12:30,19227
2014/10/5 13:00,18361
2014/10/5 13:30,18014
2014/10/5 14:00,17486
2014/10/5 14:30,17816
2014/10/5 15:00,17364
2014/10/5 15:30,16871
2014/10/5 16:00,15497
2014/10/5 16:30,15185
2014/10/5 17:00,16114
2014/10/5 17:30,18312
2014/10/5 18:00,19793
2014/10/5 18:30,19706
2014/10/5 19:00,20198
2014/10/5 19:30,19790
2014/10/5 20:00,18192
2014/10/5 20:30,17701
2014/10/5 21:00,16484
2014/10/5 21:30,16626
2014/10/5 22:00,14889
2014/10/5 22:30,14114
2014/10/5 23:00,11870
2014/10/5 23:30,10041
2014/10/6 0:00,7997
2014/10/6 0:30,5689
2014/10/6 1:00,4351
2014/10/6 1:30,3348
2014/10/6 2:00,2809
2014/10/6 2:30,2193
2014/10/6 3:00,1752
2014/10/6 3:30,1731
2014/10/6 4:00,1994
2014/10/6 4:30,2178
2014/10/6 5:00,2787
2014/10/6 5:30,4578
2014/10/6 6:00,6816
2014/10/6 6:30,11243
2014/10/6 7:00,14265
2014/10/6 7:30,17395
2014/10/6 8:00,18327
2014/10/6 8:30,17729
2014/10/6 9:00,17870
2014/10/6 9:30,16982
2014/10/6 10:00,15335
2014/10/6 10:30,15998
2014/10/6 11:00,15414
2014/10/6 11:30,16233
2014/10/6 12:00,16499
2014/10/6 12:30,16380
2014/10/6 13:00,15414
2014/10/6 13:30,16720
2014/10/6 14:00,17137
2014/10/6 14:30,18046
2014/10/6 15:00,18110
2014/10/6 15:30,17087
2014/10/6 16:00,15794
2014/10/6 16:30,15965
2014/10/6 17:00,18732
2014/10/6 17:30,21107
2014/10/6 18:00,23450
2014/10/6 18:30,24200
2014/10/6 19:00,24518
2014/10/6 19:30,23704
2014/10/6 20:00,22112
2014/10/6 20:30,20986
2014/10/6 21:00,21032
2014/10/6 21:30,19963
2014/10/6 22:00,18986
2014/10/6 22:30,17125
2014/10/6 23:00,15528
2014/10/6 23:30,11610
2014/10/7 0:00,9469
2014/10/7 0:30,6605
2014/10/7 1:00,5283
2014/10/7 1:30,4152
2014/10/7 2:00,3319
2014/10/7 2:30,2432
2014/10/7 3:00,1968
2014/10/7 3:30,1769
2014/10/7 4:00,2018
2014/10/7 4:30,1933
2014/10/7 5:00,2240
2014/10/7 5:30,4305
2014/10/7 6:00,6719
2014/10/7 6:30,11392
2014/10/7 7:00,14960
2014/10/7 7:30,18975
2014/10/7 8:00,19602
2014/10/7 8:30,19572
2014/10/7 9:00,18772
2014/10/7 9:30,17757
2014/10/7 10:00,16706
2014/10/7 10:30,16601
2014/10/7 11:00,15673
2014/10/7 11:30,16929
2014/10/7 12:00,17435
2014/10/7 12:30,16953
2014/10/7 13:00,16417
2014/10/7 13:30,17022
2014/10/7 14:00,17540
2014/10/7 14:30,18417
2014/10/7 15:00,18698
2014/10/7 15:30,16193
2014/10/7 16:00,14544
2014/10/7 16:30,13864
2014/10/7 17:00,17041
2014/10/7 17:30,20434
2014/10/7 18:00,23029
2014/10/7 18:30,23711
2014/10/7 19:00,24817
2014/10/7 19:30,24933
2014/10/7 20:00,24002
2014/10/7 20:30,23651
2014/10/7 21:00,23764
2014/10/7 21:30,23224
2014/10/7 22:00,22020
2014/10/7 22:30,22214
2014/10/7 23:00,21446
2014/10/7 23:30,15974
2014/10/8 0:00,12484
2014/10/8 0:30,9130
2014/10/8 1:00,6693
2014/10/8 1:30,5333
2014/10/8 2:00,3820
2014/10/8 2:30,3065
2014/10/8 3:00,2511
2014/10/8 3:30,2299
2014/10/8 4:00,2318
2014/10/8 4:30,2125
2014/10/8 5:00,2484
2014/10/8 5:30,4358
2014/10/8 6:00,6790
2014/10/8 6:30,11660
2014/10/8 7:00,15780
2014/10/8 7:30,19516
2014/10/8 8:00,20307
2014/10/8 8:30,19954
2014/10/8 9:00,18254
2014/10/8 9:30,18010
2014/10/8 10:00,17206
2014/10/8 10:30,17213
2014/10/8 11:00,16691
2014/10/8 11:30,18259
2014/10/8 12:00,18151
2014/10/8 12:30,17555
2014/10/8 13:00,16944
2014/10/8 13:30,17728
2014/10/8 14:00,18074
2014/10/8 14:30,18993
2014/10/8 15:00,18695
2014/10/8 15:30,17191
2014/10/8 16:00,15023
2014/10/8 16:30,14164
2014/10/8 17:00,17004
2014/10/8 17:30,20361
2014/10/8 18:00,23633
2014/10/8 18:30,24661
2014/10/8 19:00,25754
2014/10/8 19:30,25671
2014/10/8 20:00,25156
2014/10/8 20:30,24961
2014/10/8 21:00,24938
2014/10/8 21:30,24851
2014/10/8 22:00,24683
2014/10/8 22:30,23411
2014/10/8 23:00,20599
2014/10/8 23:30,17147
2014/10/9 0:00,13602
2014/10/9 0:30,10452
2014/10/9 1:00,7836
2014/10/9 1:30,6040
2014/10/9 2:00,4981
2014/10/9 2:30,3613
2014/10/9 3:00,2923
2014/10/9 3:30,2632
2014/10/9 4:00,2912
2014/10/9 4:30,2577
2014/10/9 5:00,2921
2014/10/9 5:30,4679
2014/10/9 6:00,6693
2014/10/9 6:30,12140
2014/10/9 7:00,15534
2014/10/9 7:30,19974
2014/10/9 8:00,20533
2014/10/9 8:30,19988
2014/10/9 9:00,19239
2014/10/9 9:30,18788
2014/10/9 10:00,17934
2014/10/9 10:30,18048
2014/10/9 11:00,17415
2014/10/9 11:30,18292
2014/10/9 12:00,18506
2014/10/9 12:30,18180
2014/10/9 13:00,17401
2014/10/9 13:30,18973
2014/10/9 14:00,19361
2014/10/9 14:30,19722
2014/10/9 15:00,19572
2014/10/9 15:30,17500
2014/10/9 16:00,15213
2014/10/9 16:30,14457
2014/10/9 17:00,17736
2014/10/9 17:30,21319
2014/10/9 18:00,23270
2014/10/9 18:30,24892
2014/10/9 19:00,26555
2014/10/9 19:30,26743
2014/10/9 20:00,26376
2014/10/9 20:30,26311
2014/10/9 21:00,26179
2014/10/9 21:30,26774
2014/10/9 22:00,26449
2014/10/9 22:30,25459
2014/10/9 23:00,23927
2014/10/9 23:30,21851
2014/10/10 0:00,18756
2014/10/10 0:30,14990
2014/10/10 1:00,13865
2014/10/10 1:30,10263
2014/10/10 2:00,7873
2014/10/10 2:30,6480
2014/10/10 3:00,5094
2014/10/10 3:30,4217
2014/10/10 4:00,4289
2014/10/10 4:30,3640
2014/10/10 5:00,3376
2014/10/10 5:30,5145
2014/10/10 6:00,7144
2014/10/10 6:30,11739
2014/10/10 7:00,15197
2014/10/10 7:30,19716
2014/10/10 8:00,20851
2014/10/10 8:30,20463
2014/10/10 9:00,19658
2014/10/10 9:30,19287
2014/10/10 10:00,17986
2014/10/10 10:30,17776
2014/10/10 11:00,17735
2014/10/10 11:30,18716
2014/10/10 12:00,19032
2014/10/10 12:30,17702
2014/10/10 13:00,17023
2014/10/10 13:30,18352
2014/10/10 14:00,19791
2014/10/10 14:30,20131
2014/10/10 15:00,18645
2014/10/10 15:30,16572
2014/10/10 16:00,14736
2014/10/10 16:30,13731
2014/10/10 17:00,17166
2014/10/10 17:30,20392
2014/10/10 18:00,22838
2014/10/10 18:30,23791
2014/10/10 19:00,25914
2014/10/10 19:30,26355
2014/10/10 20:00,25656
2014/10/10 20:30,25449
2014/10/10 21:00,25448
2014/10/10 21:30,25823
2014/10/10 22:00,25813
2014/10/10 22:30,26407
2014/10/10 23:00,26898
2014/10/10 23:30,26587
2014/10/11 0:00,25257
2014/10/11 0:30,23717
2014/10/11 1:00,22541
2014/10/11 1:30,19773
2014/10/11 2:00,19652
2014/10/11 2:30,16294
2014/10/11 3:00,13968
2014/10/11 3:30,12000
2014/10/11 4:00,10432
2014/10/11 4:30,6402
2014/10/11 5:00,4443
2014/10/11 5:30,3481
2014/10/11 6:00,3971
2014/10/11 6:30,5191
2014/10/11 7:00,6434
2014/10/11 7:30,8435
2014/10/11 8:00,10255
2014/10/11 8:30,13847
2014/10/11 9:00,14970
2014/10/11 9:30,18403
2014/10/11 10:00,19338
2014/10/11 10:30,21107
2014/10/11 11:00,20821
2014/10/11 11:30,21854
2014/10/11 12:00,21813
2014/10/11 12:30,22250
2014/10/11 13:00,21450
2014/10/11 13:30,21271
2014/10/11 14:00,20595
2014/10/11 14:30,20863
2014/10/11 15:00,20262
2014/10/11 15:30,21024
2014/10/11 16:00,19141
2014/10/11 16:30,17903
2014/10/11 17:00,19903
2014/10/11 17:30,22820
2014/10/11 18:00,24243
2014/10/11 18:30,25880
2014/10/11 19:00,26756
2014/10/11 19:30,26593
2014/10/11 20:00,25248
2014/10/11 20:30,23934
2014/10/11 21:00,23401
2014/10/11 21:30,24145
2014/10/11 22:00,25308
2014/10/11 22:30,26284
2014/10/11 23:00,27136
2014/10/11 23:30,27099
2014/10/12 0:00,26610
2014/10/12 0:30,25400
2014/10/12 1:00,23992
2014/10/12 1:30,22359
2014/10/12 2:00,21054
2014/10/12 2:30,18812
2014/10/12 3:00,16584
2014/10/12 3:30,14204
2014/10/12 4:00,11990
2014/10/12 4:30,7092
2014/10/12 5:00,4311
2014/10/12 5:30,3844
2014/10/12 6:00,3796
2014/10/12 6:30,4755
2014/10/12 7:00,4491
2014/10/12 7:30,5559
2014/10/12 8:00,6959
2014/10/12 8:30,9127
2014/10/12 9:00,11015
2014/10/12 9:30,13961
2014/10/12 10:00,15445
2014/10/12 10:30,17923
2014/10/12 11:00,18438
2014/10/12 11:30,19592
2014/10/12 12:00,19733
2014/10/12 12:30,19766
2014/10/12 13:00,19809
2014/10/12 13:30,19242
2014/10/12 14:00,18990
2014/10/12 14:30,18676
2014/10/12 15:00,18037
2014/10/12 15:30,16660
2014/10/12 16:00,15948
2014/10/12 16:30,15261
2014/10/12 17:00,17141
2014/10/12 17:30,19085
2014/10/12 18:00,20188
2014/10/12 18:30,20512
2014/10/12 19:00,20723
2014/10/12 19:30,20415
2014/10/12 20:00,19483
2014/10/12 20:30,19008
2014/10/12 21:00,17958
2014/10/12 21:30,18341
2014/10/12 22:00,18181
2014/10/12 22:30,17069
2014/10/12 23:00,15057
2014/10/12 23:30,13867
2014/10/13 0:00,11544
2014/10/13 0:30,9016
2014/10/13 1:00,6739
2014/10/13 1:30,5420
2014/10/13 2:00,4584
2014/10/13 2:30,3787
2014/10/13 3:00,3018
2014/10/13 3:30,2667
2014/10/13 4:00,2981
2014/10/13 4:30,2756
2014/10/13 5:00,2712
2014/10/13 5:30,3798
2014/10/13 6:00,5117
2014/10/13 6:30,7727
2014/10/13 7:00,9655
2014/10/13 7:30,12109
2014/10/13 8:00,13484
2014/10/13 8:30,15506
2014/10/13 9:00,15325
2014/10/13 9:30,15924
2014/10/13 10:00,14830
2014/10/13 10:30,14907
2014/10/13 11:00,14796
2014/10/13 11:30,15699
2014/10/13 12:00,15705
2014/10/13 12:30,15880
2014/10/13 13:00,15693
2014/10/13 13:30,16643
2014/10/13 14:00,16929
2014/10/13 14:30,17698
2014/10/13 15:00,17429
2014/10/13 15:30,17248
2014/10/13 16:00,16219
2014/10/13 16:30,15918
2014/10/13 17:00,17780
2014/10/13 17:30,19414
2014/10/13 18:00,21594
2014/10/13 18:30,24915
2014/10/13 19:00,24556
2014/10/13 19:30,22341
2014/10/13 20:00,22343
2014/10/13 20:30,21619
2014/10/13 21:00,21315
2014/10/13 21:30,19821
2014/10/13 22:00,17669
2014/10/13 22:30,15504
2014/10/13 23:00,14525
2014/10/13 23:30,10738
2014/10/14 0:00,8908
2014/10/14 0:30,6593
2014/10/14 1:00,5560
2014/10/14 1:30,4014
2014/10/14 2:00,3046
2014/10/14 2:30,2349
2014/10/14 3:00,1876
2014/10/14 3:30,1691
2014/10/14 4:00,1941
2014/10/14 4:30,1850
2014/10/14 5:00,2318
2014/10/14 5:30,4337
2014/10/14 6:00,6669
2014/10/14 6:30,11585
2014/10/14 7:00,15170
2014/10/14 7:30,19136
2014/10/14 8:00,20085
2014/10/14 8:30,19758
2014/10/14 9:00,18842
2014/10/14 9:30,18530
2014/10/14 10:00,16617
2014/10/14 10:30,17458
2014/10/14 11:00,16359
2014/10/14 11:30,17483
2014/10/14 12:00,17600
2014/10/14 12:30,17552
2014/10/14 13:00,17058
2014/10/14 13:30,17658
2014/10/14 14:00,18319
2014/10/14 14:30,18818
2014/10/14 15:00,18735
2014/10/14 15:30,17254
2014/10/14 16:00,15022
2014/10/14 16:30,14365
2014/10/14 17:00,16300
2014/10/14 17:30,19687
2014/10/14 18:00,22620
2014/10/14 18:30,23309
2014/10/14 19:00,23636
2014/10/14 19:30,23752
2014/10/14 20:00,23095
2014/10/14 20:30,23108
2014/10/14 21:00,23221
2014/10/14 21:30,23581
2014/10/14 22:00,22249
2014/10/14 22:30,19533
2014/10/14 23:00,17226
2014/10/14 23:30,13935
2014/10/15 0:00,11429
2014/10/15 0:30,8486
2014/10/15 1:00,6484
2014/10/15 1:30,5093
2014/10/15 2:00,4018
2014/10/15 2:30,3218
2014/10/15 3:00,2536
2014/10/15 3:30,2219
2014/10/15 4:00,2171
2014/10/15 4:30,2268
2014/10/15 5:00,2437
2014/10/15 5:30,4569
2014/10/15 6:00,6862
2014/10/15 6:30,11924
2014/10/15 7:00,15860
2014/10/15 7:30,19821
2014/10/15 8:00,20508
2014/10/15 8:30,20540
2014/10/15 9:00,19590
2014/10/15 9:30,18480
2014/10/15 10:00,17330
2014/10/15 10:30,18508
2014/10/15 11:00,17354
2014/10/15 11:30,18552
2014/10/15 12:00,18241
2014/10/15 12:30,18475
2014/10/15 13:00,17939
2014/10/15 13:30,18398
2014/10/15 14:00,18875
2014/10/15 14:30,19559
2014/10/15 15:00,19133
2014/10/15 15:30,16816
2014/10/15 16:00,14757
2014/10/15 16:30,14470
2014/10/15 17:00,17800
2014/10/15 17:30,21127
2014/10/15 18:00,22269
2014/10/15 18:30,22819
2014/10/15 19:00,23582
2014/10/15 19:30,26273
2014/10/15 20:00,25338
2014/10/15 20:30,24021
2014/10/15 21:00,26163
2014/10/15 21:30,23839
2014/10/15 22:00,22608
2014/10/15 22:30,24886
2014/10/15 23:00,20128
2014/10/15 23:30,16180
2014/10/16 0:00,13302
2014/10/16 0:30,10509
2014/10/16 1:00,8241
2014/10/16 1:30,5536
2014/10/16 2:00,4664
2014/10/16 2:30,3460
2014/10/16 3:00,2799
2014/10/16 3:30,2730
2014/10/16 4:00,2801
2014/10/16 4:30,2511
2014/10/16 5:00,2670
2014/10/16 5:30,4767
2014/10/16 6:00,7096
2014/10/16 6:30,12556
2014/10/16 7:00,16431
2014/10/16 7:30,21581
2014/10/16 8:00,21355
2014/10/16 8:30,21573
2014/10/16 9:00,20390
2014/10/16 9:30,20452
2014/10/16 10:00,19678
2014/10/16 10:30,18801
2014/10/16 11:00,17223
2014/10/16 11:30,18249
2014/10/16 12:00,17691
2014/10/16 12:30,17052
2014/10/16 13:00,16783
2014/10/16 13:30,18392
2014/10/16 14:00,18593
2014/10/16 14:30,19364
2014/10/16 15:00,19176
2014/10/16 15:30,16795
2014/10/16 16:00,15293
2014/10/16 16:30,14922
2014/10/16 17:00,17899
2014/10/16 17:30,21758
2014/10/16 18:00,24169
2014/10/16 18:30,24615
2014/10/16 19:00,26370
2014/10/16 19:30,26990
2014/10/16 20:00,26168
2014/10/16 20:30,25449
2014/10/16 21:00,25994
2014/10/16 21:30,27115
2014/10/16 22:00,26191
2014/10/16 22:30,25146
2014/10/16 23:00,24371
2014/10/16 23:30,23771
2014/10/17 0:00,19268
2014/10/17 0:30,15623
2014/10/17 1:00,12595
2014/10/17 1:30,10224
2014/10/17 2:00,7941
2014/10/17 2:30,6678
2014/10/17 3:00,5182
2014/10/17 3:30,4502
2014/10/17 4:00,4316
2014/10/17 4:30,3512
2014/10/17 5:00,3174
2014/10/17 5:30,4771
2014/10/17 6:00,6557
2014/10/17 6:30,11929
2014/10/17 7:00,14950
2014/10/17 7:30,19835
2014/10/17 8:00,20149
2014/10/17 8:30,19998
2014/10/17 9:00,19310
2014/10/17 9:30,18601
2014/10/17 10:00,17567
2014/10/17 10:30,17890
2014/10/17 11:00,17470
2014/10/17 11:30,18557
2014/10/17 12:00,18944
2014/10/17 12:30,17922
2014/10/17 13:00,17627
2014/10/17 13:30,18361
2014/10/17 14:00,19557
2014/10/17 14:30,19811
2014/10/17 15:00,19277
2014/10/17 15:30,16741
2014/10/17 16:00,14948
2014/10/17 16:30,14244
2014/10/17 17:00,17563
2014/10/17 17:30,21246
2014/10/17 18:00,23115
2014/10/17 18:30,24785
2014/10/17 19:00,26396
2014/10/17 19:30,26837
2014/10/17 20:00,26621
2014/10/17 20:30,26144
2014/10/17 21:00,26019
2014/10/17 21:30,26816
2014/10/17 22:00,26701
2014/10/17 22:30,26519
2014/10/17 23:00,26740
2014/10/17 23:30,26173
2014/10/18 0:00,25059
2014/10/18 0:30,24437
2014/10/18 1:00,22718
2014/10/18 1:30,20700
2014/10/18 2:00,19623
2014/10/18 2:30,16675
2014/10/18 3:00,14447
2014/10/18 3:30,12377
2014/10/18 4:00,10609
2014/10/18 4:30,6436
2014/10/18 5:00,4562
2014/10/18 5:30,3783
2014/10/18 6:00,3923
2014/10/18 6:30,5060
2014/10/18 7:00,5992
2014/10/18 7:30,8639
2014/10/18 8:00,10309
2014/10/18 8:30,13563
2014/10/18 9:00,14136
2014/10/18 9:30,16945
2014/10/18 10:00,17004
2014/10/18 10:30,19045
2014/10/18 11:00,19859
2014/10/18 11:30,21198
2014/10/18 12:00,21550
2014/10/18 12:30,21583
2014/10/18 13:00,21455
2014/10/18 13:30,21869
2014/10/18 14:00,21426
2014/10/18 14:30,21650
2014/10/18 15:00,21611
2014/10/18 15:30,20904
2014/10/18 16:00,18820
2014/10/18 16:30,17255
2014/10/18 17:00,19029
2014/10/18 17:30,22812
2014/10/18 18:00,24455
2014/10/18 18:30,26373
2014/10/18 19:00,27460
2014/10/18 19:30,27222
2014/10/18 20:00,25204
2014/10/18 20:30,24329
2014/10/18 21:00,24526
2014/10/18 21:30,25203
2014/10/18 22:00,25975
2014/10/18 22:30,27073
2014/10/18 23:00,27881
2014/10/18 23:30,28626
2014/10/19 0:00,28093
2014/10/19 0:30,26200
2014/10/19 1:00,25610
2014/10/19 1:30,23483
2014/10/19 2:00,21850
2014/10/19 2:30,19297
2014/10/19 3:00,16574
2014/10/19 3:30,14355
2014/10/19 4:00,12112
2014/10/19 4:30,7284
2014/10/19 5:00,4845
2014/10/19 5:30,3667
2014/10/19 6:00,3718
2014/10/19 6:30,4573
2014/10/19 7:00,5167
2014/10/19 7:30,6844
2014/10/19 8:00,7279
2014/10/19 8:30,9761
2014/10/19 9:00,11712
2014/10/19 9:30,14210
2014/10/19 10:00,15394
2014/10/19 10:30,18387
2014/10/19 11:00,19168
2014/10/19 11:30,20891
2014/10/19 12:00,21806
2014/10/19 12:30,22188
2014/10/19 13:00,22153
2014/10/19 13:30,21713
2014/10/19 14:00,21838
2014/10/19 14:30,21082
2014/10/19 15:00,20448
2014/10/19 15:30,20113
2014/10/19 16:00,18645
2014/10/19 16:30,17210
2014/10/19 17:00,18326
2014/10/19 17:30,20498
2014/10/19 18:00,20924
2014/10/19 18:30,21579
2014/10/19 19:00,22026
2014/10/19 19:30,22197
2014/10/19 20:00,19709
2014/10/19 20:30,18780
2014/10/19 21:00,18060
2014/10/19 21:30,17973
2014/10/19 22:00,16572
2014/10/19 22:30,14957
2014/10/19 23:00,12461
2014/10/19 23:30,10448
2014/10/20 0:00,8295
2014/10/20 0:30,6837
2014/10/20 1:00,4747
2014/10/20 1:30,3283
2014/10/20 2:00,2904
2014/10/20 2:30,2345
2014/10/20 3:00,1917
2014/10/20 3:30,1783
2014/10/20 4:00,2174
2014/10/20 4:30,2157
2014/10/20 5:00,2989
2014/10/20 5:30,4841
2014/10/20 6:00,7228
2014/10/20 6:30,11726
2014/10/20 7:00,14557
2014/10/20 7:30,17848
2014/10/20 8:00,18436
2014/10/20 8:30,18059
2014/10/20 9:00,18028
2014/10/20 9:30,17353
2014/10/20 10:00,16350
2014/10/20 10:30,16376
2014/10/20 11:00,16099
2014/10/20 11:30,16817
2014/10/20 12:00,16898
2014/10/20 12:30,16809
2014/10/20 13:00,16199
2014/10/20 13:30,16758
2014/10/20 14:00,17679
2014/10/20 14:30,18148
2014/10/20 15:00,18644
2014/10/20 15:30,17183
2014/10/20 16:00,16196
2014/10/20 16:30,15534
2014/10/20 17:00,18451
2014/10/20 17:30,20950
2014/10/20 18:00,23192
2014/10/20 18:30,24655
2014/10/20 19:00,24094
2014/10/20 19:30,23285
2014/10/20 20:00,22083
2014/10/20 20:30,21485
2014/10/20 21:00,21579
2014/10/20 21:30,21118
2014/10/20 22:00,20204
2014/10/20 22:30,16909
2014/10/20 23:00,13785
2014/10/20 23:30,11695
2014/10/21 0:00,9214
2014/10/21 0:30,6931
2014/10/21 1:00,5413
2014/10/21 1:30,4130
2014/10/21 2:00,3276
2014/10/21 2:30,2475
2014/10/21 3:00,2080
2014/10/21 3:30,1917
2014/10/21 4:00,2123
2014/10/21 4:30,1984
2014/10/21 5:00,2458
2014/10/21 5:30,4338
2014/10/21 6:00,6470
2014/10/21 6:30,11775
2014/10/21 7:00,15088
2014/10/21 7:30,19429
2014/10/21 8:00,20482
2014/10/21 8:30,19886
2014/10/21 9:00,19170
2014/10/21 9:30,18277
2014/10/21 10:00,17064
2014/10/21 10:30,16386
2014/10/21 11:00,16633
2014/10/21 11:30,17681
2014/10/21 12:00,18233
2014/10/21 12:30,17996
2014/10/21 13:00,16695
2014/10/21 13:30,16912
2014/10/21 14:00,18124
2014/10/21 14:30,18411
2014/10/21 15:00,19013
2014/10/21 15:30,17590
2014/10/21 16:00,15673
2014/10/21 16:30,14923
2014/10/21 17:00,17981
2014/10/21 17:30,21208
2014/10/21 18:00,23458
2014/10/21 18:30,24028
2014/10/21 19:00,24934
2014/10/21 19:30,25135
2014/10/21 20:00,24613
2014/10/21 20:30,24617
2014/10/21 21:00,25841
2014/10/21 21:30,24141
2014/10/21 22:00,23069
2014/10/21 22:30,21243
2014/10/21 23:00,18077
2014/10/21 23:30,15745
2014/10/22 0:00,12115
2014/10/22 0:30,9035
2014/10/22 1:00,7015
2014/10/22 1:30,5113
2014/10/22 2:00,4220
2014/10/22 2:30,3331
2014/10/22 3:00,2870
2014/10/22 3:30,2516
2014/10/22 4:00,2656
2014/10/22 4:30,2336
2014/10/22 5:00,2494
2014/10/22 5:30,5081
2014/10/22 6:00,8091
2014/10/22 6:30,13037
2014/10/22 7:00,16579
2014/10/22 7:30,19657
2014/10/22 8:00,20914
2014/10/22 8:30,20612
2014/10/22 9:00,20015
2014/10/22 9:30,19001
2014/10/22 10:00,17533
2014/10/22 10:30,17877
2014/10/22 11:00,16470
2014/10/22 11:30,18266
2014/10/22 12:00,17992
2014/10/22 12:30,17419
2014/10/22 13:00,16775
2014/10/22 13:30,17378
2014/10/22 14:00,18067
2014/10/22 14:30,19841
2014/10/22 15:00,18552
2014/10/22 15:30,16825
2014/10/22 16:00,14712
2014/10/22 16:30,14439
2014/10/22 17:00,17305
2014/10/22 17:30,20949
2014/10/22 18:00,22182
2014/10/22 18:30,23886
2014/10/22 19:00,25234
2014/10/22 19:30,24731
2014/10/22 20:00,25195
2014/10/22 20:30,25551
2014/10/22 21:00,26110
2014/10/22 21:30,24842
2014/10/22 22:00,23178
2014/10/22 22:30,23408
2014/10/22 23:00,21749
2014/10/22 23:30,17918
2014/10/23 0:00,13496
2014/10/23 0:30,10416
2014/10/23 1:00,8090
2014/10/23 1:30,5946
2014/10/23 2:00,4330
2014/10/23 2:30,3282
2014/10/23 3:00,2732
2014/10/23 3:30,2524
2014/10/23 4:00,2700
2014/10/23 4:30,2290
2014/10/23 5:00,2743
2014/10/23 5:30,4732
2014/10/23 6:00,7570
2014/10/23 6:30,12751
2014/10/23 7:00,16887
2014/10/23 7:30,20268
2014/10/23 8:00,21992
2014/10/23 8:30,21301
2014/10/23 9:00,20526
2014/10/23 9:30,19251
2014/10/23 10:00,18228
2014/10/23 10:30,18603
2014/10/23 11:00,18762
2014/10/23 11:30,19645
2014/10/23 12:00,20453
2014/10/23 12:30,19400
2014/10/23 13:00,18448
2014/10/23 13:30,18199
2014/10/23 14:00,18845
2014/10/23 14:30,18973
2014/10/23 15:00,17968
2014/10/23 15:30,15112
2014/10/23 16:00,13580
2014/10/23 16:30,12751
2014/10/23 17:00,15901
2014/10/23 17:30,19774
2014/10/23 18:00,21960
2014/10/23 18:30,23790
2014/10/23 19:00,24998
2014/10/23 19:30,25414
2014/10/23 20:00,26075
2014/10/23 20:30,25616
2014/10/23 21:00,25916
2014/10/23 21:30,25589
2014/10/23 22:00,25041
2014/10/23 22:30,24891
2014/10/23 23:00,23888
2014/10/23 23:30,22464
2014/10/24 0:00,19061
2014/10/24 0:30,16689
2014/10/24 1:00,13006
2014/10/24 1:30,9512
2014/10/24 2:00,7745
2014/10/24 2:30,6037
2014/10/24 3:00,5194
2014/10/24 3:30,4419
2014/10/24 4:00,4267
2014/10/24 4:30,3366
2014/10/24 5:00,3096
2014/10/24 5:30,4532
2014/10/24 6:00,6877
2014/10/24 6:30,11826
2014/10/24 7:00,15333
2014/10/24 7:30,19013
2014/10/24 8:00,20131
2014/10/24 8:30,19779
2014/10/24 9:00,19227
2014/10/24 9:30,18824
2014/10/24 10:00,17705
2014/10/24 10:30,18111
2014/10/24 11:00,17408
2014/10/24 11:30,18509
2014/10/24 12:00,18510
2014/10/24 12:30,17910
2014/10/24 13:00,17690
2014/10/24 13:30,18149
2014/10/24 14:00,19632
2014/10/24 14:30,19426
2014/10/24 15:00,18760
2014/10/24 15:30,16379
2014/10/24 16:00,15083
2014/10/24 16:30,14553
2014/10/24 17:00,17509
2014/10/24 17:30,20911
2014/10/24 18:00,22958
2014/10/24 18:30,25257
2014/10/24 19:00,26659
2014/10/24 19:30,27104
2014/10/24 20:00,26439
2014/10/24 20:30,25840
2014/10/24 21:00,25694
2014/10/24 21:30,26093
2014/10/24 22:00,26821
2014/10/24 22:30,26870
2014/10/24 23:00,26889
2014/10/24 23:30,27283
2014/10/25 0:00,25739
2014/10/25 0:30,23889
2014/10/25 1:00,22278
2014/10/25 1:30,20337
2014/10/25 2:00,19179
2014/10/25 2:30,16566
2014/10/25 3:00,14146
2014/10/25 3:30,12015
2014/10/25 4:00,10285
2014/10/25 4:30,6316
2014/10/25 5:00,4106
2014/10/25 5:30,3465
2014/10/25 6:00,3657
2014/10/25 6:30,4756
2014/10/25 7:00,6003
2014/10/25 7:30,7853
2014/10/25 8:00,9091
2014/10/25 8:30,12209
2014/10/25 9:00,13433
2014/10/25 9:30,16768
2014/10/25 10:00,16390
2014/10/25 10:30,18666
2014/10/25 11:00,19740
2014/10/25 11:30,21266
2014/10/25 12:00,21452
2014/10/25 12:30,21613
2014/10/25 13:00,21773
2014/10/25 13:30,21440
2014/10/25 14:00,20362
2014/10/25 14:30,20601
2014/10/25 15:00,20989
2014/10/25 15:30,20210
2014/10/25 16:00,18243
2014/10/25 16:30,16875
2014/10/25 17:00,19078
2014/10/25 17:30,22244
2014/10/25 18:00,23703
2014/10/25 18:30,25544
2014/10/25 19:00,27125
2014/10/25 19:30,26539
2014/10/25 20:00,24964
2014/10/25 20:30,23665
2014/10/25 21:00,23200
2014/10/25 21:30,24238
2014/10/25 22:00,25202
2014/10/25 22:30,26140
2014/10/25 23:00,27417
2014/10/25 23:30,27692
2014/10/26 0:00,26866
2014/10/26 0:30,26254
2014/10/26 1:00,24482
2014/10/26 1:30,22425
2014/10/26 2:00,20865
2014/10/26 2:30,18801
2014/10/26 3:00,16066
2014/10/26 3:30,14093
2014/10/26 4:00,11863
2014/10/26 4:30,7194
2014/10/26 5:00,4661
2014/10/26 5:30,3656
2014/10/26 6:00,3780
2014/10/26 6:30,4116
2014/10/26 7:00,4530
2014/10/26 7:30,6287
2014/10/26 8:00,7318
2014/10/26 8:30,9260
2014/10/26 9:00,10911
2014/10/26 9:30,14136
2014/10/26 10:00,15466
2014/10/26 10:30,18611
2014/10/26 11:00,18437
2014/10/26 11:30,20375
2014/10/26 12:00,20658
2014/10/26 12:30,21283
2014/10/26 13:00,20200
2014/10/26 13:30,20135
2014/10/26 14:00,20306
2014/10/26 14:30,20404
2014/10/26 15:00,19931
2014/10/26 15:30,19772
2014/10/26 16:00,18406
2014/10/26 16:30,16957
2014/10/26 17:00,17972
2014/10/26 17:30,19563
2014/10/26 18:00,20106
2014/10/26 18:30,20449
2014/10/26 19:00,19860
2014/10/26 19:30,19343
2014/10/26 20:00,18128
2014/10/26 20:30,17298
2014/10/26 21:00,16004
2014/10/26 21:30,16422
2014/10/26 22:00,14618
2014/10/26 22:30,13017
2014/10/26 23:00,11532
2014/10/26 23:30,10089
2014/10/27 0:00,8326
2014/10/27 0:30,6579
2014/10/27 1:00,4385
2014/10/27 1:30,3470
2014/10/27 2:00,2854
2014/10/27 2:30,2128
2014/10/27 3:00,1785
2014/10/27 3:30,1707
2014/10/27 4:00,2138
2014/10/27 4:30,2406
2014/10/27 5:00,2847
2014/10/27 5:30,4951
2014/10/27 6:00,7094
2014/10/27 6:30,11090
2014/10/27 7:00,14205
2014/10/27 7:30,17506
2014/10/27 8:00,18105
2014/10/27 8:30,17656
2014/10/27 9:00,17751
2014/10/27 9:30,17096
2014/10/27 10:00,15784
2014/10/27 10:30,16086
2014/10/27 11:00,14843
2014/10/27 11:30,16446
2014/10/27 12:00,16614
2014/10/27 12:30,16155
2014/10/27 13:00,15502
2014/10/27 13:30,16293
2014/10/27 14:00,16885
2014/10/27 14:30,17759
2014/10/27 15:00,18533
2014/10/27 15:30,17617
2014/10/27 16:00,16279
2014/10/27 16:30,15551
2014/10/27 17:00,18199
2014/10/27 17:30,20618
2014/10/27 18:00,22703
2014/10/27 18:30,23897
2014/10/27 19:00,24329
2014/10/27 19:30,23182
2014/10/27 20:00,21778
2014/10/27 20:30,21251
2014/10/27 21:00,21189
2014/10/27 21:30,20884
2014/10/27 22:00,19670
2014/10/27 22:30,18163
2014/10/27 23:00,15613
2014/10/27 23:30,13371
2014/10/28 0:00,10910
2014/10/28 0:30,7638
2014/10/28 1:00,5589
2014/10/28 1:30,4215
2014/10/28 2:00,3386
2014/10/28 2:30,2753
2014/10/28 3:00,2181
2014/10/28 3:30,2034
2014/10/28 4:00,2094
2014/10/28 4:30,1896
2014/10/28 5:00,2632
2014/10/28 5:30,4581
2014/10/28 6:00,6612
2014/10/28 6:30,11609
2014/10/28 7:00,15127
2014/10/28 7:30,19097
2014/10/28 8:00,19516
2014/10/28 8:30,19422
2014/10/28 9:00,18088
2014/10/28 9:30,17669
2014/10/28 10:00,16744
2014/10/28 10:30,17075
2014/10/28 11:00,16035
2014/10/28 11:30,17421
2014/10/28 12:00,17756
2014/10/28 12:30,17057
2014/10/28 13:00,16101
2014/10/28 13:30,17443
2014/10/28 14:00,17890
2014/10/28 14:30,18651
2014/10/28 15:00,18762
2014/10/28 15:30,17135
2014/10/28 16:00,15175
2014/10/28 16:30,13958
2014/10/28 17:00,16881
2014/10/28 17:30,19615
2014/10/28 18:00,22196
2014/10/28 18:30,22906
2014/10/28 19:00,23482
2014/10/28 19:30,23088
2014/10/28 20:00,23728
2014/10/28 20:30,23210
2014/10/28 21:00,23685
2014/10/28 21:30,23843
2014/10/28 22:00,22597
2014/10/28 22:30,20923
2014/10/28 23:00,19229
2014/10/28 23:30,15963
2014/10/29 0:00,12292
2014/10/29 0:30,9190
2014/10/29 1:00,6864
2014/10/29 1:30,5693
2014/10/29 2:00,4499
2014/10/29 2:30,3304
2014/10/29 3:00,2560
2014/10/29 3:30,2485
2014/10/29 4:00,2560
2014/10/29 4:30,2248
2014/10/29 5:00,2389
2014/10/29 5:30,4313
2014/10/29 6:00,6649
2014/10/29 6:30,11289
2014/10/29 7:00,15103
2014/10/29 7:30,19437
2014/10/29 8:00,19443
2014/10/29 8:30,19707
2014/10/29 9:00,18912
2014/10/29 9:30,18203
2014/10/29 10:00,16492
2014/10/29 10:30,16837
2014/10/29 11:00,16075
2014/10/29 11:30,17160
2014/10/29 12:00,17606
2014/10/29 12:30,17267
2014/10/29 13:00,16875
2014/10/29 13:30,17940
2014/10/29 14:00,18339
2014/10/29 14:30,18971
2014/10/29 15:00,19298
2014/10/29 15:30,16665
2014/10/29 16:00,15008
2014/10/29 16:30,13873
2014/10/29 17:00,17894
2014/10/29 17:30,21574
2014/10/29 18:00,22116
2014/10/29 18:30,23582
2014/10/29 19:00,25553
2014/10/29 19:30,25299
2014/10/29 20:00,24778
2014/10/29 20:30,24729
2014/10/29 21:00,24907
2014/10/29 21:30,24810
2014/10/29 22:00,24246
2014/10/29 22:30,23250
2014/10/29 23:00,20700
2014/10/29 23:30,18631
2014/10/30 0:00,14048
2014/10/30 0:30,10691
2014/10/30 1:00,8363
2014/10/30 1:30,6405
2014/10/30 2:00,5251
2014/10/30 2:30,3714
2014/10/30 3:00,3232
2014/10/30 3:30,3057
2014/10/30 4:00,3005
2014/10/30 4:30,2506
2014/10/30 5:00,2821
2014/10/30 5:30,5287
2014/10/30 6:00,7427
2014/10/30 6:30,12248
2014/10/30 7:00,15618
2014/10/30 7:30,19528
2014/10/30 8:00,19813
2014/10/30 8:30,19680
2014/10/30 9:00,19351
2014/10/30 9:30,18967
2014/10/30 10:00,17899
2014/10/30 10:30,17994
2014/10/30 11:00,17167
2014/10/30 11:30,18094
2014/10/30 12:00,18575
2014/10/30 12:30,18022
2014/10/30 13:00,17359
2014/10/30 13:30,18035
2014/10/30 14:00,18733
2014/10/30 14:30,19410
2014/10/30 15:00,18991
2014/10/30 15:30,16749
2014/10/30 16:00,14604
2014/10/30 16:30,13367
2014/10/30 17:00,16382
2014/10/30 17:30,19879
2014/10/30 18:00,21735
2014/10/30 18:30,23802
2014/10/30 19:00,24832
2014/10/30 19:30,24964
2014/10/30 20:00,25791
2014/10/30 20:30,25810
2014/10/30 21:00,25816
2014/10/30 21:30,25849
2014/10/30 22:00,24877
2014/10/30 22:30,25072
2014/10/30 23:00,24763
2014/10/30 23:30,22241
2014/10/31 0:00,19957
2014/10/31 0:30,16881
2014/10/31 1:00,13588
2014/10/31 1:30,10958
2014/10/31 2:00,9119
2014/10/31 2:30,7589
2014/10/31 3:00,6221
2014/10/31 3:30,4936
2014/10/31 4:00,4796
2014/10/31 4:30,3555
2014/10/31 5:00,3337
2014/10/31 5:30,4665
2014/10/31 6:00,7084
2014/10/31 6:30,11681
2014/10/31 7:00,14822
2014/10/31 7:30,19004
2014/10/31 8:00,20306
2014/10/31 8:30,20687
2014/10/31 9:00,19585
2014/10/31 9:30,18702
2014/10/31 10:00,18099
2014/10/31 10:30,18335
2014/10/31 11:00,17653
2014/10/31 11:30,18889
2014/10/31 12:00,19146
2014/10/31 12:30,18833
2014/10/31 13:00,18315
2014/10/31 13:30,18917
2014/10/31 14:00,20430
2014/10/31 14:30,20608
2014/10/31 15:00,19915
2014/10/31 15:30,16981
2014/10/31 16:00,15045
2014/10/31 16:30,13978
2014/10/31 17:00,16891
2014/10/31 17:30,20025
2014/10/31 18:00,21438
2014/10/31 18:30,23813
2014/10/31 19:00,25517
2014/10/31 19:30,25493
2014/10/31 20:00,25475
2014/10/31 20:30,26996
2014/10/31 21:00,27015
2014/10/31 21:30,27264
2014/10/31 22:00,26977
2014/10/31 22:30,26343
2014/10/31 23:00,26333
2014/10/31 23:30,26524
2014/11/1 0:00,25425
2014/11/1 0:30,24937
2014/11/1 1:00,24946
2014/11/1 1:30,23736
2014/11/1 2:00,23245
2014/11/1 2:30,21459
2014/11/1 3:00,19849
2014/11/1 3:30,17679
2014/11/1 4:00,15018
2014/11/1 4:30,10600
2014/11/1 5:00,7758
2014/11/1 5:30,5907
2014/11/1 6:00,5743
2014/11/1 6:30,6223
2014/11/1 7:00,6386
2014/11/1 7:30,9098
2014/11/1 8:00,9864
2014/11/1 8:30,12903
2014/11/1 9:00,14185
2014/11/1 9:30,18584
2014/11/1 10:00,19066
2014/11/1 10:30,22683
2014/11/1 11:00,23292
2014/11/1 11:30,24154
2014/11/1 12:00,25310
2014/11/1 12:30,26625
2014/11/1 13:00,25584
2014/11/1 13:30,25115
2014/11/1 14:00,23935
2014/11/1 14:30,23341
2014/11/1 15:00,23337
2014/11/1 15:30,22199
2014/11/1 16:00,20008
2014/11/1 16:30,18443
2014/11/1 17:00,20865
2014/11/1 17:30,23719
2014/11/1 18:00,25241
2014/11/1 18:30,27383
2014/11/1 19:00,28398
2014/11/1 19:30,27426
2014/11/1 20:00,26537
2014/11/1 20:30,25980
2014/11/1 21:00,24601
2014/11/1 21:30,24838
2014/11/1 22:00,26372
2014/11/1 22:30,26567
2014/11/1 23:00,25879
2014/11/1 23:30,26125
2014/11/2 0:00,25110
2014/11/2 0:30,23109
2014/11/2 1:00,39197
2014/11/2 1:30,35212
2014/11/2 2:00,13259
2014/11/2 2:30,12250
2014/11/2 3:00,10013
2014/11/2 3:30,7898
2014/11/2 4:00,6375
2014/11/2 4:30,4532
2014/11/2 5:00,5116
2014/11/2 5:30,5232
2014/11/2 6:00,4542
2014/11/2 6:30,5298
2014/11/2 7:00,5155
2014/11/2 7:30,6029
2014/11/2 8:00,6280
2014/11/2 8:30,8771
2014/11/2 9:00,10151
2014/11/2 9:30,12501
2014/11/2 10:00,13990
2014/11/2 10:30,16534
2014/11/2 11:00,17133
2014/11/2 11:30,18775
2014/11/2 12:00,18985
2014/11/2 12:30,19911
2014/11/2 13:00,19123
2014/11/2 13:30,19524
2014/11/2 14:00,19640
2014/11/2 14:30,18364
2014/11/2 15:00,17940
2014/11/2 15:30,17949
2014/11/2 16:00,17288
2014/11/2 16:30,16326
2014/11/2 17:00,17522
2014/11/2 17:30,19243
2014/11/2 18:00,20291
2014/11/2 18:30,21649
2014/11/2 19:00,22839
2014/11/2 19:30,21772
2014/11/2 20:00,20994
2014/11/2 20:30,19774
2014/11/2 21:00,18398
2014/11/2 21:30,17764
2014/11/2 22:00,17334
2014/11/2 22:30,15431
2014/11/2 23:00,12958
2014/11/2 23:30,10224
2014/11/3 0:00,8771
2014/11/3 0:30,6045
2014/11/3 1:00,4413
2014/11/3 1:30,3235
2014/11/3 2:00,2688
2014/11/3 2:30,1983
2014/11/3 3:00,1756
2014/11/3 3:30,1683
2014/11/3 4:00,2140
2014/11/3 4:30,2288
2014/11/3 5:00,2948
2014/11/3 5:30,4813
2014/11/3 6:00,8044
2014/11/3 6:30,12885
2014/11/3 7:00,14627
2014/11/3 7:30,18111
2014/11/3 8:00,18266
2014/11/3 8:30,18384
2014/11/3 9:00,18104
2014/11/3 9:30,17357
2014/11/3 10:00,16008
2014/11/3 10:30,16379
2014/11/3 11:00,15351
2014/11/3 11:30,16770
2014/11/3 12:00,16711
2014/11/3 12:30,17011
2014/11/3 13:00,16373
2014/11/3 13:30,17097
2014/11/3 14:00,17364
2014/11/3 14:30,18333
2014/11/3 15:00,18428
2014/11/3 15:30,16974
2014/11/3 16:00,16139
2014/11/3 16:30,15205
2014/11/3 17:00,17392
2014/11/3 17:30,20141
2014/11/3 18:00,22581
2014/11/3 18:30,23098
2014/11/3 19:00,23154
2014/11/3 19:30,22688
2014/11/3 20:00,22047
2014/11/3 20:30,21283
2014/11/3 21:00,21070
2014/11/3 21:30,19910
2014/11/3 22:00,20541
2014/11/3 22:30,18105
2014/11/3 23:00,14554
2014/11/3 23:30,12695
2014/11/4 0:00,10667
2014/11/4 0:30,8479
2014/11/4 1:00,6005
2014/11/4 1:30,3899
2014/11/4 2:00,3111
2014/11/4 2:30,2526
2014/11/4 3:00,2112
2014/11/4 3:30,1885
2014/11/4 4:00,1921
2014/11/4 4:30,2267
2014/11/4 5:00,2413
2014/11/4 5:30,4413
2014/11/4 6:00,7168
2014/11/4 6:30,12160
2014/11/4 7:00,14845
2014/11/4 7:30,18403
2014/11/4 8:00,18445
2014/11/4 8:30,19018
2014/11/4 9:00,18105
2014/11/4 9:30,17459
2014/11/4 10:00,16381
2014/11/4 10:30,16623
2014/11/4 11:00,16144
2014/11/4 11:30,17318
2014/11/4 12:00,17658
2014/11/4 12:30,17108
2014/11/4 13:00,16178
2014/11/4 13:30,17973
2014/11/4 14:00,18152
2014/11/4 14:30,18445
2014/11/4 15:00,18556
2014/11/4 15:30,16865
2014/11/4 16:00,14505
2014/11/4 16:30,13471
2014/11/4 17:00,15853
2014/11/4 17:30,18369
2014/11/4 18:00,20968
2014/11/4 18:30,22239
2014/11/4 19:00,22626
2014/11/4 19:30,22924
2014/11/4 20:00,22853
2014/11/4 20:30,22393
2014/11/4 21:00,23088
2014/11/4 21:30,22431
2014/11/4 22:00,22239
2014/11/4 22:30,19918
2014/11/4 23:00,17675
2014/11/4 23:30,14953
2014/11/5 0:00,12025
2014/11/5 0:30,8767
2014/11/5 1:00,6670
2014/11/5 1:30,5197
2014/11/5 2:00,4289
2014/11/5 2:30,3186
2014/11/5 3:00,2747
2014/11/5 3:30,2257
2014/11/5 4:00,2397
2014/11/5 4:30,2205
2014/11/5 5:00,2625
2014/11/5 5:30,4404
2014/11/5 6:00,7007
2014/11/5 6:30,12065
2014/11/5 7:00,15803
2014/11/5 7:30,19844
2014/11/5 8:00,19937
2014/11/5 8:30,20299
2014/11/5 9:00,19584
2014/11/5 9:30,19313
2014/11/5 10:00,16887
2014/11/5 10:30,17118
2014/11/5 11:00,16847
2014/11/5 11:30,18356
2014/11/5 12:00,18124
2014/11/5 12:30,17783
2014/11/5 13:00,17223
2014/11/5 13:30,17852
2014/11/5 14:00,18374
2014/11/5 14:30,18641
2014/11/5 15:00,18913
2014/11/5 15:30,16314
2014/11/5 16:00,13917
2014/11/5 16:30,13151
2014/11/5 17:00,16100
2014/11/5 17:30,19136
2014/11/5 18:00,21762
2014/11/5 18:30,22829
2014/11/5 19:00,23705
2014/11/5 19:30,23740
2014/11/5 20:00,23789
2014/11/5 20:30,23389
2014/11/5 21:00,24122
2014/11/5 21:30,24156
2014/11/5 22:00,23679
2014/11/5 22:30,22803
2014/11/5 23:00,20814
2014/11/5 23:30,17376
2014/11/6 0:00,13846
2014/11/6 0:30,10387
2014/11/6 1:00,8384
2014/11/6 1:30,6455
2014/11/6 2:00,5043
2014/11/6 2:30,3738
2014/11/6 3:00,3155
2014/11/6 3:30,2758
2014/11/6 4:00,3122
2014/11/6 4:30,2625
2014/11/6 5:00,2760
2014/11/6 5:30,4995
2014/11/6 6:00,8021
2014/11/6 6:30,13803
2014/11/6 7:00,17405
2014/11/6 7:30,20841
2014/11/6 8:00,21338
2014/11/6 8:30,21281
2014/11/6 9:00,20108
2014/11/6 9:30,20198
2014/11/6 10:00,19035
2014/11/6 10:30,19155
2014/11/6 11:00,17964
2014/11/6 11:30,18680
2014/11/6 12:00,18600
2014/11/6 12:30,17556
2014/11/6 13:00,17373
2014/11/6 13:30,17832
2014/11/6 14:00,18087
2014/11/6 14:30,18057
2014/11/6 15:00,17634
2014/11/6 15:30,15492
2014/11/6 16:00,13677
2014/11/6 16:30,12574
2014/11/6 17:00,15818
2014/11/6 17:30,19350
2014/11/6 18:00,21754
2014/11/6 18:30,23740
2014/11/6 19:00,24666
2014/11/6 19:30,25142
2014/11/6 20:00,25597
2014/11/6 20:30,25126
2014/11/6 21:00,25312
2014/11/6 21:30,26067
2014/11/6 22:00,25613
2014/11/6 22:30,23971
2014/11/6 23:00,22859
2014/11/6 23:30,21287
2014/11/7 0:00,18308
2014/11/7 0:30,14352
2014/11/7 1:00,11746
2014/11/7 1:30,9042
2014/11/7 2:00,7318
2014/11/7 2:30,6009
2014/11/7 3:00,5364
2014/11/7 3:30,4336
2014/11/7 4:00,4008
2014/11/7 4:30,3263
2014/11/7 5:00,3183
2014/11/7 5:30,4813
2014/11/7 6:00,7519
2014/11/7 6:30,12074
2014/11/7 7:00,15249
2014/11/7 7:30,19300
2014/11/7 8:00,19564
2014/11/7 8:30,19132
2014/11/7 9:00,18454
2014/11/7 9:30,17950
2014/11/7 10:00,17374
2014/11/7 10:30,17674
2014/11/7 11:00,17016
2014/11/7 11:30,18484
2014/11/7 12:00,18460
2014/11/7 12:30,17693
2014/11/7 13:00,18093
2014/11/7 13:30,19918
2014/11/7 14:00,19945
2014/11/7 14:30,19077
2014/11/7 15:00,18186
2014/11/7 15:30,16030
2014/11/7 16:00,14092
2014/11/7 16:30,13270
2014/11/7 17:00,15935
2014/11/7 17:30,19419
2014/11/7 18:00,21778
2014/11/7 18:30,24460
2014/11/7 19:00,26246
2014/11/7 19:30,27224
2014/11/7 20:00,26862
2014/11/7 20:30,27340
2014/11/7 21:00,27335
2014/11/7 21:30,26727
2014/11/7 22:00,27181
2014/11/7 22:30,27761
2014/11/7 23:00,27193
2014/11/7 23:30,26857
2014/11/8 0:00,25692
2014/11/8 0:30,24162
2014/11/8 1:00,22219
2014/11/8 1:30,20748
2014/11/8 2:00,19471
2014/11/8 2:30,16940
2014/11/8 3:00,14431
2014/11/8 3:30,11898
2014/11/8 4:00,10264
2014/11/8 4:30,5942
2014/11/8 5:00,4063
2014/11/8 5:30,3498
2014/11/8 6:00,3726
2014/11/8 6:30,5242
2014/11/8 7:00,5655
2014/11/8 7:30,8191
2014/11/8 8:00,9371
2014/11/8 8:30,13050
2014/11/8 9:00,13820
2014/11/8 9:30,17437
2014/11/8 10:00,17281
2014/11/8 10:30,19718
2014/11/8 11:00,19999
2014/11/8 11:30,22047
2014/11/8 12:00,22352
2014/11/8 12:30,22898
2014/11/8 13:00,22660
2014/11/8 13:30,23047
2014/11/8 14:00,21976
2014/11/8 14:30,22746
2014/11/8 15:00,22382
2014/11/8 15:30,21956
2014/11/8 16:00,18619
2014/11/8 16:30,15861
2014/11/8 17:00,18326
2014/11/8 17:30,22332
2014/11/8 18:00,25097
2014/11/8 18:30,27236
2014/11/8 19:00,27898
2014/11/8 19:30,26790
2014/11/8 20:00,25561
2014/11/8 20:30,24344
2014/11/8 21:00,23890
2014/11/8 21:30,24609
2014/11/8 22:00,26595
2014/11/8 22:30,27260
2014/11/8 23:00,27998
2014/11/8 23:30,27854
2014/11/9 0:00,26931
2014/11/9 0:30,25208
2014/11/9 1:00,23782
2014/11/9 1:30,22472
2014/11/9 2:00,21183
2014/11/9 2:30,18443
2014/11/9 3:00,16105
2014/11/9 3:30,13801
2014/11/9 4:00,11997
2014/11/9 4:30,7112
2014/11/9 5:00,4627
2014/11/9 5:30,3683
2014/11/9 6:00,3587
2014/11/9 6:30,4158
2014/11/9 7:00,4351
2014/11/9 7:30,5823
2014/11/9 8:00,6850
2014/11/9 8:30,9839
2014/11/9 9:00,11422
2014/11/9 9:30,14897
2014/11/9 10:00,15815
2014/11/9 10:30,18787
2014/11/9 11:00,18880
2014/11/9 11:30,19871
2014/11/9 12:00,20722
2014/11/9 12:30,21774
2014/11/9 13:00,21318
2014/11/9 13:30,20699
2014/11/9 14:00,20831
2014/11/9 14:30,20467
2014/11/9 15:00,20249
2014/11/9 15:30,20100
2014/11/9 16:00,18688
2014/11/9 16:30,17249
2014/11/9 17:00,18573
2014/11/9 17:30,19937
2014/11/9 18:00,20564
2014/11/9 18:30,20132
2014/11/9 19:00,19654
2014/11/9 19:30,18449
2014/11/9 20:00,17176
2014/11/9 20:30,17596
2014/11/9 21:00,16431
2014/11/9 21:30,15860
2014/11/9 22:00,15253
2014/11/9 22:30,13845
2014/11/9 23:00,11656
2014/11/9 23:30,9818
2014/11/10 0:00,7870
2014/11/10 0:30,6079
2014/11/10 1:00,4644
2014/11/10 1:30,3501
2014/11/10 2:00,2989
2014/11/10 2:30,2247
2014/11/10 3:00,1853
2014/11/10 3:30,1791
2014/11/10 4:00,2189
2014/11/10 4:30,2328
2014/11/10 5:00,2827
2014/11/10 5:30,4738
2014/11/10 6:00,6803
2014/11/10 6:30,11738
2014/11/10 7:00,14296
2014/11/10 7:30,17240
2014/11/10 8:00,17657
2014/11/10 8:30,17904
2014/11/10 9:00,17705
2014/11/10 9:30,16814
2014/11/10 10:00,15908
2014/11/10 10:30,15545
2014/11/10 11:00,15119
2014/11/10 11:30,16241
2014/11/10 12:00,16354
2014/11/10 12:30,16002
2014/11/10 13:00,15560
2014/11/10 13:30,16855
2014/11/10 14:00,17292
2014/11/10 14:30,17780
2014/11/10 15:00,18467
2014/11/10 15:30,17048
2014/11/10 16:00,15386
2014/11/10 16:30,15329
2014/11/10 17:00,17444
2014/11/10 17:30,19765
2014/11/10 18:00,22418
2014/11/10 18:30,22794
2014/11/10 19:00,23094
2014/11/10 19:30,22197
2014/11/10 20:00,21796
2014/11/10 20:30,20849
2014/11/10 21:00,21169
2014/11/10 21:30,20613
2014/11/10 22:00,20734
2014/11/10 22:30,17540
2014/11/10 23:00,15189
2014/11/10 23:30,12879
2014/11/11 0:00,10511
2014/11/11 0:30,7509
2014/11/11 1:00,6277
2014/11/11 1:30,4622
2014/11/11 2:00,3785
2014/11/11 2:30,2970
2014/11/11 3:00,2332
2014/11/11 3:30,2166
2014/11/11 4:00,2179
2014/11/11 4:30,2040
2014/11/11 5:00,2278
2014/11/11 5:30,3860
2014/11/11 6:00,5517
2014/11/11 6:30,9569
2014/11/11 7:00,12272
2014/11/11 7:30,16460
2014/11/11 8:00,16976
2014/11/11 8:30,17823
2014/11/11 9:00,17655
2014/11/11 9:30,16946
2014/11/11 10:00,15846
2014/11/11 10:30,15835
2014/11/11 11:00,15442
2014/11/11 11:30,16069
2014/11/11 12:00,15966
2014/11/11 12:30,15584
2014/11/11 13:00,15384
2014/11/11 13:30,15909
2014/11/11 14:00,16140
2014/11/11 14:30,16337
2014/11/11 15:00,16381
2014/11/11 15:30,15196
2014/11/11 16:00,13003
2014/11/11 16:30,12213
2014/11/11 17:00,15103
2014/11/11 17:30,18301
2014/11/11 18:00,20626
2014/11/11 18:30,22533
2014/11/11 19:00,22905
2014/11/11 19:30,22181
2014/11/11 20:00,21899
2014/11/11 20:30,21789
2014/11/11 21:00,22253
2014/11/11 21:30,22515
2014/11/11 22:00,21410
2014/11/11 22:30,19812
2014/11/11 23:00,17135
2014/11/11 23:30,13567
2014/11/12 0:00,10829
2014/11/12 0:30,7850
2014/11/12 1:00,6572
2014/11/12 1:30,4748
2014/11/12 2:00,3777
2014/11/12 2:30,3255
2014/11/12 3:00,2415
2014/11/12 3:30,2279
2014/11/12 4:00,2353
2014/11/12 4:30,2142
2014/11/12 5:00,2540
2014/11/12 5:30,4177
2014/11/12 6:00,6843
2014/11/12 6:30,11818
2014/11/12 7:00,15665
2014/11/12 7:30,19785
2014/11/12 8:00,19813
2014/11/12 8:30,19623
2014/11/12 9:00,18444
2014/11/12 9:30,17937
2014/11/12 10:00,16552
2014/11/12 10:30,17394
2014/11/12 11:00,16960
2014/11/12 11:30,18105
2014/11/12 12:00,17724
2014/11/12 12:30,16327
2014/11/12 13:00,16527
2014/11/12 13:30,17290
2014/11/12 14:00,18042
2014/11/12 14:30,18250
2014/11/12 15:00,17656
2014/11/12 15:30,16288
2014/11/12 16:00,13992
2014/11/12 16:30,12912
2014/11/12 17:00,16032
2014/11/12 17:30,18814
2014/11/12 18:00,21296
2014/11/12 18:30,23115
2014/11/12 19:00,23859
2014/11/12 19:30,24749
2014/11/12 20:00,23879
2014/11/12 20:30,23815
2014/11/12 21:00,24595
2014/11/12 21:30,24494
2014/11/12 22:00,24213
2014/11/12 22:30,22931
2014/11/12 23:00,20785
2014/11/12 23:30,17464
2014/11/13 0:00,13303
2014/11/13 0:30,10350
2014/11/13 1:00,7850
2014/11/13 1:30,5961
2014/11/13 2:00,5051
2014/11/13 2:30,3833
2014/11/13 3:00,3006
2014/11/13 3:30,2515
2014/11/13 4:00,2816
2014/11/13 4:30,2248
2014/11/13 5:00,2621
2014/11/13 5:30,4392
2014/11/13 6:00,7062
2014/11/13 6:30,12333
2014/11/13 7:00,15661
2014/11/13 7:30,19597
2014/11/13 8:00,20200
2014/11/13 8:30,19843
2014/11/13 9:00,19031
2014/11/13 9:30,18253
2014/11/13 10:00,17244
2014/11/13 10:30,17402
2014/11/13 11:00,17286
2014/11/13 11:30,18936
2014/11/13 12:00,18516
2014/11/13 12:30,17635
2014/11/13 13:00,17343
2014/11/13 13:30,19090
2014/11/13 14:00,19197
2014/11/13 14:30,19207
2014/11/13 15:00,18412
2014/11/13 15:30,16391
2014/11/13 16:00,13472
2014/11/13 16:30,12807
2014/11/13 17:00,16097
2014/11/13 17:30,19322
2014/11/13 18:00,21645
2014/11/13 18:30,22745
2014/11/13 19:00,24219
2014/11/13 19:30,25443
2014/11/13 20:00,25695
2014/11/13 20:30,25994
2014/11/13 21:00,26424
2014/11/13 21:30,25450
2014/11/13 22:00,24621
2014/11/13 22:30,23727
2014/11/13 23:00,22503
2014/11/13 23:30,20709
2014/11/14 0:00,17932
2014/11/14 0:30,14668
2014/11/14 1:00,11986
2014/11/14 1:30,9213
2014/11/14 2:00,7202
2014/11/14 2:30,5552
2014/11/14 3:00,5023
2014/11/14 3:30,3900
2014/11/14 4:00,4039
2014/11/14 4:30,2987
2014/11/14 5:00,3090
2014/11/14 5:30,4737
2014/11/14 6:00,7102
2014/11/14 6:30,12268
2014/11/14 7:00,15903
2014/11/14 7:30,20015
2014/11/14 8:00,20432
2014/11/14 8:30,20735
2014/11/14 9:00,19149
2014/11/14 9:30,18665
2014/11/14 10:00,17992
2014/11/14 10:30,17773
2014/11/14 11:00,17786
2014/11/14 11:30,18128
2014/11/14 12:00,18355
2014/11/14 12:30,17629
2014/11/14 13:00,17104
2014/11/14 13:30,18151
2014/11/14 14:00,18892
2014/11/14 14:30,19540
2014/11/14 15:00,18557
2014/11/14 15:30,16263
2014/11/14 16:00,14668
2014/11/14 16:30,13473
2014/11/14 17:00,16747
2014/11/14 17:30,20594
2014/11/14 18:00,23151
2014/11/14 18:30,25446
2014/11/14 19:00,27196
2014/11/14 19:30,26881
2014/11/14 20:00,25994
2014/11/14 20:30,25879
2014/11/14 21:00,26301
2014/11/14 21:30,27136
2014/11/14 22:00,26940
2014/11/14 22:30,26834
2014/11/14 23:00,26960
2014/11/14 23:30,26107
2014/11/15 0:00,25034
2014/11/15 0:30,24103
2014/11/15 1:00,22682
2014/11/15 1:30,20630
2014/11/15 2:00,19226
2014/11/15 2:30,16555
2014/11/15 3:00,14088
2014/11/15 3:30,12491
2014/11/15 4:00,10208
2014/11/15 4:30,5853
2014/11/15 5:00,4019
2014/11/15 5:30,3477
2014/11/15 6:00,3582
2014/11/15 6:30,4936
2014/11/15 7:00,5272
2014/11/15 7:30,7427
2014/11/15 8:00,8646
2014/11/15 8:30,12313
2014/11/15 9:00,13426
2014/11/15 9:30,17040
2014/11/15 10:00,16811
2014/11/15 10:30,19069
2014/11/15 11:00,19423
2014/11/15 11:30,21552
2014/11/15 12:00,21685
2014/11/15 12:30,22380
2014/11/15 13:00,21954
2014/11/15 13:30,21926
2014/11/15 14:00,21851
2014/11/15 14:30,22014
2014/11/15 15:00,22075
2014/11/15 15:30,20936
2014/11/15 16:00,18358
2014/11/15 16:30,15289
2014/11/15 17:00,17742
2014/11/15 17:30,21769
2014/11/15 18:00,24058
2014/11/15 18:30,26029
2014/11/15 19:00,27266
2014/11/15 19:30,26817
2014/11/15 20:00,25049
2014/11/15 20:30,23713
2014/11/15 21:00,23324
2014/11/15 21:30,23970
2014/11/15 22:00,26325
2014/11/15 22:30,26139
2014/11/15 23:00,27312
2014/11/15 23:30,28114
2014/11/16 0:00,26651
2014/11/16 0:30,25212
2014/11/16 1:00,24273
2014/11/16 1:30,22665
2014/11/16 2:00,21069
2014/11/16 2:30,18803
2014/11/16 3:00,16590
2014/11/16 3:30,14414
2014/11/16 4:00,12228
2014/11/16 4:30,7230
2014/11/16 5:00,4624
2014/11/16 5:30,3594
2014/11/16 6:00,3332
2014/11/16 6:30,4083
2014/11/16 7:00,4416
2014/11/16 7:30,5214
2014/11/16 8:00,6429
2014/11/16 8:30,8898
2014/11/16 9:00,10911
2014/11/16 9:30,13475
2014/11/16 10:00,15157
2014/11/16 10:30,18595
2014/11/16 11:00,19233
2014/11/16 11:30,20372
2014/11/16 12:00,21847
2014/11/16 12:30,21695
2014/11/16 13:00,21880
2014/11/16 13:30,21047
2014/11/16 14:00,21107
2014/11/16 14:30,20602
2014/11/16 15:00,19817
2014/11/16 15:30,19310
2014/11/16 16:00,18479
2014/11/16 16:30,16296
2014/11/16 17:00,17751
2014/11/16 17:30,19230
2014/11/16 18:00,19883
2014/11/16 18:30,19768
2014/11/16 19:00,18931
2014/11/16 19:30,17936
2014/11/16 20:00,16360
2014/11/16 20:30,16885
2014/11/16 21:00,16000
2014/11/16 21:30,14902
2014/11/16 22:00,13707
2014/11/16 22:30,13406
2014/11/16 23:00,12021
2014/11/16 23:30,11115
2014/11/17 0:00,8317
2014/11/17 0:30,5887
2014/11/17 1:00,4464
2014/11/17 1:30,3425
2014/11/17 2:00,2961
2014/11/17 2:30,2328
2014/11/17 3:00,2020
2014/11/17 3:30,1764
2014/11/17 4:00,2139
2014/11/17 4:30,2296
2014/11/17 5:00,2960
2014/11/17 5:30,5121
2014/11/17 6:00,7871
2014/11/17 6:30,11902
2014/11/17 7:00,14583
2014/11/17 7:30,17190
2014/11/17 8:00,18725
2014/11/17 8:30,18822
2014/11/17 9:00,17992
2014/11/17 9:30,17210
2014/11/17 10:00,15940
2014/11/17 10:30,17094
2014/11/17 11:00,15247
2014/11/17 11:30,16676
2014/11/17 12:00,16895
2014/11/17 12:30,17205
2014/11/17 13:00,17634
2014/11/17 13:30,18189
2014/11/17 14:00,19319
2014/11/17 14:30,18757
2014/11/17 15:00,17239
2014/11/17 15:30,14885
2014/11/17 16:00,13577
2014/11/17 16:30,13513
2014/11/17 17:00,15864
2014/11/17 17:30,18502
2014/11/17 18:00,20313
2014/11/17 18:30,20674
2014/11/17 19:00,21079
2014/11/17 19:30,21433
2014/11/17 20:00,20590
2014/11/17 20:30,19515
2014/11/17 21:00,20194
2014/11/17 21:30,19251
2014/11/17 22:00,18436
2014/11/17 22:30,16099
2014/11/17 23:00,14985
2014/11/17 23:30,11612
2014/11/18 0:00,9828
2014/11/18 0:30,7529
2014/11/18 1:00,6162
2014/11/18 1:30,4296
2014/11/18 2:00,3090
2014/11/18 2:30,2366
2014/11/18 3:00,2094
2014/11/18 3:30,1831
2014/11/18 4:00,1987
2014/11/18 4:30,1936
2014/11/18 5:00,2346
2014/11/18 5:30,4328
2014/11/18 6:00,6935
2014/11/18 6:30,12642
2014/11/18 7:00,16037
2014/11/18 7:30,20032
2014/11/18 8:00,20709
2014/11/18 8:30,20897
2014/11/18 9:00,20127
2014/11/18 9:30,19075
2014/11/18 10:00,17883
2014/11/18 10:30,17581
2014/11/18 11:00,16559
2014/11/18 11:30,17870
2014/11/18 12:00,18097
2014/11/18 12:30,17714
2014/11/18 13:00,17104
2014/11/18 13:30,17999
2014/11/18 14:00,19071
2014/11/18 14:30,19197
2014/11/18 15:00,19000
2014/11/18 15:30,17013
2014/11/18 16:00,14962
2014/11/18 16:30,13727
2014/11/18 17:00,16826
2014/11/18 17:30,20320
2014/11/18 18:00,23167
2014/11/18 18:30,23782
2014/11/18 19:00,24068
2014/11/18 19:30,24831
2014/11/18 20:00,25564
2014/11/18 20:30,25300
2014/11/18 21:00,25503
2014/11/18 21:30,24598
2014/11/18 22:00,24120
2014/11/18 22:30,22641
2014/11/18 23:00,19722
2014/11/18 23:30,15507
2014/11/19 0:00,12079
2014/11/19 0:30,8561
2014/11/19 1:00,6632
2014/11/19 1:30,4846
2014/11/19 2:00,3996
2014/11/19 2:30,3339
2014/11/19 3:00,2594
2014/11/19 3:30,2315
2014/11/19 4:00,2462
2014/11/19 4:30,2077
2014/11/19 5:00,2448
2014/11/19 5:30,4656
2014/11/19 6:00,7055
2014/11/19 6:30,12903
2014/11/19 7:00,16639
2014/11/19 7:30,20585
2014/11/19 8:00,21833
2014/11/19 8:30,21453
2014/11/19 9:00,20023
2014/11/19 9:30,18790
2014/11/19 10:00,18382
2014/11/19 10:30,17956
2014/11/19 11:00,17477
2014/11/19 11:30,18590
2014/11/19 12:00,18409
2014/11/19 12:30,18020
2014/11/19 13:00,16950
2014/11/19 13:30,17826
2014/11/19 14:00,18105
2014/11/19 14:30,18187
2014/11/19 15:00,18565
2014/11/19 15:30,16454
2014/11/19 16:00,14355
2014/11/19 16:30,13109
2014/11/19 17:00,15924
2014/11/19 17:30,19175
2014/11/19 18:00,21521
2014/11/19 18:30,22762
2014/11/19 19:00,23889
2014/11/19 19:30,24408
2014/11/19 20:00,24501
2014/11/19 20:30,24316
2014/11/19 21:00,24362
2014/11/19 21:30,24032
2014/11/19 22:00,23174
2014/11/19 22:30,22453
2014/11/19 23:00,20964
2014/11/19 23:30,18142
2014/11/20 0:00,14466
2014/11/20 0:30,10771
2014/11/20 1:00,8100
2014/11/20 1:30,5976
2014/11/20 2:00,5000
2014/11/20 2:30,3727
2014/11/20 3:00,2984
2014/11/20 3:30,2584
2014/11/20 4:00,2591
2014/11/20 4:30,2253
2014/11/20 5:00,2489
2014/11/20 5:30,4419
2014/11/20 6:00,7014
2014/11/20 6:30,12470
2014/11/20 7:00,16549
2014/11/20 7:30,19879
2014/11/20 8:00,20437
2014/11/20 8:30,19549
2014/11/20 9:00,18639
2014/11/20 9:30,18683
2014/11/20 10:00,18486
2014/11/20 10:30,18014
2014/11/20 11:00,16720
2014/11/20 11:30,18570
2014/11/20 12:00,18309
2014/11/20 12:30,17294
2014/11/20 13:00,16699
2014/11/20 13:30,17819
2014/11/20 14:00,18227
2014/11/20 14:30,18586
2014/11/20 15:00,18078
2014/11/20 15:30,15656
2014/11/20 16:00,12989
2014/11/20 16:30,11740
2014/11/20 17:00,14934
2014/11/20 17:30,18494
2014/11/20 18:00,21215
2014/11/20 18:30,23643
2014/11/20 19:00,24623
2014/11/20 19:30,24564
2014/11/20 20:00,25305
2014/11/20 20:30,25039
2014/11/20 21:00,25351
2014/11/20 21:30,24526
2014/11/20 22:00,24739
2014/11/20 22:30,23638
2014/11/20 23:00,21861
2014/11/20 23:30,21500
2014/11/21 0:00,19838
2014/11/21 0:30,16307
2014/11/21 1:00,12324
2014/11/21 1:30,10006
2014/11/21 2:00,8077
2014/11/21 2:30,6355
2014/11/21 3:00,5091
2014/11/21 3:30,4247
2014/11/21 4:00,4440
2014/11/21 4:30,3089
2014/11/21 5:00,2930
2014/11/21 5:30,4782
2014/11/21 6:00,7250
2014/11/21 6:30,12167
2014/11/21 7:00,15235
2014/11/21 7:30,20053
2014/11/21 8:00,20654
2014/11/21 8:30,21158
2014/11/21 9:00,19863
2014/11/21 9:30,18775
2014/11/21 10:00,18346
2014/11/21 10:30,18645
2014/11/21 11:00,17986
2014/11/21 11:30,19070
2014/11/21 12:00,18901
2014/11/21 12:30,17585
2014/11/21 13:00,17309
2014/11/21 13:30,18226
2014/11/21 14:00,18788
2014/11/21 14:30,19103
2014/11/21 15:00,18261
2014/11/21 15:30,15945
2014/11/21 16:00,14181
2014/11/21 16:30,12992
2014/11/21 17:00,15847
2014/11/21 17:30,19426
2014/11/21 18:00,22514
2014/11/21 18:30,24457
2014/11/21 19:00,26156
2014/11/21 19:30,26677
2014/11/21 20:00,26217
2014/11/21 20:30,26289
2014/11/21 21:00,26370
2014/11/21 21:30,26344
2014/11/21 22:00,26736
2014/11/21 22:30,27093
2014/11/21 23:00,27569
2014/11/21 23:30,27064
2014/11/22 0:00,26220
2014/11/22 0:30,24289
2014/11/22 1:00,22849
2014/11/22 1:30,20731
2014/11/22 2:00,19081
2014/11/22 2:30,16573
2014/11/22 3:00,14188
2014/11/22 3:30,12213
2014/11/22 4:00,10145
2014/11/22 4:30,5902
2014/11/22 5:00,3983
2014/11/22 5:30,3556
2014/11/22 6:00,3651
2014/11/22 6:30,5153
2014/11/22 7:00,5379
2014/11/22 7:30,7174
2014/11/22 8:00,9070
2014/11/22 8:30,12114
2014/11/22 9:00,13665
2014/11/22 9:30,17463
2014/11/22 10:00,17209
2014/11/22 10:30,20299
2014/11/22 11:00,20255
2014/11/22 11:30,22981
2014/11/22 12:00,23368
2014/11/22 12:30,23444
2014/11/22 13:00,22610
2014/11/22 13:30,22258
2014/11/22 14:00,21160
2014/11/22 14:30,22960
2014/11/22 15:00,23007
2014/11/22 15:30,21145
2014/11/22 16:00,18440
2014/11/22 16:30,16028
2014/11/22 17:00,19101
2014/11/22 17:30,22361
2014/11/22 18:00,24256
2014/11/22 18:30,26410
2014/11/22 19:00,27377
2014/11/22 19:30,26255
2014/11/22 20:00,23977
2014/11/22 20:30,23565
2014/11/22 21:00,22703
2014/11/22 21:30,23078
2014/11/22 22:00,25755
2014/11/22 22:30,27028
2014/11/22 23:00,28126
2014/11/22 23:30,28472
2014/11/23 0:00,27424
2014/11/23 0:30,25493
2014/11/23 1:00,24876
2014/11/23 1:30,22639
2014/11/23 2:00,21013
2014/11/23 2:30,19100
2014/11/23 3:00,16662
2014/11/23 3:30,14489
2014/11/23 4:00,12023
2014/11/23 4:30,7069
2014/11/23 5:00,4453
2014/11/23 5:30,3483
2014/11/23 6:00,3479
2014/11/23 6:30,3968
2014/11/23 7:00,4092
2014/11/23 7:30,5877
2014/11/23 8:00,6845
2014/11/23 8:30,8283
2014/11/23 9:00,10231
2014/11/23 9:30,13189
2014/11/23 10:00,14458
2014/11/23 10:30,17284
2014/11/23 11:00,17800
2014/11/23 11:30,19509
2014/11/23 12:00,20547
2014/11/23 12:30,20211
2014/11/23 13:00,20041
2014/11/23 13:30,19619
2014/11/23 14:00,19947
2014/11/23 14:30,19844
2014/11/23 15:00,19088
2014/11/23 15:30,19237
2014/11/23 16:00,18316
2014/11/23 16:30,16996
2014/11/23 17:00,18134
2014/11/23 17:30,19633
2014/11/23 18:00,20204
2014/11/23 18:30,19810
2014/11/23 19:00,17925
2014/11/23 19:30,16938
2014/11/23 20:00,15096
2014/11/23 20:30,15539
2014/11/23 21:00,14806
2014/11/23 21:30,15035
2014/11/23 22:00,13285
2014/11/23 22:30,12090
2014/11/23 23:00,10552
2014/11/23 23:30,9136
2014/11/24 0:00,8106
2014/11/24 0:30,7020
2014/11/24 1:00,5562
2014/11/24 1:30,3917
2014/11/24 2:00,3592
2014/11/24 2:30,2637
2014/11/24 3:00,2031
2014/11/24 3:30,1900
2014/11/24 4:00,2172
2014/11/24 4:30,2008
2014/11/24 5:00,2546
2014/11/24 5:30,4409
2014/11/24 6:00,7269
2014/11/24 6:30,11863
2014/11/24 7:00,14244
2014/11/24 7:30,17238
2014/11/24 8:00,18382
2014/11/24 8:30,17940
2014/11/24 9:00,17447
2014/11/24 9:30,16773
2014/11/24 10:00,15319
2014/11/24 10:30,15867
2014/11/24 11:00,15751
2014/11/24 11:30,17462
2014/11/24 12:00,16292
2014/11/24 12:30,16317
2014/11/24 13:00,16104
2014/11/24 13:30,16967
2014/11/24 14:00,17035
2014/11/24 14:30,17976
2014/11/24 15:00,18230
2014/11/24 15:30,16521
2014/11/24 16:00,14887
2014/11/24 16:30,13707
2014/11/24 17:00,16596
2014/11/24 17:30,18683
2014/11/24 18:00,20289
2014/11/24 18:30,21377
2014/11/24 19:00,21962
2014/11/24 19:30,21126
2014/11/24 20:00,20531
2014/11/24 20:30,19217
2014/11/24 21:00,19353
2014/11/24 21:30,19109
2014/11/24 22:00,18814
2014/11/24 22:30,17036
2014/11/24 23:00,14147
2014/11/24 23:30,11595
2014/11/25 0:00,10091
2014/11/25 0:30,7575
2014/11/25 1:00,5977
2014/11/25 1:30,4705
2014/11/25 2:00,3796
2014/11/25 2:30,2894
2014/11/25 3:00,2471
2014/11/25 3:30,2115
2014/11/25 4:00,2474
2014/11/25 4:30,2285
2014/11/25 5:00,2538
2014/11/25 5:30,4380
2014/11/25 6:00,6537
2014/11/25 6:30,11238
2014/11/25 7:00,14764
2014/11/25 7:30,18187
2014/11/25 8:00,18885
2014/11/25 8:30,19188
2014/11/25 9:00,18398
2014/11/25 9:30,18057
2014/11/25 10:00,16899
2014/11/25 10:30,17137
2014/11/25 11:00,16203
2014/11/25 11:30,17742
2014/11/25 12:00,17843
2014/11/25 12:30,17866
2014/11/25 13:00,17548
2014/11/25 13:30,18306
2014/11/25 14:00,18577
2014/11/25 14:30,18506
2014/11/25 15:00,18691
2014/11/25 15:30,15729
2014/11/25 16:00,13396
2014/11/25 16:30,11923
2014/11/25 17:00,14463
2014/11/25 17:30,17026
2014/11/25 18:00,19078
2014/11/25 18:30,20439
2014/11/25 19:00,20776
2014/11/25 19:30,20941
2014/11/25 20:00,20209
2014/11/25 20:30,19987
2014/11/25 21:00,19952
2014/11/25 21:30,19234
2014/11/25 22:00,18455
2014/11/25 22:30,18097
2014/11/25 23:00,17461
2014/11/25 23:30,16002
2014/11/26 0:00,13400
2014/11/26 0:30,10978
2014/11/26 1:00,8613
2014/11/26 1:30,6446
2014/11/26 2:00,5205
2014/11/26 2:30,4118
2014/11/26 3:00,3510
2014/11/26 3:30,3249
2014/11/26 4:00,3698
2014/11/26 4:30,3584
2014/11/26 5:00,3622
2014/11/26 5:30,4987
2014/11/26 6:00,7213
2014/11/26 6:30,10827
2014/11/26 7:00,14141
2014/11/26 7:30,16965
2014/11/26 8:00,19391
2014/11/26 8:30,19557
2014/11/26 9:00,19067
2014/11/26 9:30,18807
2014/11/26 10:00,18232
2014/11/26 10:30,18999
2014/11/26 11:00,18896
2014/11/26 11:30,19764
2014/11/26 12:00,20227
2014/11/26 12:30,19602
2014/11/26 13:00,20456
2014/11/26 13:30,19580
2014/11/26 14:00,19156
2014/11/26 14:30,19572
2014/11/26 15:00,18925
2014/11/26 15:30,17545
2014/11/26 16:00,15465
2014/11/26 16:30,14104
2014/11/26 17:00,16996
2014/11/26 17:30,20113
2014/11/26 18:00,21015
2014/11/26 18:30,21580
2014/11/26 19:00,22501
2014/11/26 19:30,21159
2014/11/26 20:00,18991
2014/11/26 20:30,18046
2014/11/26 21:00,18300
2014/11/26 21:30,18538
2014/11/26 22:00,17170
2014/11/26 22:30,17081
2014/11/26 23:00,15613
2014/11/26 23:30,13718
2014/11/27 0:00,13522
2014/11/27 0:30,11323
2014/11/27 1:00,10315
2014/11/27 1:30,8870
2014/11/27 2:00,8150
2014/11/27 2:30,7209
2014/11/27 3:00,6018
2014/11/27 3:30,5819
2014/11/27 4:00,5291
2014/11/27 4:30,4127
2014/11/27 5:00,3540
2014/11/27 5:30,3715
2014/11/27 6:00,4613
2014/11/27 6:30,5500
2014/11/27 7:00,5955
2014/11/27 7:30,6512
2014/11/27 8:00,7076
2014/11/27 8:30,7813
2014/11/27 9:00,8365
2014/11/27 9:30,9013
2014/11/27 10:00,9695
2014/11/27 10:30,11389
2014/11/27 11:00,12701
2014/11/27 11:30,13400
2014/11/27 12:00,13282
2014/11/27 12:30,13542
2014/11/27 13:00,13538
2014/11/27 13:30,13663
2014/11/27 14:00,13980
2014/11/27 14:30,14673
2014/11/27 15:00,14614
2014/11/27 15:30,15255
2014/11/27 16:00,13560
2014/11/27 16:30,13120
2014/11/27 17:00,13273
2014/11/27 17:30,13334
2014/11/27 18:00,12930
2014/11/27 18:30,13683
2014/11/27 19:00,13682
2014/11/27 19:30,14106
2014/11/27 20:00,14088
2014/11/27 20:30,14417
2014/11/27 21:00,15187
2014/11/27 21:30,15280
2014/11/27 22:00,15654
2014/11/27 22:30,13989
2014/11/27 23:00,12592
2014/11/27 23:30,11811
2014/11/28 0:00,9653
2014/11/28 0:30,7791
2014/11/28 1:00,6862
2014/11/28 1:30,5644
2014/11/28 2:00,4639
2014/11/28 2:30,3673
2014/11/28 3:00,2945
2014/11/28 3:30,2875
2014/11/28 4:00,2883
2014/11/28 4:30,2165
2014/11/28 5:00,1902
2014/11/28 5:30,2226
2014/11/28 6:00,2870
2014/11/28 6:30,4313
2014/11/28 7:00,4936
2014/11/28 7:30,6240
2014/11/28 8:00,7376
2014/11/28 8:30,8850
2014/11/28 9:00,9864
2014/11/28 9:30,10863
2014/11/28 10:00,11900
2014/11/28 10:30,12969
2014/11/28 11:00,14045
2014/11/28 11:30,15281
2014/11/28 12:00,16153
2014/11/28 12:30,17025
2014/11/28 13:00,17596
2014/11/28 13:30,18437
2014/11/28 14:00,17777
2014/11/28 14:30,18774
2014/11/28 15:00,18868
2014/11/28 15:30,19046
2014/11/28 16:00,17706
2014/11/28 16:30,16591
2014/11/28 17:00,18951
2014/11/28 17:30,20519
2014/11/28 18:00,20626
2014/11/28 18:30,21227
2014/11/28 19:00,22716
2014/11/28 19:30,21044
2014/11/28 20:00,18862
2014/11/28 20:30,18821
2014/11/28 21:00,18485
2014/11/28 21:30,18416
2014/11/28 22:00,19806
2014/11/28 22:30,19671
2014/11/28 23:00,19234
2014/11/28 23:30,17725
2014/11/29 0:00,16089
2014/11/29 0:30,14561
2014/11/29 1:00,13292
2014/11/29 1:30,12000
2014/11/29 2:00,10967
2014/11/29 2:30,9747
2014/11/29 3:00,8556
2014/11/29 3:30,8342
2014/11/29 4:00,7178
2014/11/29 4:30,4441
2014/11/29 5:00,2747
2014/11/29 5:30,2489
2014/11/29 6:00,2283
2014/11/29 6:30,3109
2014/11/29 7:00,3380
2014/11/29 7:30,4628
2014/11/29 8:00,5291
2014/11/29 8:30,7405
2014/11/29 9:00,9044
2014/11/29 9:30,11193
2014/11/29 10:00,12541
2014/11/29 10:30,15281
2014/11/29 11:00,15551
2014/11/29 11:30,17665
2014/11/29 12:00,18499
2014/11/29 12:30,18680
2014/11/29 13:00,19621
2014/11/29 13:30,19830
2014/11/29 14:00,19187
2014/11/29 14:30,19999
2014/11/29 15:00,19722
2014/11/29 15:30,20600
2014/11/29 16:00,19125
2014/11/29 16:30,16658
2014/11/29 17:00,18684
2014/11/29 17:30,20891
2014/11/29 18:00,21554
2014/11/29 18:30,22678
2014/11/29 19:00,24055
2014/11/29 19:30,23418
2014/11/29 20:00,20196
2014/11/29 20:30,19676
2014/11/29 21:00,19566
2014/11/29 21:30,19272
2014/11/29 22:00,20686
2014/11/29 22:30,21659
2014/11/29 23:00,21154
2014/11/29 23:30,21170
2014/11/30 0:00,20149
2014/11/30 0:30,18555
2014/11/30 1:00,17768
2014/11/30 1:30,15608
2014/11/30 2:00,14966
2014/11/30 2:30,13074
2014/11/30 3:00,11332
2014/11/30 3:30,9965
2014/11/30 4:00,9167
2014/11/30 4:30,5520
2014/11/30 5:00,3812
2014/11/30 5:30,3123
2014/11/30 6:00,3103
2014/11/30 6:30,3777
2014/11/30 7:00,3699
2014/11/30 7:30,4968
2014/11/30 8:00,5630
2014/11/30 8:30,7422
2014/11/30 9:00,9123
2014/11/30 9:30,10981
2014/11/30 10:00,12227
2014/11/30 10:30,15247
2014/11/30 11:00,14970
2014/11/30 11:30,16912
2014/11/30 12:00,17420
2014/11/30 12:30,18336
2014/11/30 13:00,18091
2014/11/30 13:30,17841
2014/11/30 14:00,18946
2014/11/30 14:30,19156
2014/11/30 15:00,18159
2014/11/30 15:30,17805
2014/11/30 16:00,16838
2014/11/30 16:30,15906
2014/11/30 17:00,16917
2014/11/30 17:30,17670
2014/11/30 18:00,17941
2014/11/30 18:30,18093
2014/11/30 19:00,17587
2014/11/30 19:30,16867
2014/11/30 20:00,15693
2014/11/30 20:30,15342
2014/11/30 21:00,13821
2014/11/30 21:30,14083
2014/11/30 22:00,13714
2014/11/30 22:30,12119
2014/11/30 23:00,9904
2014/11/30 23:30,8970
2014/12/1 0:00,7706
2014/12/1 0:30,5494
2014/12/1 1:00,4249
2014/12/1 1:30,2891
2014/12/1 2:00,2632
2014/12/1 2:30,2192
2014/12/1 3:00,1648
2014/12/1 3:30,1639
2014/12/1 4:00,1913
2014/12/1 4:30,2142
2014/12/1 5:00,2909
2014/12/1 5:30,4587
2014/12/1 6:00,7235
2014/12/1 6:30,11448
2014/12/1 7:00,14106
2014/12/1 7:30,17184
2014/12/1 8:00,18306
2014/12/1 8:30,18746
2014/12/1 9:00,17914
2014/12/1 9:30,16699
2014/12/1 10:00,15681
2014/12/1 10:30,15210
2014/12/1 11:00,14532
2014/12/1 11:30,15985
2014/12/1 12:00,16226
2014/12/1 12:30,16000
2014/12/1 13:00,15641
2014/12/1 13:30,16373
2014/12/1 14:00,16830
2014/12/1 14:30,17470
2014/12/1 15:00,18131
2014/12/1 15:30,16870
2014/12/1 16:00,15192
2014/12/1 16:30,14453
2014/12/1 17:00,17382
2014/12/1 17:30,19815
2014/12/1 18:00,21750
2014/12/1 18:30,22217
2014/12/1 19:00,21813
2014/12/1 19:30,21536
2014/12/1 20:00,22541
2014/12/1 20:30,21329
2014/12/1 21:00,20165
2014/12/1 21:30,19498
2014/12/1 22:00,19355
2014/12/1 22:30,16691
2014/12/1 23:00,14387
2014/12/1 23:30,12101
2014/12/2 0:00,9805
2014/12/2 0:30,7121
2014/12/2 1:00,5019
2014/12/2 1:30,3822
2014/12/2 2:00,3268
2014/12/2 2:30,2261
2014/12/2 3:00,1853
2014/12/2 3:30,1722
2014/12/2 4:00,2077
2014/12/2 4:30,1988
2014/12/2 5:00,2296
2014/12/2 5:30,4537
2014/12/2 6:00,6661
2014/12/2 6:30,11901
2014/12/2 7:00,15501
2014/12/2 7:30,19573
2014/12/2 8:00,20896
2014/12/2 8:30,21051
2014/12/2 9:00,19670
2014/12/2 9:30,18654
2014/12/2 10:00,17108
2014/12/2 10:30,17553
2014/12/2 11:00,16232
2014/12/2 11:30,17534
2014/12/2 12:00,17697
2014/12/2 12:30,19165
2014/12/2 13:00,18916
2014/12/2 13:30,19543
2014/12/2 14:00,18570
2014/12/2 14:30,19043
2014/12/2 15:00,18343
2014/12/2 15:30,16666
2014/12/2 16:00,14050
2014/12/2 16:30,12845
2014/12/2 17:00,16111
2014/12/2 17:30,19112
2014/12/2 18:00,21205
2014/12/2 18:30,22337
2014/12/2 19:00,23340
2014/12/2 19:30,23082
2014/12/2 20:00,23718
2014/12/2 20:30,22936
2014/12/2 21:00,23466
2014/12/2 21:30,23387
2014/12/2 22:00,22893
2014/12/2 22:30,20923
2014/12/2 23:00,18684
2014/12/2 23:30,14962
2014/12/3 0:00,12558
2014/12/3 0:30,8876
2014/12/3 1:00,6626
2014/12/3 1:30,4926
2014/12/3 2:00,4046
2014/12/3 2:30,3168
2014/12/3 3:00,2692
2014/12/3 3:30,2237
2014/12/3 4:00,2384
2014/12/3 4:30,2109
2014/12/3 5:00,2403
2014/12/3 5:30,4250
2014/12/3 6:00,6529
2014/12/3 6:30,12185
2014/12/3 7:00,16016
2014/12/3 7:30,19504
2014/12/3 8:00,20925
2014/12/3 8:30,20891
2014/12/3 9:00,20047
2014/12/3 9:30,19138
2014/12/3 10:00,18431
2014/12/3 10:30,16960
2014/12/3 11:00,16426
2014/12/3 11:30,18092
2014/12/3 12:00,19190
2014/12/3 12:30,18957
2014/12/3 13:00,18288
2014/12/3 13:30,18843
2014/12/3 14:00,19003
2014/12/3 14:30,18193
2014/12/3 15:00,17260
2014/12/3 15:30,15103
2014/12/3 16:00,12941
2014/12/3 16:30,11797
2014/12/3 17:00,15545
2014/12/3 17:30,17938
2014/12/3 18:00,20693
2014/12/3 18:30,21585
2014/12/3 19:00,21689
2014/12/3 19:30,21995
2014/12/3 20:00,22096
2014/12/3 20:30,22115
2014/12/3 21:00,21860
2014/12/3 21:30,22041
2014/12/3 22:00,21680
2014/12/3 22:30,21378
2014/12/3 23:00,20295
2014/12/3 23:30,18176
2014/12/4 0:00,14846
2014/12/4 0:30,11480
2014/12/4 1:00,8939
2014/12/4 1:30,6679
2014/12/4 2:00,5175
2014/12/4 2:30,3800
2014/12/4 3:00,3135
2014/12/4 3:30,2671
2014/12/4 4:00,2843
2014/12/4 4:30,2476
2014/12/4 5:00,2670
2014/12/4 5:30,4521
2014/12/4 6:00,6841
2014/12/4 6:30,12178
2014/12/4 7:00,15916
2014/12/4 7:30,19872
2014/12/4 8:00,20957
2014/12/4 8:30,20358
2014/12/4 9:00,19717
2014/12/4 9:30,18943
2014/12/4 10:00,18082
2014/12/4 10:30,18560
2014/12/4 11:00,17316
2014/12/4 11:30,18817
2014/12/4 12:00,18439
2014/12/4 12:30,17771
2014/12/4 13:00,17214
2014/12/4 13:30,17836
2014/12/4 14:00,18676
2014/12/4 14:30,19241
2014/12/4 15:00,19068
2014/12/4 15:30,16567
2014/12/4 16:00,14529
2014/12/4 16:30,12862
2014/12/4 17:00,16086
2014/12/4 17:30,19221
2014/12/4 18:00,21408
2014/12/4 18:30,23385
2014/12/4 19:00,23604
2014/12/4 19:30,23384
2014/12/4 20:00,23209
2014/12/4 20:30,22592
2014/12/4 21:00,23164
2014/12/4 21:30,23638
2014/12/4 22:00,23192
2014/12/4 22:30,22417
2014/12/4 23:00,22630
2014/12/4 23:30,21278
2014/12/5 0:00,19300
2014/12/5 0:30,16241
2014/12/5 1:00,12966
2014/12/5 1:30,10322
2014/12/5 2:00,8160
2014/12/5 2:30,6611
2014/12/5 3:00,5410
2014/12/5 3:30,4453
2014/12/5 4:00,4287
2014/12/5 4:30,3250
2014/12/5 5:00,3396
2014/12/5 5:30,4846
2014/12/5 6:00,7090
2014/12/5 6:30,11832
2014/12/5 7:00,15506
2014/12/5 7:30,20211
2014/12/5 8:00,21053
2014/12/5 8:30,20635
2014/12/5 9:00,20128
2014/12/5 9:30,18838
2014/12/5 10:00,17936
2014/12/5 10:30,18210
2014/12/5 11:00,17653
2014/12/5 11:30,18847
2014/12/5 12:00,18814
2014/12/5 12:30,17478
2014/12/5 13:00,18029
2014/12/5 13:30,18953
2014/12/5 14:00,19684
2014/12/5 14:30,19747
2014/12/5 15:00,18464
2014/12/5 15:30,16396
2014/12/5 16:00,14436
2014/12/5 16:30,13461
2014/12/5 17:00,17047
2014/12/5 17:30,20614
2014/12/5 18:00,23322
2014/12/5 18:30,25791
2014/12/5 19:00,26650
2014/12/5 19:30,26971
2014/12/5 20:00,26688
2014/12/5 20:30,25508
2014/12/5 21:00,26284
2014/12/5 21:30,26978
2014/12/5 22:00,26983
2014/12/5 22:30,25438
2014/12/5 23:00,24914
2014/12/5 23:30,24165
2014/12/6 0:00,22925
2014/12/6 0:30,22187
2014/12/6 1:00,21493
2014/12/6 1:30,19021
2014/12/6 2:00,18009
2014/12/6 2:30,15786
2014/12/6 3:00,13114
2014/12/6 3:30,10541
2014/12/6 4:00,9296
2014/12/6 4:30,5388
2014/12/6 5:00,3578
2014/12/6 5:30,3205
2014/12/6 6:00,3427
2014/12/6 6:30,4666
2014/12/6 7:00,5262
2014/12/6 7:30,7841
2014/12/6 8:00,8786
2014/12/6 8:30,11893
2014/12/6 9:00,12849
2014/12/6 9:30,16411
2014/12/6 10:00,16917
2014/12/6 10:30,19706
2014/12/6 11:00,22924
2014/12/6 11:30,26224
2014/12/6 12:00,25548
2014/12/6 12:30,24376
2014/12/6 13:00,24464
2014/12/6 13:30,23825
2014/12/6 14:00,24235
2014/12/6 14:30,24001
2014/12/6 15:00,23877
2014/12/6 15:30,21761
2014/12/6 16:00,18277
2014/12/6 16:30,15670
2014/12/6 17:00,18411
2014/12/6 17:30,21332
2014/12/6 18:00,23306
2014/12/6 18:30,24856
2014/12/6 19:00,25798
2014/12/6 19:30,25274
2014/12/6 20:00,25158
2014/12/6 20:30,24164
2014/12/6 21:00,23771
2014/12/6 21:30,24363
2014/12/6 22:00,25705
2014/12/6 22:30,26429
2014/12/6 23:00,27272
2014/12/6 23:30,27636
2014/12/7 0:00,26695
2014/12/7 0:30,25626
2014/12/7 1:00,24285
2014/12/7 1:30,22249
2014/12/7 2:00,20741
2014/12/7 2:30,18554
2014/12/7 3:00,15770
2014/12/7 3:30,13976
2014/12/7 4:00,11368
2014/12/7 4:30,6531
2014/12/7 5:00,3929
2014/12/7 5:30,3236
2014/12/7 6:00,3177
2014/12/7 6:30,3757
2014/12/7 7:00,4042
2014/12/7 7:30,5401
2014/12/7 8:00,6483
2014/12/7 8:30,9264
2014/12/7 9:00,11497
2014/12/7 9:30,14585
2014/12/7 10:00,16159
2014/12/7 10:30,20205
2014/12/7 11:00,21146
2014/12/7 11:30,22387
2014/12/7 12:00,23081
2014/12/7 12:30,23163
2014/12/7 13:00,22660
2014/12/7 13:30,22127
2014/12/7 14:00,22237
2014/12/7 14:30,22193
2014/12/7 15:00,21252
2014/12/7 15:30,20818
2014/12/7 16:00,19110
2014/12/7 16:30,17255
2014/12/7 17:00,18368
2014/12/7 17:30,20327
2014/12/7 18:00,21411
2014/12/7 18:30,21379
2014/12/7 19:00,21735
2014/12/7 19:30,20031
2014/12/7 20:00,18305
2014/12/7 20:30,17961
2014/12/7 21:00,17334
2014/12/7 21:30,17401
2014/12/7 22:00,17020
2014/12/7 22:30,14661
2014/12/7 23:00,12367
2014/12/7 23:30,10891
2014/12/8 0:00,8141
2014/12/8 0:30,6411
2014/12/8 1:00,4762
2014/12/8 1:30,3616
2014/12/8 2:00,3130
2014/12/8 2:30,2273
2014/12/8 3:00,2031
2014/12/8 3:30,1788
2014/12/8 4:00,2203
2014/12/8 4:30,2270
2014/12/8 5:00,2727
2014/12/8 5:30,4686
2014/12/8 6:00,6827
2014/12/8 6:30,11984
2014/12/8 7:00,14644
2014/12/8 7:30,18338
2014/12/8 8:00,19590
2014/12/8 8:30,19762
2014/12/8 9:00,19372
2014/12/8 9:30,18754
2014/12/8 10:00,17736
2014/12/8 10:30,17624
2014/12/8 11:00,16856
2014/12/8 11:30,18005
2014/12/8 12:00,18028
2014/12/8 12:30,17733
2014/12/8 13:00,17678
2014/12/8 13:30,18275
2014/12/8 14:00,18070
2014/12/8 14:30,19038
2014/12/8 15:00,18998
2014/12/8 15:30,16932
2014/12/8 16:00,15201
2014/12/8 16:30,14426
2014/12/8 17:00,16942
2014/12/8 17:30,19768
2014/12/8 18:00,21911
2014/12/8 18:30,22917
2014/12/8 19:00,23371
2014/12/8 19:30,23343
2014/12/8 20:00,22358
2014/12/8 20:30,22302
2014/12/8 21:00,22712
2014/12/8 21:30,22329
2014/12/8 22:00,21979
2014/12/8 22:30,19387
2014/12/8 23:00,17494
2014/12/8 23:30,13745
2014/12/9 0:00,11339
2014/12/9 0:30,8699
2014/12/9 1:00,6796
2014/12/9 1:30,5236
2014/12/9 2:00,3800
2014/12/9 2:30,3042
2014/12/9 3:00,2532
2014/12/9 3:30,2258
2014/12/9 4:00,2212
2014/12/9 4:30,2135
2014/12/9 5:00,2592
2014/12/9 5:30,4617
2014/12/9 6:00,8006
2014/12/9 6:30,13619
2014/12/9 7:00,16700
2014/12/9 7:30,19651
2014/12/9 8:00,20630
2014/12/9 8:30,21217
2014/12/9 9:00,19857
2014/12/9 9:30,18753
2014/12/9 10:00,17813
2014/12/9 10:30,17833
2014/12/9 11:00,17164
2014/12/9 11:30,18181
2014/12/9 12:00,17482
2014/12/9 12:30,15676
2014/12/9 13:00,16018
2014/12/9 13:30,17066
2014/12/9 14:00,17654
2014/12/9 14:30,17696
2014/12/9 15:00,16781
2014/12/9 15:30,14189
2014/12/9 16:00,12461
2014/12/9 16:30,12252
2014/12/9 17:00,15431
2014/12/9 17:30,18137
2014/12/9 18:00,20649
2014/12/9 18:30,21989
2014/12/9 19:00,22350
2014/12/9 19:30,22177
2014/12/9 20:00,22991
2014/12/9 20:30,22128
2014/12/9 21:00,23207
2014/12/9 21:30,23091
2014/12/9 22:00,22616
2014/12/9 22:30,21118
2014/12/9 23:00,19301
2014/12/9 23:30,16789
2014/12/10 0:00,14252
2014/12/10 0:30,10138
2014/12/10 1:00,7847
2014/12/10 1:30,5782
2014/12/10 2:00,4951
2014/12/10 2:30,3696
2014/12/10 3:00,2833
2014/12/10 3:30,2375
2014/12/10 4:00,2533
2014/12/10 4:30,2423
2014/12/10 5:00,2512
2014/12/10 5:30,4337
2014/12/10 6:00,6721
2014/12/10 6:30,11812
2014/12/10 7:00,16054
2014/12/10 7:30,19337
2014/12/10 8:00,21348
2014/12/10 8:30,21167
2014/12/10 9:00,20051
2014/12/10 9:30,18809
2014/12/10 10:00,17812
2014/12/10 10:30,17889
2014/12/10 11:00,17482
2014/12/10 11:30,18775
2014/12/10 12:00,18351
2014/12/10 12:30,17604
2014/12/10 13:00,17729
2014/12/10 13:30,17499
2014/12/10 14:00,17558
2014/12/10 14:30,18070
2014/12/10 15:00,17422
2014/12/10 15:30,14666
2014/12/10 16:00,12252
2014/12/10 16:30,11174
2014/12/10 17:00,13853
2014/12/10 17:30,16962
2014/12/10 18:00,19708
2014/12/10 18:30,20764
2014/12/10 19:00,21802
2014/12/10 19:30,22239
2014/12/10 20:00,22169
2014/12/10 20:30,23923
2014/12/10 21:00,24403
2014/12/10 21:30,24211
2014/12/10 22:00,23439
2014/12/10 22:30,23394
2014/12/10 23:00,21701
2014/12/10 23:30,19727
2014/12/11 0:00,17270
2014/12/11 0:30,13379
2014/12/11 1:00,10314
2014/12/11 1:30,7470
2014/12/11 2:00,6039
2014/12/11 2:30,4322
2014/12/11 3:00,3461
2014/12/11 3:30,2872
2014/12/11 4:00,2854
2014/12/11 4:30,2422
2014/12/11 5:00,2578
2014/12/11 5:30,4513
2014/12/11 6:00,6672
2014/12/11 6:30,12358
2014/12/11 7:00,15790
2014/12/11 7:30,19441
2014/12/11 8:00,20920
2014/12/11 8:30,20665
2014/12/11 9:00,19708
2014/12/11 9:30,20066
2014/12/11 10:00,18424
2014/12/11 10:30,18403
2014/12/11 11:00,17621
2014/12/11 11:30,18994
2014/12/11 12:00,18845
2014/12/11 12:30,17937
2014/12/11 13:00,17974
2014/12/11 13:30,18671
2014/12/11 14:00,19082
2014/12/11 14:30,20224
2014/12/11 15:00,18966
2014/12/11 15:30,16165
2014/12/11 16:00,14013
2014/12/11 16:30,12246
2014/12/11 17:00,15021
2014/12/11 17:30,18834
2014/12/11 18:00,21115
2014/12/11 18:30,22746
2014/12/11 19:00,23679
2014/12/11 19:30,23992
2014/12/11 20:00,23597
2014/12/11 20:30,23581
2014/12/11 21:00,24093
2014/12/11 21:30,24130
2014/12/11 22:00,24027
2014/12/11 22:30,23575
2014/12/11 23:00,22502
2014/12/11 23:30,22049
2014/12/12 0:00,20667
2014/12/12 0:30,19265
2014/12/12 1:00,16192
2014/12/12 1:30,12814
2014/12/12 2:00,10410
2014/12/12 2:30,8218
2014/12/12 3:00,6335
2014/12/12 3:30,5377
2014/12/12 4:00,4659
2014/12/12 4:30,3597
2014/12/12 5:00,3208
2014/12/12 5:30,4698
2014/12/12 6:00,6900
2014/12/12 6:30,12308
2014/12/12 7:00,15444
2014/12/12 7:30,19511
2014/12/12 8:00,20489
2014/12/12 8:30,20834
2014/12/12 9:00,19854
2014/12/12 9:30,18687
2014/12/12 10:00,18014
2014/12/12 10:30,18564
2014/12/12 11:00,18237
2014/12/12 11:30,18916
2014/12/12 12:00,18244
2014/12/12 12:30,16850
2014/12/12 13:00,17845
2014/12/12 13:30,18162
2014/12/12 14:00,19043
2014/12/12 14:30,19128
2014/12/12 15:00,18287
2014/12/12 15:30,15667
2014/12/12 16:00,13938
2014/12/12 16:30,12626
2014/12/12 17:00,15807
2014/12/12 17:30,19375
2014/12/12 18:00,21905
2014/12/12 18:30,24008
2014/12/12 19:00,25410
2014/12/12 19:30,25568
2014/12/12 20:00,24888
2014/12/12 20:30,25190
2014/12/12 21:00,25350
2014/12/12 21:30,25927
2014/12/12 22:00,26737
2014/12/12 22:30,26771
2014/12/12 23:00,26180
2014/12/12 23:30,25739
2014/12/13 0:00,24743
2014/12/13 0:30,24285
2014/12/13 1:00,22826
2014/12/13 1:30,21266
2014/12/13 2:00,19907
2014/12/13 2:30,17053
2014/12/13 3:00,14423
2014/12/13 3:30,12363
2014/12/13 4:00,10600
2014/12/13 4:30,6501
2014/12/13 5:00,4211
2014/12/13 5:30,3425
2014/12/13 6:00,3475
2014/12/13 6:30,5132
2014/12/13 7:00,4986
2014/12/13 7:30,7716
2014/12/13 8:00,8873
2014/12/13 8:30,12361
2014/12/13 9:00,13217
2014/12/13 9:30,17706
2014/12/13 10:00,19199
2014/12/13 10:30,21605
2014/12/13 11:00,22106
2014/12/13 11:30,23452
2014/12/13 12:00,24095
2014/12/13 12:30,24114
2014/12/13 13:00,24368
2014/12/13 13:30,23648
2014/12/13 14:00,22929
2014/12/13 14:30,22531
2014/12/13 15:00,21489
2014/12/13 15:30,19081
2014/12/13 16:00,15734
2014/12/13 16:30,13140
2014/12/13 17:00,15041
2014/12/13 17:30,17961
2014/12/13 18:00,20757
2014/12/13 18:30,22233
2014/12/13 19:00,23550
2014/12/13 19:30,24311
2014/12/13 20:00,24320
2014/12/13 20:30,23465
2014/12/13 21:00,24125
2014/12/13 21:30,24696
2014/12/13 22:00,24848
2014/12/13 22:30,25952
2014/12/13 23:00,26481
2014/12/13 23:30,26376
2014/12/14 0:00,26065
2014/12/14 0:30,25745
2014/12/14 1:00,24053
2014/12/14 1:30,22288
2014/12/14 2:00,21263
2014/12/14 2:30,18637
2014/12/14 3:00,16106
2014/12/14 3:30,13609
2014/12/14 4:00,11786
2014/12/14 4:30,6978
2014/12/14 5:00,4468
2014/12/14 5:30,3728
2014/12/14 6:00,3611
2014/12/14 6:30,3909
2014/12/14 7:00,4139
2014/12/14 7:30,5583
2014/12/14 8:00,6831
2014/12/14 8:30,8929
2014/12/14 9:00,10358
2014/12/14 9:30,14261
2014/12/14 10:00,16254
2014/12/14 10:30,19993
2014/12/14 11:00,20203
2014/12/14 11:30,21630
2014/12/14 12:00,22210
2014/12/14 12:30,22458
2014/12/14 13:00,21793
2014/12/14 13:30,21177
2014/12/14 14:00,20831
2014/12/14 14:30,20577
2014/12/14 15:00,20293
2014/12/14 15:30,18839
2014/12/14 16:00,17406
2014/12/14 16:30,15292
2014/12/14 17:00,16443
2014/12/14 17:30,17727
2014/12/14 18:00,18988
2014/12/14 18:30,19533
2014/12/14 19:00,19548
2014/12/14 19:30,18055
2014/12/14 20:00,17006
2014/12/14 20:30,16671
2014/12/14 21:00,16007
2014/12/14 21:30,16344
2014/12/14 22:00,15913
2014/12/14 22:30,14327
2014/12/14 23:00,12060
2014/12/14 23:30,10952
2014/12/15 0:00,9228
2014/12/15 0:30,6754
2014/12/15 1:00,5230
2014/12/15 1:30,4058
2014/12/15 2:00,3386
2014/12/15 2:30,2854
2014/12/15 3:00,2088
2014/12/15 3:30,2063
2014/12/15 4:00,2573
2014/12/15 4:30,2606
2014/12/15 5:00,3027
2014/12/15 5:30,4795
2014/12/15 6:00,7029
2014/12/15 6:30,11534
2014/12/15 7:00,14434
2014/12/15 7:30,17808
2014/12/15 8:00,18371
2014/12/15 8:30,18743
2014/12/15 9:00,17992
2014/12/15 9:30,17405
2014/12/15 10:00,16508
2014/12/15 10:30,15778
2014/12/15 11:00,15424
2014/12/15 11:30,16627
2014/12/15 12:00,16484
2014/12/15 12:30,16637
2014/12/15 13:00,16135
2014/12/15 13:30,16513
2014/12/15 14:00,17025
2014/12/15 14:30,18231
2014/12/15 15:00,17722
2014/12/15 15:30,16477
2014/12/15 16:00,14298
2014/12/15 16:30,13229
2014/12/15 17:00,15523
2014/12/15 17:30,17795
2014/12/15 18:00,20424
2014/12/15 18:30,21017
2014/12/15 19:00,21475
2014/12/15 19:30,22549
2014/12/15 20:00,21924
2014/12/15 20:30,21131
2014/12/15 21:00,21393
2014/12/15 21:30,21577
2014/12/15 22:00,21019
2014/12/15 22:30,18908
2014/12/15 23:00,17370
2014/12/15 23:30,13782
2014/12/16 0:00,11608
2014/12/16 0:30,8753
2014/12/16 1:00,6959
2014/12/16 1:30,5332
2014/12/16 2:00,4417
2014/12/16 2:30,3812
2014/12/16 3:00,2785
2014/12/16 3:30,2230
2014/12/16 4:00,2383
2014/12/16 4:30,2206
2014/12/16 5:00,2455
2014/12/16 5:30,4355
2014/12/16 6:00,6534
2014/12/16 6:30,11684
2014/12/16 7:00,14785
2014/12/16 7:30,18872
2014/12/16 8:00,19244
2014/12/16 8:30,20521
2014/12/16 9:00,19197
2014/12/16 9:30,18299
2014/12/16 10:00,17178
2014/12/16 10:30,16812
2014/12/16 11:00,16250
2014/12/16 11:30,17275
2014/12/16 12:00,17818
2014/12/16 12:30,17228
2014/12/16 13:00,16423
2014/12/16 13:30,17067
2014/12/16 14:00,17759
2014/12/16 14:30,18175
2014/12/16 15:00,17997
2014/12/16 15:30,16045
2014/12/16 16:00,14086
2014/12/16 16:30,12498
2014/12/16 17:00,15616
2014/12/16 17:30,17897
2014/12/16 18:00,20215
2014/12/16 18:30,21911
2014/12/16 19:00,22798
2014/12/16 19:30,24359
2014/12/16 20:00,23687
2014/12/16 20:30,23843
2014/12/16 21:00,23849
2014/12/16 21:30,24686
2014/12/16 22:00,23566
2014/12/16 22:30,22591
2014/12/16 23:00,20184
2014/12/16 23:30,17824
2014/12/17 0:00,14522
2014/12/17 0:30,10981
2014/12/17 1:00,8494
2014/12/17 1:30,6739
2014/12/17 2:00,5562
2014/12/17 2:30,4095
2014/12/17 3:00,3228
2014/12/17 3:30,2801
2014/12/17 4:00,2905
2014/12/17 4:30,2604
2014/12/17 5:00,2634
2014/12/17 5:30,4453
2014/12/17 6:00,6610
2014/12/17 6:30,11882
2014/12/17 7:00,15378
2014/12/17 7:30,18958
2014/12/17 8:00,20241
2014/12/17 8:30,20321
2014/12/17 9:00,19626
2014/12/17 9:30,18615
2014/12/17 10:00,17801
2014/12/17 10:30,17622
2014/12/17 11:00,17122
2014/12/17 11:30,18747
2014/12/17 12:00,18708
2014/12/17 12:30,18308
2014/12/17 13:00,17777
2014/12/17 13:30,17824
2014/12/17 14:00,18196
2014/12/17 14:30,18499
2014/12/17 15:00,18003
2014/12/17 15:30,16052
2014/12/17 16:00,13607
2014/12/17 16:30,12212
2014/12/17 17:00,14983
2014/12/17 17:30,18285
2014/12/17 18:00,20665
2014/12/17 18:30,21841
2014/12/17 19:00,23081
2014/12/17 19:30,22785
2014/12/17 20:00,24069
2014/12/17 20:30,24039
2014/12/17 21:00,25073
2014/12/17 21:30,24980
2014/12/17 22:00,24878
2014/12/17 22:30,23338
2014/12/17 23:00,22407
2014/12/17 23:30,20950
2014/12/18 0:00,18285
2014/12/18 0:30,14827
2014/12/18 1:00,10904
2014/12/18 1:30,8901
2014/12/18 2:00,6765
2014/12/18 2:30,5188
2014/12/18 3:00,3823
2014/12/18 3:30,3524
2014/12/18 4:00,3414
2014/12/18 4:30,2681
2014/12/18 5:00,3079
2014/12/18 5:30,4828
2014/12/18 6:00,7029
2014/12/18 6:30,12063
2014/12/18 7:00,15230
2014/12/18 7:30,18835
2014/12/18 8:00,20484
2014/12/18 8:30,20222
2014/12/18 9:00,19752
2014/12/18 9:30,18914
2014/12/18 10:00,18466
2014/12/18 10:30,18364
2014/12/18 11:00,17439
2014/12/18 11:30,19228
2014/12/18 12:00,19485
2014/12/18 12:30,18539
2014/12/18 13:00,18424
2014/12/18 13:30,18594
2014/12/18 14:00,19253
2014/12/18 14:30,19536
2014/12/18 15:00,19129
2014/12/18 15:30,16419
2014/12/18 16:00,14143
2014/12/18 16:30,12440
2014/12/18 17:00,15352
2014/12/18 17:30,19402
2014/12/18 18:00,21772
2014/12/18 18:30,23309
2014/12/18 19:00,24617
2014/12/18 19:30,24906
2014/12/18 20:00,25149
2014/12/18 20:30,25441
2014/12/18 21:00,26065
2014/12/18 21:30,25822
2014/12/18 22:00,25738
2014/12/18 22:30,24879
2014/12/18 23:00,24496
2014/12/18 23:30,23501
2014/12/19 0:00,20698
2014/12/19 0:30,19243
2014/12/19 1:00,16900
2014/12/19 1:30,13421
2014/12/19 2:00,10585
2014/12/19 2:30,8512
2014/12/19 3:00,6744
2014/12/19 3:30,5653
2014/12/19 4:00,5420
2014/12/19 4:30,3982
2014/12/19 5:00,3682
2014/12/19 5:30,4979
2014/12/19 6:00,6847
2014/12/19 6:30,11330
2014/12/19 7:00,14716
2014/12/19 7:30,18996
2014/12/19 8:00,20784
2014/12/19 8:30,20763
2014/12/19 9:00,21030
2014/12/19 9:30,19778
2014/12/19 10:00,18496
2014/12/19 10:30,18800
2014/12/19 11:00,18765
2014/12/19 11:30,20209
2014/12/19 12:00,19684
2014/12/19 12:30,18093
2014/12/19 13:00,17958
2014/12/19 13:30,18794
2014/12/19 14:00,19592
2014/12/19 14:30,20240
2014/12/19 15:00,19125
2014/12/19 15:30,16262
2014/12/19 16:00,14858
2014/12/19 16:30,12685
2014/12/19 17:00,15752
2014/12/19 17:30,19931
2014/12/19 18:00,22925
2014/12/19 18:30,24921
2014/12/19 19:00,26335
2014/12/19 19:30,26896
2014/12/19 20:00,26796
2014/12/19 20:30,25989
2014/12/19 21:00,26280
2014/12/19 21:30,26403
2014/12/19 22:00,26905
2014/12/19 22:30,26723
2014/12/19 23:00,25807
2014/12/19 23:30,26432
2014/12/20 0:00,25976
2014/12/20 0:30,24322
2014/12/20 1:00,22993
2014/12/20 1:30,21186
2014/12/20 2:00,19390
2014/12/20 2:30,16298
2014/12/20 3:00,14308
2014/12/20 3:30,12289
2014/12/20 4:00,10822
2014/12/20 4:30,6612
2014/12/20 5:00,4648
2014/12/20 5:30,3998
2014/12/20 6:00,4080
2014/12/20 6:30,5139
2014/12/20 7:00,4833
2014/12/20 7:30,6360
2014/12/20 8:00,7568
2014/12/20 8:30,10329
2014/12/20 9:00,11646
2014/12/20 9:30,15228
2014/12/20 10:00,16173
2014/12/20 10:30,18920
2014/12/20 11:00,19813
2014/12/20 11:30,21529
2014/12/20 12:00,22544
2014/12/20 12:30,22751
2014/12/20 13:00,22744
2014/12/20 13:30,22263
2014/12/20 14:00,22212
2014/12/20 14:30,21906
2014/12/20 15:00,21744
2014/12/20 15:30,21173
2014/12/20 16:00,18061
2014/12/20 16:30,15360
2014/12/20 17:00,17470
2014/12/20 17:30,20909
2014/12/20 18:00,22562
2014/12/20 18:30,24471
2014/12/20 19:00,25685
2014/12/20 19:30,25252
2014/12/20 20:00,23238
2014/12/20 20:30,22683
2014/12/20 21:00,22523
2014/12/20 21:30,23214
2014/12/20 22:00,23741
2014/12/20 22:30,24614
2014/12/20 23:00,25195
2014/12/20 23:30,25864
2014/12/21 0:00,25530
2014/12/21 0:30,24429
2014/12/21 1:00,22976
2014/12/21 1:30,21027
2014/12/21 2:00,19741
2014/12/21 2:30,17359
2014/12/21 3:00,15156
2014/12/21 3:30,12970
2014/12/21 4:00,11246
2014/12/21 4:30,6712
2014/12/21 5:00,4593
2014/12/21 5:30,3675
2014/12/21 6:00,3974
2014/12/21 6:30,3929
2014/12/21 7:00,3922
2014/12/21 7:30,5061
2014/12/21 8:00,5995
2014/12/21 8:30,7813
2014/12/21 9:00,9237
2014/12/21 9:30,12647
2014/12/21 10:00,13946
2014/12/21 10:30,18143
2014/12/21 11:00,18415
2014/12/21 11:30,19646
2014/12/21 12:00,20124
2014/12/21 12:30,21235
2014/12/21 13:00,20709
2014/12/21 13:30,20382
2014/12/21 14:00,20570
2014/12/21 14:30,20093
2014/12/21 15:00,19670
2014/12/21 15:30,19194
2014/12/21 16:00,17506
2014/12/21 16:30,15650
2014/12/21 17:00,17057
2014/12/21 17:30,19010
2014/12/21 18:00,19688
2014/12/21 18:30,19461
2014/12/21 19:00,19098
2014/12/21 19:30,17989
2014/12/21 20:00,16406
2014/12/21 20:30,16716
2014/12/21 21:00,15983
2014/12/21 21:30,16304
2014/12/21 22:00,15546
2014/12/21 22:30,13653
2014/12/21 23:00,12018
2014/12/21 23:30,10392
2014/12/22 0:00,8488
2014/12/22 0:30,6812
2014/12/22 1:00,5155
2014/12/22 1:30,4081
2014/12/22 2:00,3429
2014/12/22 2:30,2686
2014/12/22 3:00,2341
2014/12/22 3:30,2080
2014/12/22 4:00,2561
2014/12/22 4:30,2438
2014/12/22 5:00,2549
2014/12/22 5:30,4003
2014/12/22 6:00,5410
2014/12/22 6:30,9139
2014/12/22 7:00,10980
2014/12/22 7:30,13351
2014/12/22 8:00,14666
2014/12/22 8:30,16540
2014/12/22 9:00,16439
2014/12/22 9:30,16681
2014/12/22 10:00,15663
2014/12/22 10:30,16128
2014/12/22 11:00,16377
2014/12/22 11:30,17607
2014/12/22 12:00,17770
2014/12/22 12:30,17843
2014/12/22 13:00,17279
2014/12/22 13:30,18264
2014/12/22 14:00,18359
2014/12/22 14:30,18664
2014/12/22 15:00,18428
2014/12/22 15:30,15976
2014/12/22 16:00,13994
2014/12/22 16:30,12958
2014/12/22 17:00,15433
2014/12/22 17:30,17793
2014/12/22 18:00,19903
2014/12/22 18:30,20358
2014/12/22 19:00,20800
2014/12/22 19:30,19898
2014/12/22 20:00,18981
2014/12/22 20:30,19600
2014/12/22 21:00,19672
2014/12/22 21:30,20359
2014/12/22 22:00,19147
2014/12/22 22:30,17490
2014/12/22 23:00,14392
2014/12/22 23:30,12366
2014/12/23 0:00,10077
2014/12/23 0:30,8426
2014/12/23 1:00,7343
2014/12/23 1:30,5818
2014/12/23 2:00,4395
2014/12/23 2:30,3238
2014/12/23 3:00,2837
2014/12/23 3:30,2628
2014/12/23 4:00,2815
2014/12/23 4:30,2524
2014/12/23 5:00,2749
2014/12/23 5:30,4221
2014/12/23 6:00,5790
2014/12/23 6:30,9106
2014/12/23 7:00,10805
2014/12/23 7:30,13627
2014/12/23 8:00,14896
2014/12/23 8:30,16914
2014/12/23 9:00,16813
2014/12/23 9:30,17257
2014/12/23 10:00,16746
2014/12/23 10:30,16668
2014/12/23 11:00,16334
2014/12/23 11:30,17869
2014/12/23 12:00,18559
2014/12/23 12:30,18627
2014/12/23 13:00,18394
2014/12/23 13:30,19529
2014/12/23 14:00,18765
2014/12/23 14:30,19273
2014/12/23 15:00,18364
2014/12/23 15:30,16426
2014/12/23 16:00,13940
2014/12/23 16:30,12171
2014/12/23 17:00,14585
2014/12/23 17:30,16878
2014/12/23 18:00,19444
2014/12/23 18:30,20377
2014/12/23 19:00,20065
2014/12/23 19:30,19194
2014/12/23 20:00,18589
2014/12/23 20:30,17560
2014/12/23 21:00,17394
2014/12/23 21:30,18424
2014/12/23 22:00,16611
2014/12/23 22:30,15547
2014/12/23 23:00,14391
2014/12/23 23:30,12687
2014/12/24 0:00,11488
2014/12/24 0:30,9158
2014/12/24 1:00,7484
2014/12/24 1:30,6303
2014/12/24 2:00,5454
2014/12/24 2:30,4400
2014/12/24 3:00,3409
2014/12/24 3:30,3301
2014/12/24 4:00,3479
2014/12/24 4:30,2809
2014/12/24 5:00,2713
2014/12/24 5:30,3654
2014/12/24 6:00,4943
2014/12/24 6:30,6952
2014/12/24 7:00,7357
2014/12/24 7:30,9019
2014/12/24 8:00,9982
2014/12/24 8:30,12036
2014/12/24 9:00,13416
2014/12/24 9:30,16386
2014/12/24 10:00,18242
2014/12/24 10:30,17436
2014/12/24 11:00,19281
2014/12/24 11:30,18939
2014/12/24 12:00,18558
2014/12/24 12:30,20400
2014/12/24 13:00,21494
2014/12/24 13:30,19961
2014/12/24 14:00,19618
2014/12/24 14:30,17870
2014/12/24 15:00,17549
2014/12/24 15:30,17387
2014/12/24 16:00,15882
2014/12/24 16:30,15280
2014/12/24 17:00,16907
2014/12/24 17:30,16821
2014/12/24 18:00,17096
2014/12/24 18:30,16830
2014/12/24 19:00,15846
2014/12/24 19:30,14421
2014/12/24 20:00,13101
2014/12/24 20:30,13010
2014/12/24 21:00,12453
2014/12/24 21:30,12904
2014/12/24 22:00,12563
2014/12/24 22:30,12915
2014/12/24 23:00,12169
2014/12/24 23:30,11420
2014/12/25 0:00,10665
2014/12/25 0:30,9890
2014/12/25 1:00,8488
2014/12/25 1:30,7209
2014/12/25 2:00,6240
2014/12/25 2:30,5143
2014/12/25 3:00,4003
2014/12/25 3:30,3414
2014/12/25 4:00,3206
2014/12/25 4:30,2193
2014/12/25 5:00,1801
2014/12/25 5:30,1756
2014/12/25 6:00,2144
2014/12/25 6:30,2710
2014/12/25 7:00,2637
2014/12/25 7:30,3029
2014/12/25 8:00,2926
2014/12/25 8:30,3485
2014/12/25 9:00,4195
2014/12/25 9:30,5410
2014/12/25 10:00,6572
2014/12/25 10:30,7857
2014/12/25 11:00,8586
2014/12/25 11:30,9599
2014/12/25 12:00,10158
2014/12/25 12:30,10843
2014/12/25 13:00,10618
2014/12/25 13:30,11206
2014/12/25 14:00,11176
2014/12/25 14:30,12218
2014/12/25 15:00,12039
2014/12/25 15:30,11754
2014/12/25 16:00,11282
2014/12/25 16:30,10380
2014/12/25 17:00,10642
2014/12/25 17:30,10788
2014/12/25 18:00,10786
2014/12/25 18:30,11433
2014/12/25 19:00,11262
2014/12/25 19:30,10510
2014/12/25 20:00,9827
2014/12/25 20:30,10446
2014/12/25 21:00,10164
2014/12/25 21:30,11279
2014/12/25 22:00,10756
2014/12/25 22:30,10622
2014/12/25 23:00,8270
2014/12/25 23:30,7685
2014/12/26 0:00,6540
2014/12/26 0:30,5312
2014/12/26 1:00,4573
2014/12/26 1:30,3322
2014/12/26 2:00,2840
2014/12/26 2:30,2294
2014/12/26 3:00,1888
2014/12/26 3:30,1628
2014/12/26 4:00,1962
2014/12/26 4:30,1541
2014/12/26 5:00,1459
2014/12/26 5:30,1993
2014/12/26 6:00,2763
2014/12/26 6:30,3830
2014/12/26 7:00,4376
2014/12/26 7:30,5533
2014/12/26 8:00,6342
2014/12/26 8:30,7425
2014/12/26 9:00,8473
2014/12/26 9:30,9288
2014/12/26 10:00,10259
2014/12/26 10:30,10994
2014/12/26 11:00,11708
2014/12/26 11:30,13105
2014/12/26 12:00,13577
2014/12/26 12:30,14110
2014/12/26 13:00,14559
2014/12/26 13:30,14063
2014/12/26 14:00,14506
2014/12/26 14:30,15863
2014/12/26 15:00,16608
2014/12/26 15:30,15959
2014/12/26 16:00,15481
2014/12/26 16:30,14491
2014/12/26 17:00,15597
2014/12/26 17:30,16349
2014/12/26 18:00,16711
2014/12/26 18:30,16708
2014/12/26 19:00,18113
2014/12/26 19:30,16700
2014/12/26 20:00,15087
2014/12/26 20:30,15282
2014/12/26 21:00,14797
2014/12/26 21:30,14744
2014/12/26 22:00,15618
2014/12/26 22:30,16172
2014/12/26 23:00,14863
2014/12/26 23:30,13696
2014/12/27 0:00,13396
2014/12/27 0:30,12040
2014/12/27 1:00,11298
2014/12/27 1:30,10005
2014/12/27 2:00,9368
2014/12/27 2:30,8002
2014/12/27 3:00,7493
2014/12/27 3:30,6509
2014/12/27 4:00,5928
2014/12/27 4:30,4158
2014/12/27 5:00,2648
2014/12/27 5:30,2313
2014/12/27 6:00,2391
2014/12/27 6:30,2821
2014/12/27 7:00,2967
2014/12/27 7:30,4013
2014/12/27 8:00,4505
2014/12/27 8:30,6117
2014/12/27 9:00,7591
2014/12/27 9:30,9467
2014/12/27 10:00,10065
2014/12/27 10:30,11788
2014/12/27 11:00,12882
2014/12/27 11:30,14317
2014/12/27 12:00,15130
2014/12/27 12:30,15345
2014/12/27 13:00,17040
2014/12/27 13:30,16684
2014/12/27 14:00,16291
2014/12/27 14:30,17065
2014/12/27 15:00,17860
2014/12/27 15:30,17447
2014/12/27 16:00,16199
2014/12/27 16:30,14999
2014/12/27 17:00,15570
2014/12/27 17:30,17132
2014/12/27 18:00,17710
2014/12/27 18:30,18132
2014/12/27 19:00,18627
2014/12/27 19:30,17430
2014/12/27 20:00,16148
2014/12/27 20:30,15807
2014/12/27 21:00,16121
2014/12/27 21:30,17054
2014/12/27 22:00,18095
2014/12/27 22:30,17628
2014/12/27 23:00,17414
2014/12/27 23:30,17594
2014/12/28 0:00,16514
2014/12/28 0:30,15556
2014/12/28 1:00,14465
2014/12/28 1:30,12810
2014/12/28 2:00,12680
2014/12/28 2:30,11121
2014/12/28 3:00,9850
2014/12/28 3:30,9033
2014/12/28 4:00,8122
2014/12/28 4:30,5228
2014/12/28 5:00,3452
2014/12/28 5:30,2937
2014/12/28 6:00,2764
2014/12/28 6:30,3090
2014/12/28 7:00,3109
2014/12/28 7:30,4300
2014/12/28 8:00,5130
2014/12/28 8:30,6652
2014/12/28 9:00,7486
2014/12/28 9:30,9812
2014/12/28 10:00,10911
2014/12/28 10:30,13280
2014/12/28 11:00,13191
2014/12/28 11:30,14218
2014/12/28 12:00,14878
2014/12/28 12:30,15665
2014/12/28 13:00,15911
2014/12/28 13:30,15002
2014/12/28 14:00,15102
2014/12/28 14:30,15658
2014/12/28 15:00,15756
2014/12/28 15:30,16645
2014/12/28 16:00,16464
2014/12/28 16:30,15288
2014/12/28 17:00,15988
2014/12/28 17:30,16608
2014/12/28 18:00,16556
2014/12/28 18:30,16635
2014/12/28 19:00,16446
2014/12/28 19:30,15796
2014/12/28 20:00,14951
2014/12/28 20:30,14373
2014/12/28 21:00,13695
2014/12/28 21:30,14411
2014/12/28 22:00,14035
2014/12/28 22:30,12954
2014/12/28 23:00,11239
2014/12/28 23:30,10461
2014/12/29 0:00,8548
2014/12/29 0:30,6766
2014/12/29 1:00,5087
2014/12/29 1:30,4353
2014/12/29 2:00,3646
2014/12/29 2:30,2857
2014/12/29 3:00,2484
2014/12/29 3:30,2105
2014/12/29 4:00,2270
2014/12/29 4:30,2033
2014/12/29 5:00,2123
2014/12/29 5:30,2886
2014/12/29 6:00,4249
2014/12/29 6:30,6400
2014/12/29 7:00,6953
2014/12/29 7:30,8715
2014/12/29 8:00,9590
2014/12/29 8:30,12167
2014/12/29 9:00,12436
2014/12/29 9:30,13052
2014/12/29 10:00,13503
2014/12/29 10:30,13798
2014/12/29 11:00,14277
2014/12/29 11:30,15344
2014/12/29 12:00,15677
2014/12/29 12:30,16534
2014/12/29 13:00,16220
2014/12/29 13:30,16650
2014/12/29 14:00,17395
2014/12/29 14:30,17895
2014/12/29 15:00,17701
2014/12/29 15:30,17989
2014/12/29 16:00,16737
2014/12/29 16:30,15371
2014/12/29 17:00,17519
2014/12/29 17:30,18500
2014/12/29 18:00,20064
2014/12/29 18:30,20153
2014/12/29 19:00,20364
2014/12/29 19:30,18808
2014/12/29 20:00,17718
2014/12/29 20:30,16678
2014/12/29 21:00,17523
2014/12/29 21:30,17397
2014/12/29 22:00,16308
2014/12/29 22:30,15954
2014/12/29 23:00,14488
2014/12/29 23:30,12738
2014/12/30 0:00,11042
2014/12/30 0:30,8774
2014/12/30 1:00,7267
2014/12/30 1:30,5704
2014/12/30 2:00,4749
2014/12/30 2:30,3932
2014/12/30 3:00,3336
2014/12/30 3:30,3023
2014/12/30 4:00,3059
2014/12/30 4:30,2399
2014/12/30 5:00,2091
2014/12/30 5:30,3019
2014/12/30 6:00,4208
2014/12/30 6:30,6505
2014/12/30 7:00,7026
2014/12/30 7:30,8953
2014/12/30 8:00,10186
2014/12/30 8:30,13046
2014/12/30 9:00,13519
2014/12/30 9:30,14319
2014/12/30 10:00,14433
2014/12/30 10:30,15570
2014/12/30 11:00,15690
2014/12/30 11:30,17265
2014/12/30 12:00,17830
2014/12/30 12:30,18552
2014/12/30 13:00,19340
2014/12/30 13:30,19070
2014/12/30 14:00,18866
2014/12/30 14:30,18709
2014/12/30 15:00,18906
2014/12/30 15:30,18178
2014/12/30 16:00,16420
2014/12/30 16:30,15066
2014/12/30 17:00,17023
2014/12/30 17:30,19201
2014/12/30 18:00,20950
2014/12/30 18:30,22321
2014/12/30 19:00,22549
2014/12/30 19:30,21405
2014/12/30 20:00,20209
2014/12/30 20:30,19574
2014/12/30 21:00,20294
2014/12/30 21:30,20054
2014/12/30 22:00,19779
2014/12/30 22:30,18396
2014/12/30 23:00,17966
2014/12/30 23:30,15892
2014/12/31 0:00,14294
2014/12/31 0:30,12150
2014/12/31 1:00,10423
2014/12/31 1:30,8229
2014/12/31 2:00,7068
2014/12/31 2:30,5572
2014/12/31 3:00,4669
2014/12/31 3:30,3922
2014/12/31 4:00,4120
2014/12/31 4:30,2786
2014/12/31 5:00,2265
2014/12/31 5:30,2825
2014/12/31 6:00,3705
2014/12/31 6:30,5745
2014/12/31 7:00,6334
2014/12/31 7:30,8324
2014/12/31 8:00,9449
2014/12/31 8:30,11877
2014/12/31 9:00,11917
2014/12/31 9:30,12621
2014/12/31 10:00,13294
2014/12/31 10:30,13850
2014/12/31 11:00,15128
2014/12/31 11:30,16996
2014/12/31 12:00,16815
2014/12/31 12:30,17275
2014/12/31 13:00,18553
2014/12/31 13:30,18607
2014/12/31 14:00,18703
2014/12/31 14:30,18970
2014/12/31 15:00,19316
2014/12/31 15:30,18542
2014/12/31 16:00,17583
2014/12/31 16:30,16607
2014/12/31 17:00,17991
2014/12/31 17:30,18983
2014/12/31 18:00,20014
2014/12/31 18:30,20943
2014/12/31 19:00,22114
2014/12/31 19:30,24368
2014/12/31 20:00,25524
2014/12/31 20:30,26779
2014/12/31 21:00,27804
2014/12/31 21:30,27315
2014/12/31 22:00,25417
2014/12/31 22:30,23177
2014/12/31 23:00,21826
2014/12/31 23:30,14152
2015/1/1 0:00,22153
2015/1/1 0:30,29547
2015/1/1 1:00,30236
2015/1/1 1:30,28348
2015/1/1 2:00,26264
2015/1/1 2:30,25243
2015/1/1 3:00,23117
2015/1/1 3:30,21017
2015/1/1 4:00,18170
2015/1/1 4:30,12629
2015/1/1 5:00,8899
2015/1/1 5:30,6999
2015/1/1 6:00,5750
2015/1/1 6:30,5381
2015/1/1 7:00,5056
2015/1/1 7:30,4930
2015/1/1 8:00,4624
2015/1/1 8:30,4726
2015/1/1 9:00,5505
2015/1/1 9:30,6510
2015/1/1 10:00,7705
2015/1/1 10:30,10007
2015/1/1 11:00,11405
2015/1/1 11:30,13562
2015/1/1 12:00,14537
2015/1/1 12:30,15296
2015/1/1 13:00,15376
2015/1/1 13:30,16302
2015/1/1 14:00,16066
2015/1/1 14:30,16485
2015/1/1 15:00,16887
2015/1/1 15:30,16430
2015/1/1 16:00,16044
2015/1/1 16:30,14655
2015/1/1 17:00,15514
2015/1/1 17:30,16184
2015/1/1 18:00,16280
2015/1/1 18:30,16550
2015/1/1 19:00,15626
2015/1/1 19:30,14304
2015/1/1 20:00,13741
2015/1/1 20:30,13578
2015/1/1 21:00,13326
2015/1/1 21:30,13560
2015/1/1 22:00,12730
2015/1/1 22:30,12533
2015/1/1 23:00,10673
2015/1/1 23:30,9947
2015/1/2 0:00,8258
2015/1/2 0:30,8343
2015/1/2 1:00,6326
2015/1/2 1:30,4485
2015/1/2 2:00,3991
2015/1/2 2:30,3126
2015/1/2 3:00,2794
2015/1/2 3:30,2296
2015/1/2 4:00,2506
2015/1/2 4:30,2012
2015/1/2 5:00,1955
2015/1/2 5:30,2486
2015/1/2 6:00,3774
2015/1/2 6:30,5344
2015/1/2 7:00,5956
2015/1/2 7:30,7314
2015/1/2 8:00,8030
2015/1/2 8:30,10085
2015/1/2 9:00,10867
2015/1/2 9:30,11830
2015/1/2 10:00,12507
2015/1/2 10:30,13943
2015/1/2 11:00,14115
2015/1/2 11:30,15399
2015/1/2 12:00,16521
2015/1/2 12:30,16913
2015/1/2 13:00,16207
2015/1/2 13:30,17068
2015/1/2 14:00,17756
2015/1/2 14:30,17887
2015/1/2 15:00,17936
2015/1/2 15:30,18259
2015/1/2 16:00,16710
2015/1/2 16:30,15525
2015/1/2 17:00,17440
2015/1/2 17:30,19523
2015/1/2 18:00,20137
2015/1/2 18:30,20936
2015/1/2 19:00,21998
2015/1/2 19:30,19934
2015/1/2 20:00,18302
2015/1/2 20:30,17815
2015/1/2 21:00,17366
2015/1/2 21:30,17518
2015/1/2 22:00,19508
2015/1/2 22:30,19720
2015/1/2 23:00,18658
2015/1/2 23:30,19337
2015/1/3 0:00,18085
2015/1/3 0:30,16661
2015/1/3 1:00,15624
2015/1/3 1:30,14177
2015/1/3 2:00,12850
2015/1/3 2:30,11509
2015/1/3 3:00,10329
2015/1/3 3:30,8830
2015/1/3 4:00,7903
2015/1/3 4:30,4497
2015/1/3 5:00,3189
2015/1/3 5:30,2793
2015/1/3 6:00,2810
2015/1/3 6:30,3696
2015/1/3 7:00,3707
2015/1/3 7:30,4758
2015/1/3 8:00,5334
2015/1/3 8:30,7736
2015/1/3 9:00,9130
2015/1/3 9:30,11189
2015/1/3 10:00,11887
2015/1/3 10:30,14095
2015/1/3 11:00,14737
2015/1/3 11:30,16826
2015/1/3 12:00,18143
2015/1/3 12:30,20074
2015/1/3 13:00,21386
2015/1/3 13:30,21466
2015/1/3 14:00,21368
2015/1/3 14:30,21695
2015/1/3 15:00,21529
2015/1/3 15:30,20273
2015/1/3 16:00,19355
2015/1/3 16:30,17061
2015/1/3 17:00,18676
2015/1/3 17:30,21073
2015/1/3 18:00,22091
2015/1/3 18:30,23100
2015/1/3 19:00,23801
2015/1/3 19:30,22393
2015/1/3 20:00,18954
2015/1/3 20:30,18005
2015/1/3 21:00,19333
2015/1/3 21:30,18891
2015/1/3 22:00,20259
2015/1/3 22:30,20055
2015/1/3 23:00,19787
2015/1/3 23:30,20995
2015/1/4 0:00,19613
2015/1/4 0:30,16975
2015/1/4 1:00,16541
2015/1/4 1:30,14379
2015/1/4 2:00,13089
2015/1/4 2:30,10506
2015/1/4 3:00,9216
2015/1/4 3:30,8103
2015/1/4 4:00,6823
2015/1/4 4:30,4263
2015/1/4 5:00,3025
2015/1/4 5:30,2549
2015/1/4 6:00,2605
2015/1/4 6:30,3064
2015/1/4 7:00,3205
2015/1/4 7:30,4254
2015/1/4 8:00,4897
2015/1/4 8:30,6628
2015/1/4 9:00,7726
2015/1/4 9:30,9284
2015/1/4 10:00,10955
2015/1/4 10:30,13348
2015/1/4 11:00,13517
2015/1/4 11:30,14443
2015/1/4 12:00,15285
2015/1/4 12:30,16028
2015/1/4 13:00,16329
2015/1/4 13:30,15891
2015/1/4 14:00,15960
2015/1/4 14:30,16376
2015/1/4 15:00,15303
2015/1/4 15:30,16271
2015/1/4 16:00,15873
2015/1/4 16:30,15588
2015/1/4 17:00,15471
2015/1/4 17:30,16139
2015/1/4 18:00,15862
2015/1/4 18:30,16218
2015/1/4 19:00,14093
2015/1/4 19:30,17786
2015/1/4 20:00,16079
2015/1/4 20:30,14137
2015/1/4 21:00,11407
2015/1/4 21:30,12479
2015/1/4 22:00,11317
2015/1/4 22:30,10005
2015/1/4 23:00,8802
2015/1/4 23:30,8002
2015/1/5 0:00,6669
2015/1/5 0:30,5961
2015/1/5 1:00,4169
2015/1/5 1:30,3365
2015/1/5 2:00,2853
2015/1/5 2:30,2227
2015/1/5 3:00,1609
2015/1/5 3:30,1697
2015/1/5 4:00,1883
2015/1/5 4:30,1837
2015/1/5 5:00,2476
2015/1/5 5:30,4040
2015/1/5 6:00,6431
2015/1/5 6:30,10496
2015/1/5 7:00,13610
2015/1/5 7:30,16277
2015/1/5 8:00,17760
2015/1/5 8:30,18026
2015/1/5 9:00,16706
2015/1/5 9:30,14662
2015/1/5 10:00,13070
2015/1/5 10:30,13459
2015/1/5 11:00,13218
2015/1/5 11:30,13909
2015/1/5 12:00,14379
2015/1/5 12:30,14113
2015/1/5 13:00,13982
2015/1/5 13:30,14514
2015/1/5 14:00,15268
2015/1/5 14:30,16675
2015/1/5 15:00,17423
2015/1/5 15:30,16521
2015/1/5 16:00,15352
2015/1/5 16:30,14644
2015/1/5 17:00,17059
2015/1/5 17:30,19269
2015/1/5 18:00,21361
2015/1/5 18:30,21906
2015/1/5 19:00,21994
2015/1/5 19:30,20678
2015/1/5 20:00,19248
2015/1/5 20:30,17546
2015/1/5 21:00,17201
2015/1/5 21:30,15830
2015/1/5 22:00,14238
2015/1/5 22:30,13120
2015/1/5 23:00,11660
2015/1/5 23:30,9741
2015/1/6 0:00,7969
2015/1/6 0:30,6005
2015/1/6 1:00,4592
2015/1/6 1:30,3487
2015/1/6 2:00,2856
2015/1/6 2:30,2238
2015/1/6 3:00,1689
2015/1/6 3:30,1602
2015/1/6 4:00,1774
2015/1/6 4:30,1721
2015/1/6 5:00,2118
2015/1/6 5:30,4101
2015/1/6 6:00,6266
2015/1/6 6:30,11168
2015/1/6 7:00,13976
2015/1/6 7:30,18081
2015/1/6 8:00,19819
2015/1/6 8:30,20102
2015/1/6 9:00,18237
2015/1/6 9:30,16472
2015/1/6 10:00,14510
2015/1/6 10:30,14365
2015/1/6 11:00,13611
2015/1/6 11:30,14729
2015/1/6 12:00,15072
2015/1/6 12:30,14628
2015/1/6 13:00,14069
2015/1/6 13:30,14987
2015/1/6 14:00,15176
2015/1/6 14:30,16884
2015/1/6 15:00,17055
2015/1/6 15:30,16238
2015/1/6 16:00,14566
2015/1/6 16:30,14604
2015/1/6 17:00,16314
2015/1/6 17:30,18758
2015/1/6 18:00,21579
2015/1/6 18:30,22500
2015/1/6 19:00,21920
2015/1/6 19:30,20788
2015/1/6 20:00,20461
2015/1/6 20:30,19640
2015/1/6 21:00,19580
2015/1/6 21:30,19424
2015/1/6 22:00,17170
2015/1/6 22:30,14955
2015/1/6 23:00,12934
2015/1/6 23:30,11087
2015/1/7 0:00,8357
2015/1/7 0:30,6788
2015/1/7 1:00,5378
2015/1/7 1:30,3889
2015/1/7 2:00,3068
2015/1/7 2:30,2406
2015/1/7 3:00,2025
2015/1/7 3:30,1739
2015/1/7 4:00,1897
2015/1/7 4:30,1820
2015/1/7 5:00,2039
2015/1/7 5:30,3857
2015/1/7 6:00,6280
2015/1/7 6:30,11280
2015/1/7 7:00,14586
2015/1/7 7:30,18374
2015/1/7 8:00,20307
2015/1/7 8:30,21113
2015/1/7 9:00,19287
2015/1/7 9:30,17966
2015/1/7 10:00,15690
2015/1/7 10:30,16091
2015/1/7 11:00,14981
2015/1/7 11:30,16906
2015/1/7 12:00,16648
2015/1/7 12:30,16826
2015/1/7 13:00,16379
2015/1/7 13:30,17457
2015/1/7 14:00,17335
2015/1/7 14:30,18690
2015/1/7 15:00,19029
2015/1/7 15:30,17234
2015/1/7 16:00,16505
2015/1/7 16:30,15509
2015/1/7 17:00,17873
2015/1/7 17:30,21871
2015/1/7 18:00,24019
2015/1/7 18:30,24965
2015/1/7 19:00,25708
2015/1/7 19:30,24871
2015/1/7 20:00,23732
2015/1/7 20:30,22463
2015/1/7 21:00,23142
2015/1/7 21:30,22369
2015/1/7 22:00,21904
2015/1/7 22:30,18610
2015/1/7 23:00,15262
2015/1/7 23:30,12490
2015/1/8 0:00,9843
2015/1/8 0:30,7477
2015/1/8 1:00,5697
2015/1/8 1:30,4327
2015/1/8 2:00,3405
2015/1/8 2:30,2739
2015/1/8 3:00,2066
2015/1/8 3:30,2013
2015/1/8 4:00,1975
2015/1/8 4:30,1760
2015/1/8 5:00,2033
2015/1/8 5:30,4164
2015/1/8 6:00,6627
2015/1/8 6:30,12142
2015/1/8 7:00,15873
2015/1/8 7:30,20194
2015/1/8 8:00,21891
2015/1/8 8:30,22117
2015/1/8 9:00,20435
2015/1/8 9:30,19472
2015/1/8 10:00,17256
2015/1/8 10:30,17401
2015/1/8 11:00,15595
2015/1/8 11:30,17559
2015/1/8 12:00,17823
2015/1/8 12:30,16634
2015/1/8 13:00,16523
2015/1/8 13:30,17209
2015/1/8 14:00,17438
2015/1/8 14:30,19801
2015/1/8 15:00,20241
2015/1/8 15:30,18535
2015/1/8 16:00,16573
2015/1/8 16:30,15095
2015/1/8 17:00,17871
2015/1/8 17:30,21606
2015/1/8 18:00,24071
2015/1/8 18:30,25176
2015/1/8 19:00,25592
2015/1/8 19:30,25125
2015/1/8 20:00,24584
2015/1/8 20:30,23692
2015/1/8 21:00,23593
2015/1/8 21:30,23676
2015/1/8 22:00,23367
2015/1/8 22:30,21952
2015/1/8 23:00,19331
2015/1/8 23:30,15847
2015/1/9 0:00,13156
2015/1/9 0:30,10295
2015/1/9 1:00,8080
2015/1/9 1:30,6041
2015/1/9 2:00,5180
2015/1/9 2:30,3992
2015/1/9 3:00,3359
2015/1/9 3:30,2808
2015/1/9 4:00,2703
2015/1/9 4:30,2176
2015/1/9 5:00,2434
2015/1/9 5:30,4092
2015/1/9 6:00,6053
2015/1/9 6:30,11326
2015/1/9 7:00,13826
2015/1/9 7:30,15011
2015/1/9 8:00,15124
2015/1/9 8:30,15755
2015/1/9 9:00,16110
2015/1/9 9:30,16271
2015/1/9 10:00,15323
2015/1/9 10:30,15421
2015/1/9 11:00,14604
2015/1/9 11:30,15840
2015/1/9 12:00,15962
2015/1/9 12:30,15948
2015/1/9 13:00,16283
2015/1/9 13:30,16502
2015/1/9 14:00,17377
2015/1/9 14:30,18858
2015/1/9 15:00,18338
2015/1/9 15:30,17567
2015/1/9 16:00,15857
2015/1/9 16:30,15069
2015/1/9 17:00,18144
2015/1/9 17:30,21770
2015/1/9 18:00,24651
2015/1/9 18:30,26480
2015/1/9 19:00,27443
2015/1/9 19:30,27676
2015/1/9 20:00,25589
2015/1/9 20:30,23761
2015/1/9 21:00,23882
2015/1/9 21:30,23922
2015/1/9 22:00,24901
2015/1/9 22:30,25440
2015/1/9 23:00,25306
2015/1/9 23:30,25133
2015/1/10 0:00,24251
2015/1/10 0:30,22330
2015/1/10 1:00,19918
2015/1/10 1:30,17922
2015/1/10 2:00,16425
2015/1/10 2:30,13977
2015/1/10 3:00,11797
2015/1/10 3:30,10171
2015/1/10 4:00,8666
2015/1/10 4:30,4721
2015/1/10 5:00,3390
2015/1/10 5:30,2905
2015/1/10 6:00,3265
2015/1/10 6:30,4249
2015/1/10 7:00,5058
2015/1/10 7:30,6976
2015/1/10 8:00,7425
2015/1/10 8:30,11024
2015/1/10 9:00,13013
2015/1/10 9:30,16327
2015/1/10 10:00,16385
2015/1/10 10:30,18820
2015/1/10 11:00,19868
2015/1/10 11:30,22503
2015/1/10 12:00,22724
2015/1/10 12:30,23856
2015/1/10 13:00,23073
2015/1/10 13:30,22492
2015/1/10 14:00,21336
2015/1/10 14:30,22371
2015/1/10 15:00,23119
2015/1/10 15:30,23941
2015/1/10 16:00,22728
2015/1/10 16:30,20126
2015/1/10 17:00,21139
2015/1/10 17:30,24417
2015/1/10 18:00,26639
2015/1/10 18:30,26907
2015/1/10 19:00,28043
2015/1/10 19:30,26853
2015/1/10 20:00,27983
2015/1/10 20:30,24555
2015/1/10 21:00,23596
2015/1/10 21:30,24947
2015/1/10 22:00,26085
2015/1/10 22:30,27646
2015/1/10 23:00,28301
2015/1/10 23:30,28401
2015/1/11 0:00,26653
2015/1/11 0:30,24790
2015/1/11 1:00,23141
2015/1/11 1:30,20654
2015/1/11 2:00,19179
2015/1/11 2:30,16879
2015/1/11 3:00,14597
2015/1/11 3:30,12394
2015/1/11 4:00,9787
2015/1/11 4:30,5859
2015/1/11 5:00,3682
2015/1/11 5:30,3108
2015/1/11 6:00,2883
2015/1/11 6:30,3710
2015/1/11 7:00,3790
2015/1/11 7:30,5294
2015/1/11 8:00,6133
2015/1/11 8:30,8808
2015/1/11 9:00,9884
2015/1/11 9:30,13052
2015/1/11 10:00,13881
2015/1/11 10:30,17481
2015/1/11 11:00,17730
2015/1/11 11:30,20015
2015/1/11 12:00,19794
2015/1/11 12:30,21709
2015/1/11 13:00,21296
2015/1/11 13:30,20381
2015/1/11 14:00,19508
2015/1/11 14:30,19210
2015/1/11 15:00,18255
2015/1/11 15:30,19171
2015/1/11 16:00,18758
2015/1/11 16:30,19444
2015/1/11 17:00,19816
2015/1/11 17:30,19830
2015/1/11 18:00,19842
2015/1/11 18:30,19586
2015/1/11 19:00,18579
2015/1/11 19:30,17586
2015/1/11 20:00,15320
2015/1/11 20:30,13987
2015/1/11 21:00,13611
2015/1/11 21:30,13943
2015/1/11 22:00,12956
2015/1/11 22:30,11585
2015/1/11 23:00,12116
2015/1/11 23:30,9058
2015/1/12 0:00,7147
2015/1/12 0:30,5365
2015/1/12 1:00,3756
2015/1/12 1:30,3077
2015/1/12 2:00,2603
2015/1/12 2:30,2264
2015/1/12 3:00,1973
2015/1/12 3:30,1679
2015/1/12 4:00,1964
2015/1/12 4:30,1891
2015/1/12 5:00,2303
2015/1/12 5:30,4462
2015/1/12 6:00,6496
2015/1/12 6:30,11269
2015/1/12 7:00,14140
2015/1/12 7:30,18040
2015/1/12 8:00,19618
2015/1/12 8:30,19631
2015/1/12 9:00,18598
2015/1/12 9:30,17797
2015/1/12 10:00,16160
2015/1/12 10:30,15872
2015/1/12 11:00,15103
2015/1/12 11:30,16858
2015/1/12 12:00,17532
2015/1/12 12:30,16478
2015/1/12 13:00,16071
2015/1/12 13:30,17036
2015/1/12 14:00,17167
2015/1/12 14:30,18607
2015/1/12 15:00,19387
2015/1/12 15:30,16274
2015/1/12 16:00,15210
2015/1/12 16:30,14695
2015/1/12 17:00,16686
2015/1/12 17:30,19234
2015/1/12 18:00,21350
2015/1/12 18:30,22150
2015/1/12 19:00,21582
2015/1/12 19:30,20321
2015/1/12 20:00,20071
2015/1/12 20:30,18532
2015/1/12 21:00,18801
2015/1/12 21:30,17972
2015/1/12 22:00,17298
2015/1/12 22:30,14655
2015/1/12 23:00,12376
2015/1/12 23:30,10191
2015/1/13 0:00,11139
2015/1/13 0:30,7323
2015/1/13 1:00,5142
2015/1/13 1:30,3987
2015/1/13 2:00,3197
2015/1/13 2:30,2336
2015/1/13 3:00,1800
2015/1/13 3:30,1742
2015/1/13 4:00,1901
2015/1/13 4:30,1681
2015/1/13 5:00,2036
2015/1/13 5:30,4284
2015/1/13 6:00,6390
2015/1/13 6:30,11432
2015/1/13 7:00,14929
2015/1/13 7:30,19814
2015/1/13 8:00,21295
2015/1/13 8:30,21258
2015/1/13 9:00,20209
2015/1/13 9:30,19420
2015/1/13 10:00,18088
2015/1/13 10:30,17942
2015/1/13 11:00,17251
2015/1/13 11:30,18843
2015/1/13 12:00,18906
2015/1/13 12:30,18117
2015/1/13 13:00,17533
2015/1/13 13:30,18593
2015/1/13 14:00,18967
2015/1/13 14:30,20374
2015/1/13 15:00,20245
2015/1/13 15:30,18663
2015/1/13 16:00,16688
2015/1/13 16:30,14860
2015/1/13 17:00,16990
2015/1/13 17:30,20233
2015/1/13 18:00,23012
2015/1/13 18:30,24353
2015/1/13 19:00,24698
2015/1/13 19:30,24188
2015/1/13 20:00,24033
2015/1/13 20:30,23737
2015/1/13 21:00,23774
2015/1/13 21:30,23522
2015/1/13 22:00,21828
2015/1/13 22:30,18996
2015/1/13 23:00,15659
2015/1/13 23:30,12989
2015/1/14 0:00,10584
2015/1/14 0:30,7941
2015/1/14 1:00,6221
2015/1/14 1:30,4792
2015/1/14 2:00,3814
2015/1/14 2:30,3053
2015/1/14 3:00,2725
2015/1/14 3:30,2356
2015/1/14 4:00,2327
2015/1/14 4:30,2058
2015/1/14 5:00,2267
2015/1/14 5:30,4547
2015/1/14 6:00,6582
2015/1/14 6:30,12004
2015/1/14 7:00,15442
2015/1/14 7:30,20021
2015/1/14 8:00,20953
2015/1/14 8:30,21276
2015/1/14 9:00,20444
2015/1/14 9:30,19071
2015/1/14 10:00,17173
2015/1/14 10:30,17446
2015/1/14 11:00,16319
2015/1/14 11:30,18120
2015/1/14 12:00,18258
2015/1/14 12:30,17222
2015/1/14 13:00,16563
2015/1/14 13:30,17953
2015/1/14 14:00,18119
2015/1/14 14:30,18740
2015/1/14 15:00,18803
2015/1/14 15:30,17318
2015/1/14 16:00,15354
2015/1/14 16:30,14243
2015/1/14 17:00,16310
2015/1/14 17:30,20078
2015/1/14 18:00,22844
2015/1/14 18:30,23895
2015/1/14 19:00,24410
2015/1/14 19:30,24216
2015/1/14 20:00,22351
2015/1/14 20:30,22154
2015/1/14 21:00,22757
2015/1/14 21:30,22301
2015/1/14 22:00,22537
2015/1/14 22:30,19647
2015/1/14 23:00,16555
2015/1/14 23:30,13935
2015/1/15 0:00,10852
2015/1/15 0:30,8131
2015/1/15 1:00,6253
2015/1/15 1:30,4881
2015/1/15 2:00,3872
2015/1/15 2:30,2952
2015/1/15 3:00,2530
2015/1/15 3:30,2242
2015/1/15 4:00,2384
2015/1/15 4:30,2102
2015/1/15 5:00,2353
2015/1/15 5:30,4388
2015/1/15 6:00,6600
2015/1/15 6:30,11844
2015/1/15 7:00,15429
2015/1/15 7:30,19536
2015/1/15 8:00,20800
2015/1/15 8:30,21237
2015/1/15 9:00,20044
2015/1/15 9:30,19195
2015/1/15 10:00,16819
2015/1/15 10:30,17002
2015/1/15 11:00,15592
2015/1/15 11:30,17319
2015/1/15 12:00,18062
2015/1/15 12:30,16821
2015/1/15 13:00,16158
2015/1/15 13:30,17614
2015/1/15 14:00,17978
2015/1/15 14:30,18693
2015/1/15 15:00,18743
2015/1/15 15:30,17213
2015/1/15 16:00,15389
2015/1/15 16:30,13926
2015/1/15 17:00,16336
2015/1/15 17:30,19647
2015/1/15 18:00,22732
2015/1/15 18:30,24064
2015/1/15 19:00,24881
2015/1/15 19:30,24507
2015/1/15 20:00,24438
2015/1/15 20:30,23792
2015/1/15 21:00,24517
2015/1/15 21:30,24126
2015/1/15 22:00,23957
2015/1/15 22:30,22825
2015/1/15 23:00,21086
2015/1/15 23:30,17957
2015/1/16 0:00,14729
2015/1/16 0:30,11814
2015/1/16 1:00,9221
2015/1/16 1:30,7049
2015/1/16 2:00,6102
2015/1/16 2:30,4971
2015/1/16 3:00,4205
2015/1/16 3:30,3238
2015/1/16 4:00,3474
2015/1/16 4:30,2952
2015/1/16 5:00,2858
2015/1/16 5:30,4621
2015/1/16 6:00,6570
2015/1/16 6:30,11368
2015/1/16 7:00,14644
2015/1/16 7:30,18846
2015/1/16 8:00,19936
2015/1/16 8:30,20315
2015/1/16 9:00,19285
2015/1/16 9:30,18492
2015/1/16 10:00,16873
2015/1/16 10:30,16492
2015/1/16 11:00,15440
2015/1/16 11:30,17341
2015/1/16 12:00,17377
2015/1/16 12:30,16922
2015/1/16 13:00,16465
2015/1/16 13:30,17797
2015/1/16 14:00,18924
2015/1/16 14:30,19579
2015/1/16 15:00,19159
2015/1/16 15:30,17343
2015/1/16 16:00,15856
2015/1/16 16:30,14769
2015/1/16 17:00,16980
2015/1/16 17:30,21604
2015/1/16 18:00,24026
2015/1/16 18:30,26085
2015/1/16 19:00,27462
2015/1/16 19:30,27681
2015/1/16 20:00,26427
2015/1/16 20:30,25444
2015/1/16 21:00,25168
2015/1/16 21:30,25376
2015/1/16 22:00,26024
2015/1/16 22:30,26428
2015/1/16 23:00,25890
2015/1/16 23:30,25472
2015/1/17 0:00,24841
2015/1/17 0:30,22159
2015/1/17 1:00,20046
2015/1/17 1:30,17945
2015/1/17 2:00,15954
2015/1/17 2:30,14210
2015/1/17 3:00,12146
2015/1/17 3:30,10342
2015/1/17 4:00,8970
2015/1/17 4:30,5302
2015/1/17 5:00,3600
2015/1/17 5:30,3192
2015/1/17 6:00,3473
2015/1/17 6:30,4304
2015/1/17 7:00,4478
2015/1/17 7:30,6310
2015/1/17 8:00,7465
2015/1/17 8:30,11664
2015/1/17 9:00,12000
2015/1/17 9:30,14970
2015/1/17 10:00,15205
2015/1/17 10:30,17118
2015/1/17 11:00,17495
2015/1/17 11:30,19508
2015/1/17 12:00,20017
2015/1/17 12:30,20707
2015/1/17 13:00,20941
2015/1/17 13:30,20725
2015/1/17 14:00,19358
2015/1/17 14:30,20008
2015/1/17 15:00,20758
2015/1/17 15:30,21068
2015/1/17 16:00,20316
2015/1/17 16:30,19248
2015/1/17 17:00,20449
2015/1/17 17:30,23133
2015/1/17 18:00,23733
2015/1/17 18:30,25602
2015/1/17 19:00,27074
2015/1/17 19:30,25487
2015/1/17 20:00,22437
2015/1/17 20:30,21569
2015/1/17 21:00,21542
2015/1/17 21:30,22661
2015/1/17 22:00,23754
2015/1/17 22:30,25114
2015/1/17 23:00,25308
2015/1/17 23:30,25251
2015/1/18 0:00,25423
2015/1/18 0:30,23964
2015/1/18 1:00,22134
2015/1/18 1:30,20253
2015/1/18 2:00,19354
2015/1/18 2:30,17470
2015/1/18 3:00,14916
2015/1/18 3:30,13069
2015/1/18 4:00,10617
2015/1/18 4:30,6053
2015/1/18 5:00,4097
2015/1/18 5:30,3219
2015/1/18 6:00,3050
2015/1/18 6:30,3114
2015/1/18 7:00,3521
2015/1/18 7:30,4745
2015/1/18 8:00,6290
2015/1/18 8:30,8298
2015/1/18 9:00,9919
2015/1/18 9:30,13441
2015/1/18 10:00,15096
2015/1/18 10:30,18880
2015/1/18 11:00,20210
2015/1/18 11:30,22395
2015/1/18 12:00,22791
2015/1/18 12:30,22619
2015/1/18 13:00,22916
2015/1/18 13:30,22472
2015/1/18 14:00,22015
2015/1/18 14:30,23848
2015/1/18 15:00,22149
2015/1/18 15:30,19787
2015/1/18 16:00,18399
2015/1/18 16:30,18309
2015/1/18 17:00,17623
2015/1/18 17:30,18567
2015/1/18 18:00,18557
2015/1/18 18:30,20670
2015/1/18 19:00,16805
2015/1/18 19:30,14576
2015/1/18 20:00,14056
2015/1/18 20:30,14591
2015/1/18 21:00,13904
2015/1/18 21:30,14487
2015/1/18 22:00,15516
2015/1/18 22:30,14292
2015/1/18 23:00,12676
2015/1/18 23:30,11970
2015/1/19 0:00,10938
2015/1/19 0:30,9181
2015/1/19 1:00,7630
2015/1/19 1:30,6241
2015/1/19 2:00,5370
2015/1/19 2:30,4199
2015/1/19 3:00,3815
2015/1/19 3:30,3367
2015/1/19 4:00,3278
2015/1/19 4:30,2542
2015/1/19 5:00,2341
2015/1/19 5:30,2774
2015/1/19 6:00,3479
2015/1/19 6:30,5228
2015/1/19 7:00,5531
2015/1/19 7:30,7133
2015/1/19 8:00,8572
2015/1/19 8:30,11251
2015/1/19 9:00,11815
2015/1/19 9:30,13223
2015/1/19 10:00,12862
2015/1/19 10:30,14360
2015/1/19 11:00,14101
2015/1/19 11:30,16056
2015/1/19 12:00,16454
2015/1/19 12:30,17460
2015/1/19 13:00,17295
2015/1/19 13:30,17872
2015/1/19 14:00,17517
2015/1/19 14:30,18228
2015/1/19 15:00,17900
2015/1/19 15:30,18245
2015/1/19 16:00,17379
2015/1/19 16:30,16921
2015/1/19 17:00,17309
2015/1/19 17:30,18431
2015/1/19 18:00,19142
2015/1/19 18:30,19449
2015/1/19 19:00,18494
2015/1/19 19:30,17217
2015/1/19 20:00,16075
2015/1/19 20:30,15157
2015/1/19 21:00,14245
2015/1/19 21:30,14069
2015/1/19 22:00,13506
2015/1/19 22:30,12936
2015/1/19 23:00,10400
2015/1/19 23:30,8189
2015/1/20 0:00,6941
2015/1/20 0:30,5164
2015/1/20 1:00,3940
2015/1/20 1:30,3073
2015/1/20 2:00,2690
2015/1/20 2:30,2006
2015/1/20 3:00,1584
2015/1/20 3:30,1495
2015/1/20 4:00,1692
2015/1/20 4:30,1663
2015/1/20 5:00,2275
2015/1/20 5:30,4423
2015/1/20 6:00,6390
2015/1/20 6:30,11694
2015/1/20 7:00,14427
2015/1/20 7:30,18672
2015/1/20 8:00,19568
2015/1/20 8:30,20068
2015/1/20 9:00,18961
2015/1/20 9:30,17965
2015/1/20 10:00,15858
2015/1/20 10:30,15942
2015/1/20 11:00,14858
2015/1/20 11:30,16031
2015/1/20 12:00,15767
2015/1/20 12:30,15718
2015/1/20 13:00,14752
2015/1/20 13:30,16556
2015/1/20 14:00,16333
2015/1/20 14:30,17782
2015/1/20 15:00,17590
2015/1/20 15:30,16525
2015/1/20 16:00,15174
2015/1/20 16:30,14241
2015/1/20 17:00,16378
2015/1/20 17:30,19480
2015/1/20 18:00,22419
2015/1/20 18:30,23262
2015/1/20 19:00,22395
2015/1/20 19:30,21663
2015/1/20 20:00,21386
2015/1/20 20:30,20673
2015/1/20 21:00,21258
2015/1/20 21:30,21186
2015/1/20 22:00,20053
2015/1/20 22:30,16936
2015/1/20 23:00,14319
2015/1/20 23:30,11226
2015/1/21 0:00,8987
2015/1/21 0:30,6616
2015/1/21 1:00,5410
2015/1/21 1:30,4152
2015/1/21 2:00,3405
2015/1/21 2:30,2682
2015/1/21 3:00,2180
2015/1/21 3:30,1905
2015/1/21 4:00,2089
2015/1/21 4:30,1981
2015/1/21 5:00,2213
2015/1/21 5:30,4205
2015/1/21 6:00,6482
2015/1/21 6:30,11513
2015/1/21 7:00,15263
2015/1/21 7:30,19134
2015/1/21 8:00,20366
2015/1/21 8:30,21165
2015/1/21 9:00,19723
2015/1/21 9:30,18557
2015/1/21 10:00,17106
2015/1/21 10:30,17373
2015/1/21 11:00,15714
2015/1/21 11:30,16754
2015/1/21 12:00,17156
2015/1/21 12:30,16405
2015/1/21 13:00,15565
2015/1/21 13:30,17267
2015/1/21 14:00,17711
2015/1/21 14:30,18372
2015/1/21 15:00,18579
2015/1/21 15:30,16601
2015/1/21 16:00,15939
2015/1/21 16:30,14513
2015/1/21 17:00,17001
2015/1/21 17:30,20962
2015/1/21 18:00,23400
2015/1/21 18:30,23891
2015/1/21 19:00,24112
2015/1/21 19:30,23195
2015/1/21 20:00,22527
2015/1/21 20:30,21978
2015/1/21 21:00,22624
2015/1/21 21:30,21970
2015/1/21 22:00,21085
2015/1/21 22:30,19624
2015/1/21 23:00,15974
2015/1/21 23:30,12520
2015/1/22 0:00,10173
2015/1/22 0:30,7771
2015/1/22 1:00,6287
2015/1/22 1:30,4720
2015/1/22 2:00,3642
2015/1/22 2:30,2769
2015/1/22 3:00,2406
2015/1/22 3:30,2194
2015/1/22 4:00,2275
2015/1/22 4:30,2021
2015/1/22 5:00,2385
2015/1/22 5:30,4276
2015/1/22 6:00,6311
2015/1/22 6:30,11643
2015/1/22 7:00,14874
2015/1/22 7:30,19720
2015/1/22 8:00,20607
2015/1/22 8:30,20838
2015/1/22 9:00,19347
2015/1/22 9:30,18316
2015/1/22 10:00,16233
2015/1/22 10:30,16420
2015/1/22 11:00,14997
2015/1/22 11:30,17341
2015/1/22 12:00,17606
2015/1/22 12:30,16850
2015/1/22 13:00,15625
2015/1/22 13:30,17210
2015/1/22 14:00,17552
2015/1/22 14:30,18531
2015/1/22 15:00,18806
2015/1/22 15:30,17322
2015/1/22 16:00,15719
2015/1/22 16:30,14717
2015/1/22 17:00,16955
2015/1/22 17:30,20647
2015/1/22 18:00,23122
2015/1/22 18:30,25031
2015/1/22 19:00,25376
2015/1/22 19:30,25849
2015/1/22 20:00,24434
2015/1/22 20:30,23690
2015/1/22 21:00,24704
2015/1/22 21:30,25221
2015/1/22 22:00,24320
2015/1/22 22:30,22823
2015/1/22 23:00,21754
2015/1/22 23:30,17946
2015/1/23 0:00,14722
2015/1/23 0:30,11815
2015/1/23 1:00,9274
2015/1/23 1:30,7241
2015/1/23 2:00,6184
2015/1/23 2:30,4956
2015/1/23 3:00,4158
2015/1/23 3:30,3499
2015/1/23 4:00,3433
2015/1/23 4:30,2736
2015/1/23 5:00,2534
2015/1/23 5:30,4436
2015/1/23 6:00,6559
2015/1/23 6:30,11173
2015/1/23 7:00,14477
2015/1/23 7:30,19424
2015/1/23 8:00,20059
2015/1/23 8:30,20211
2015/1/23 9:00,19220
2015/1/23 9:30,18519
2015/1/23 10:00,16466
2015/1/23 10:30,16651
2015/1/23 11:00,15564
2015/1/23 11:30,17483
2015/1/23 12:00,18057
2015/1/23 12:30,16855
2015/1/23 13:00,16827
2015/1/23 13:30,17900
2015/1/23 14:00,18747
2015/1/23 14:30,19493
2015/1/23 15:00,19020
2015/1/23 15:30,17169
2015/1/23 16:00,15680
2015/1/23 16:30,15126
2015/1/23 17:00,17664
2015/1/23 17:30,21065
2015/1/23 18:00,23573
2015/1/23 18:30,25063
2015/1/23 19:00,26854
2015/1/23 19:30,26037
2015/1/23 20:00,24863
2015/1/23 20:30,23793
2015/1/23 21:00,23560
2015/1/23 21:30,23904
2015/1/23 22:00,25266
2015/1/23 22:30,25284
2015/1/23 23:00,25157
2015/1/23 23:30,24597
2015/1/24 0:00,24223
2015/1/24 0:30,21761
2015/1/24 1:00,20356
2015/1/24 1:30,18221
2015/1/24 2:00,14264
2015/1/24 2:30,11852
2015/1/24 3:00,10245
2015/1/24 3:30,8895
2015/1/24 4:00,7634
2015/1/24 4:30,4822
2015/1/24 5:00,3521
2015/1/24 5:30,2971
2015/1/24 6:00,3225
2015/1/24 6:30,4324
2015/1/24 7:00,4948
2015/1/24 7:30,6401
2015/1/24 8:00,7537
2015/1/24 8:30,10085
2015/1/24 9:00,11421
2015/1/24 9:30,15063
2015/1/24 10:00,14932
2015/1/24 10:30,16512
2015/1/24 11:00,16893
2015/1/24 11:30,19945
2015/1/24 12:00,19851
2015/1/24 12:30,20385
2015/1/24 13:00,20321
2015/1/24 13:30,19563
2015/1/24 14:00,18692
2015/1/24 14:30,19016
2015/1/24 15:00,19252
2015/1/24 15:30,19325
2015/1/24 16:00,19139
2015/1/24 16:30,19092
2015/1/24 17:00,19901
2015/1/24 17:30,21433
2015/1/24 18:00,22997
2015/1/24 18:30,24210
2015/1/24 19:00,26175
2015/1/24 19:30,24935
2015/1/24 20:00,21243
2015/1/24 20:30,20206
2015/1/24 21:00,20188
2015/1/24 21:30,21588
2015/1/24 22:00,24357
2015/1/24 22:30,25009
2015/1/24 23:00,25641
2015/1/24 23:30,25928
2015/1/25 0:00,25026
2015/1/25 0:30,23773
2015/1/25 1:00,22667
2015/1/25 1:30,20864
2015/1/25 2:00,19498
2015/1/25 2:30,17494
2015/1/25 3:00,15262
2015/1/25 3:30,12727
2015/1/25 4:00,10682
2015/1/25 4:30,5804
2015/1/25 5:00,3732
2015/1/25 5:30,3050
2015/1/25 6:00,2793
2015/1/25 6:30,3690
2015/1/25 7:00,4009
2015/1/25 7:30,5014
2015/1/25 8:00,5354
2015/1/25 8:30,7694
2015/1/25 9:00,9298
2015/1/25 9:30,12036
2015/1/25 10:00,13457
2015/1/25 10:30,16776
2015/1/25 11:00,16838
2015/1/25 11:30,18681
2015/1/25 12:00,19382
2015/1/25 12:30,19841
2015/1/25 13:00,19688
2015/1/25 13:30,19900
2015/1/25 14:00,19767
2015/1/25 14:30,19114
2015/1/25 15:00,18144
2015/1/25 15:30,18343
2015/1/25 16:00,17879
2015/1/25 16:30,17910
2015/1/25 17:00,17868
2015/1/25 17:30,19079
2015/1/25 18:00,19687
2015/1/25 18:30,19227
2015/1/25 19:00,17843
2015/1/25 19:30,16231
2015/1/25 20:00,14905
2015/1/25 20:30,14598
2015/1/25 21:00,13551
2015/1/25 21:30,13933
2015/1/25 22:00,12374
2015/1/25 22:30,10625
2015/1/25 23:00,9964
2015/1/25 23:30,8190
2015/1/26 0:00,6663
2015/1/26 0:30,5151
2015/1/26 1:00,4092
2015/1/26 1:30,3207
2015/1/26 2:00,2626
2015/1/26 2:30,1994
2015/1/26 3:00,1987
2015/1/26 3:30,1912
2015/1/26 4:00,2156
2015/1/26 4:30,2175
2015/1/26 5:00,2757
2015/1/26 5:30,4689
2015/1/26 6:00,6715
2015/1/26 6:30,11577
2015/1/26 7:00,13954
2015/1/26 7:30,17717
2015/1/26 8:00,18686
2015/1/26 8:30,18923
2015/1/26 9:00,17326
2015/1/26 9:30,15926
2015/1/26 10:00,13785
2015/1/26 10:30,13905
2015/1/26 11:00,13575
2015/1/26 11:30,14094
2015/1/26 12:00,14488
2015/1/26 12:30,14428
2015/1/26 13:00,14402
2015/1/26 13:30,14747
2015/1/26 14:00,13915
2015/1/26 14:30,11432
2015/1/26 15:00,9659
2015/1/26 15:30,7681
2015/1/26 16:00,6257
2015/1/26 16:30,5520
2015/1/26 17:00,5159
2015/1/26 17:30,5283
2015/1/26 18:00,5821
2015/1/26 18:30,5586
2015/1/26 19:00,4729
2015/1/26 19:30,4402
2015/1/26 20:00,3877
2015/1/26 20:30,3384
2015/1/26 21:00,3203
2015/1/26 21:30,2611
2015/1/26 22:00,1783
2015/1/26 22:30,866
2015/1/26 23:00,297
2015/1/26 23:30,189
2015/1/27 0:00,109
2015/1/27 0:30,80
2015/1/27 1:00,40
2015/1/27 1:30,39
2015/1/27 2:00,26
2015/1/27 2:30,32
2015/1/27 3:00,8
2015/1/27 3:30,11
2015/1/27 4:00,9
2015/1/27 4:30,20
2015/1/27 5:00,21
2015/1/27 5:30,37
2015/1/27 6:00,69
2015/1/27 6:30,107
2015/1/27 7:00,216
2015/1/27 7:30,332
2015/1/27 8:00,570
2015/1/27 8:30,1049
2015/1/27 9:00,1589
2015/1/27 9:30,2285
2015/1/27 10:00,2945
2015/1/27 10:30,3544
2015/1/27 11:00,3876
2015/1/27 11:30,4535
2015/1/27 12:00,4923
2015/1/27 12:30,5157
2015/1/27 13:00,5273
2015/1/27 13:30,5584
2015/1/27 14:00,5773
2015/1/27 14:30,6569
2015/1/27 15:00,7007
2015/1/27 15:30,7400
2015/1/27 16:00,7962
2015/1/27 16:30,8760
2015/1/27 17:00,9776
2015/1/27 17:30,10863
2015/1/27 18:00,12687
2015/1/27 18:30,12541
2015/1/27 19:00,11967
2015/1/27 19:30,10813
2015/1/27 20:00,10419
2015/1/27 20:30,10132
2015/1/27 21:00,10566
2015/1/27 21:30,11073
2015/1/27 22:00,10559
2015/1/27 22:30,9121
2015/1/27 23:00,8700
2015/1/27 23:30,6884
2015/1/28 0:00,5502
2015/1/28 0:30,4001
2015/1/28 1:00,3039
2015/1/28 1:30,2431
2015/1/28 2:00,2005
2015/1/28 2:30,1661
2015/1/28 3:00,1300
2015/1/28 3:30,1279
2015/1/28 4:00,1407
2015/1/28 4:30,1353
2015/1/28 5:00,1887
2015/1/28 5:30,3714
2015/1/28 6:00,6019
2015/1/28 6:30,11208
2015/1/28 7:00,14063
2015/1/28 7:30,17572
2015/1/28 8:00,18746
2015/1/28 8:30,18397
2015/1/28 9:00,17430
2015/1/28 9:30,15997
2015/1/28 10:00,13900
2015/1/28 10:30,14138
2015/1/28 11:00,13361
2015/1/28 11:30,14156
2015/1/28 12:00,14075
2015/1/28 12:30,13887
2015/1/28 13:00,13593
2015/1/28 13:30,14093
2015/1/28 14:00,14699
2015/1/28 14:30,15372
2015/1/28 15:00,16220
2015/1/28 15:30,15107
2015/1/28 16:00,14057
2015/1/28 16:30,13802
2015/1/28 17:00,15961
2015/1/28 17:30,18422
2015/1/28 18:00,21270
2015/1/28 18:30,22262
2015/1/28 19:00,22786
2015/1/28 19:30,22169
2015/1/28 20:00,21155
2015/1/28 20:30,20120
2015/1/28 21:00,20428
2015/1/28 21:30,20309
2015/1/28 22:00,20059
2015/1/28 22:30,19055
2015/1/28 23:00,15481
2015/1/28 23:30,12535
2015/1/29 0:00,10134
2015/1/29 0:30,7568
2015/1/29 1:00,5619
2015/1/29 1:30,4342
2015/1/29 2:00,3604
2015/1/29 2:30,2822
2015/1/29 3:00,2379
2015/1/29 3:30,2121
2015/1/29 4:00,2130
2015/1/29 4:30,1968
2015/1/29 5:00,2339
2015/1/29 5:30,4306
2015/1/29 6:00,6575
2015/1/29 6:30,11896
2015/1/29 7:00,15030
2015/1/29 7:30,18687
2015/1/29 8:00,19710
2015/1/29 8:30,19585
2015/1/29 9:00,18438
2015/1/29 9:30,17398
2015/1/29 10:00,16241
2015/1/29 10:30,15905
2015/1/29 11:00,14690
2015/1/29 11:30,16203
2015/1/29 12:00,16711
2015/1/29 12:30,16013
2015/1/29 13:00,15725
2015/1/29 13:30,16432
2015/1/29 14:00,17190
2015/1/29 14:30,17571
2015/1/29 15:00,18184
2015/1/29 15:30,16484
2015/1/29 16:00,14774
2015/1/29 16:30,13800
2015/1/29 17:00,15971
2015/1/29 17:30,19384
2015/1/29 18:00,21649
2015/1/29 18:30,23102
2015/1/29 19:00,23464
2015/1/29 19:30,23343
2015/1/29 20:00,23197
2015/1/29 20:30,23120
2015/1/29 21:00,23208
2015/1/29 21:30,23188
2015/1/29 22:00,22638
2015/1/29 22:30,21501
2015/1/29 23:00,20719
2015/1/29 23:30,17877
2015/1/30 0:00,14367
2015/1/30 0:30,11118
2015/1/30 1:00,8733
2015/1/30 1:30,6954
2015/1/30 2:00,5898
2015/1/30 2:30,4541
2015/1/30 3:00,3834
2015/1/30 3:30,3143
2015/1/30 4:00,3295
2015/1/30 4:30,2652
2015/1/30 5:00,2541
2015/1/30 5:30,4585
2015/1/30 6:00,6626
2015/1/30 6:30,11854
2015/1/30 7:00,15913
2015/1/30 7:30,19574
2015/1/30 8:00,20898
2015/1/30 8:30,20859
2015/1/30 9:00,19707
2015/1/30 9:30,18495
2015/1/30 10:00,17096
2015/1/30 10:30,16561
2015/1/30 11:00,16496
2015/1/30 11:30,17310
2015/1/30 12:00,17354
2015/1/30 12:30,16305
2015/1/30 13:00,16685
2015/1/30 13:30,18077
2015/1/30 14:00,18375
2015/1/30 14:30,18633
2015/1/30 15:00,18401
2015/1/30 15:30,17079
2015/1/30 16:00,15582
2015/1/30 16:30,14719
2015/1/30 17:00,17569
2015/1/30 17:30,21013
2015/1/30 18:00,23696
2015/1/30 18:30,25758
2015/1/30 19:00,27289
2015/1/30 19:30,28107
2015/1/30 20:00,27308
2015/1/30 20:30,26570
2015/1/30 21:00,25935
2015/1/30 21:30,26432
2015/1/30 22:00,26739
2015/1/30 22:30,26874
2015/1/30 23:00,26928
2015/1/30 23:30,26000
2015/1/31 0:00,25778
2015/1/31 0:30,23304
2015/1/31 1:00,21318
2015/1/31 1:30,19024
2015/1/31 2:00,17022
2015/1/31 2:30,14733
2015/1/31 3:00,12593
2015/1/31 3:30,11048
2015/1/31 4:00,9364
2015/1/31 4:30,5209
2015/1/31 5:00,3683
2015/1/31 5:30,3329
2015/1/31 6:00,3714
2015/1/31 6:30,4531
2015/1/31 7:00,4803
2015/1/31 7:30,7049
2015/1/31 8:00,8363
2015/1/31 8:30,11899
2015/1/31 9:00,13522
2015/1/31 9:30,18164
2015/1/31 10:00,17645
2015/1/31 10:30,20056
2015/1/31 11:00,20270
2015/1/31 11:30,22865
2015/1/31 12:00,22951
2015/1/31 12:30,23387
2015/1/31 13:00,23069
2015/1/31 13:30,23298
2015/1/31 14:00,21817
2015/1/31 14:30,21565
2015/1/31 15:00,21729
2015/1/31 15:30,22838
2015/1/31 16:00,21068
2015/1/31 16:30,19920
2015/1/31 17:00,20715
2015/1/31 17:30,23595
2015/1/31 18:00,26044
2015/1/31 18:30,27286
2015/1/31 19:00,28804
2015/1/31 19:30,27773
2015/1/31 20:00,24985
2015/1/31 20:30,23291
2015/1/31 21:00,23719
2015/1/31 21:30,24670
2015/1/31 22:00,25721
2015/1/31 22:30,27309
2015/1/31 23:00,26591
2015/1/31 23:30,26288
