heat,amplitude,rpm,fuel_rate,vibration_freq
1374.5401188473625,0.24945632738667942,8649.991554949851,0.0819072284186087,79.89120412044164
1950.7143064099162,0.2331648384925613,5922.559977993558,0.07296462267670967,59.4817775162058
1731.993941811405,0.170461565001144,6733.198471849431,0.09822492624319705,62.6359224972216
1598.6584841970366,0.3429066680405952,8316.40318428909,0.060948922549211915,68.06711281809218
1156.0186404424364,0.29064966420345156,7410.4467226224,0.07939282079994704,70.36533343649484
1155.9945203362026,0.44628039692960153,8692.85519317447,0.08501050074951114,74.22618092105441
1058.0836121681994,0.1128438321928233,9806.039506114299,0.09127822446726909,75.54600289634944
1866.1761457749353,0.3575471710220506,5582.733438575988,0.07034855152140036,95.5716345487536
1601.115011743209,0.40517955140462447,8547.838581990305,0.08434609538287408,100.95731908260413
1708.0725777960456,0.4037946276753228,6151.720778160572,0.06516007356921415,80.8879208126356
1020.5844942958024,0.4544295868382101,7072.383637037847,0.07177380461809102,140.7296419920728
1969.9098521619944,0.3916134971317976,5164.313628975699,0.09478135656016996,105.31397233389546
1832.4426408004217,0.47112402465907854,5679.536911463495,0.09749538046654772,128.74769280334067
1212.339110678276,0.2330626399283566,6598.886445244499,0.08594086734636325,142.42378324208434
1181.8249672071006,0.30128376670061724,6709.929026439924,0.06871759453880925,66.31351145758052
1183.4045098534339,0.10563186531315627,9497.926082310478,0.09100288949873321,92.78744837156344
1304.2422429595376,0.10278303492131649,8709.064546332575,0.05129335408627101,93.32104017146088
1524.7564316322378,0.19605064818060797,9860.914840935206,0.05513729552697105,85.44722504383542
1431.9450186421159,0.1403228788556341,7995.357551676203,0.08306868681876806,50.89058665516399
1291.229140198042,0.20408454717430147,6208.56866045659,0.06456242876350288,131.5972107778095
1611.8528947223795,0.17081731781135895,6638.275149608215,0.0975693109200239,61.15593215539028
1139.4938606520418,0.1114080099354593,6599.179616459835,0.07180303060461524,149.54805979217588
1292.144648535218,0.46372165856241976,6632.471638316258,0.07146824101945885,127.29584919111817
1366.3618432936917,0.10328925255555661,8364.820865559079,0.08390397550954656,108.00100176065145
1456.0699842170359,0.39443285773483416,7654.039640452082,0.08837842811530949,65.46064177415974
1785.1759613930135,0.16085915476780663,6927.120890433222,0.07377793690625684,101.5392971393247
1199.6737821583597,0.46489184879984,5745.448843643583,0.06070004508558621,76.11087408578089
1514.2344384136118,0.4571183758359544,5110.69581471073,0.08866543213628109,75.23225245430694
1592.4145688620424,0.3615604585477029,6094.173387938463,0.06601756374368138,132.95292493824854
1046.4504127199978,0.36889365992024203,5537.357019843406,0.058755538464692884,88.06444239594347
1607.5448519014385,0.10213565678787542,8927.225154261198,0.08158200949625066,95.07238033908041
1170.5241236872916,0.4939486264454408,5562.4897890694265,0.05452268334951752,134.29647377801183
1065.0515929852795,0.45113304143032573,8621.14118653418,0.09856763375430275,58.77906257188425
1948.8855372533333,0.4580424902920368,6928.293448880413,0.08161986322060685,109.46178530910495
1965.6320330745593,0.3636978148203488,5366.89194871888,0.0992947760460878,107.82156813730379
1808.3973481164612,0.2379147714618146,9063.65024715793,0.06694467117393181,92.52145692666753
1304.6137691733707,0.4574594596361924,7898.152851183067,0.0985602580595199,132.9774641424093
1097.672114006384,0.21660677126047695,6178.807564317865,0.057278112386431185,144.28900613356927
1684.2330265121568,0.32508461733688115,9473.40587166334,0.052034738617351424,96.53358619136108
1440.1524937396014,0.13989238893755296,5226.2915693527575,0.05164920302273013,95.61470509983997
1122.0382348447788,0.4687822520531001,6009.098040988814,0.07324351852996136,100.20637296707447
1495.1769101112702,0.15630818310848535,8760.234639029306,0.05415020987392974,122.31240308330615
1034.3885211152183,0.18995872229216293,8546.889651549445,0.07560839420838009,116.80602906989623
1909.320402078782,0.323253663251286,6446.35846862239,0.06637502517544502,72.28349492068871
1258.779981600017,0.40563720008519266,5310.124376763915,0.06678144962370579,56.38953485993433
1662.5222843539818,0.3477405223745196,9290.390361124719,0.08178044982725849,144.92541298167893
1311.7110760894109,0.19285356512006246,6568.488190349513,0.05815490030758101,76.10697597337042
1520.0680211778108,0.10037721701099614,5978.567074641326,0.08832766851698656,113.85966846905917
1546.7102793432796,0.4028602321229757,7580.309111804885,0.07910154598893174,132.84380027437226
1184.854455525527,0.4940829303644375,9551.135996412237,0.09574723144237555,80.02767505471863
1969.5846277645587,0.4239652481224362,5217.732889216877,0.06824203268837617,113.54334136569287
1775.1328233611146,0.28408264726264615,8829.02044015444,0.09913574960335628,60.79002411492249
1939.498941564189,0.4615069045596426,7862.366139693544,0.07879138233570117,146.99314443756606
1894.827350427649,0.26393906924734,7127.245582759085,0.09867009780937669,55.815827505062586
1597.899978811085,0.30997363369738706,8720.4022205253,0.05135303270235577,93.81746738409763
1921.8742350231169,0.29085190695827334,9829.122122208162,0.08639881612061939,103.68192420600232
1088.4925020519195,0.27904954906621,6146.031055813455,0.09083107621463682,129.0481778663364
1195.9828624191452,0.4100763077175623,5718.236825360598,0.05265866433382438,62.11285170724212
1045.2272889105382,0.3107075629077968,9564.408726113485,0.0789484832008123,94.08079738551766
1325.3303307632643,0.22668684881008644,8344.76538728652,0.09009711467947243,79.97115695434523
1388.677289689482,0.20326326706339135,7189.93010780983,0.07805193626115364,81.201071569334
1271.3490317738958,0.11509892678697337,7866.297851321415,0.053190679520273336,127.87879160652508
1828.7375091519293,0.3332780647532184,8728.06952588122,0.08467236204491557,50.54609450318331
1356.7533266935893,0.1919845661604137,8865.159493528587,0.05302984573366543,124.90836413359662
1280.9345096873808,0.15925356880655325,9599.470904094822,0.09087344475082193,131.03984301231063
1542.6960831582485,0.36153198553107113,7134.213944478113,0.05215170916533472,140.1362243842069
1140.9242249747626,0.37248370312861956,6467.054550096975,0.056869869050518544,112.68818032304836
1802.1969807540397,0.40086195690306636,8198.32133394921,0.06375537952616343,83.34553282722412
1074.550643679771,0.3014307585354366,7078.639496397652,0.08166823961304001,92.72347325488707
1986.8869366005174,0.45762184208155465,7972.992269744889,0.0988179549815653,146.97360822874293
1772.2447692966575,0.47453710135929117,7099.928992279751,0.055891142630996725,138.1186826435852
3997.9222166380314,0.8329724607373362,2424.1379006044344,0.2611133242314046,281.98382338615363
1005.5221171236024,0.35423739280327493,7347.133758294793,0.06844351983504902,144.30630071109223
1815.4614284548343,0.22148838143647548,8454.589109705164,0.09181095688776601,132.2954875406459
1706.8573438476171,0.4931779686480885,8996.419038338248,0.07336154763754071,140.10898616597947
1729.0071680409874,0.20965446687677536,7466.631383982734,0.06608053001279109,118.2977234575921
1771.2703466859457,0.18106276879617245,5826.189451052005,0.07806019161044307,135.7654043461995
1074.0446517340904,0.2768616455146331,7073.438548247158,0.0630261598722875,139.17661413343257
1358.4657285442727,0.1227362282849554,8931.469644208491,0.07005799536237606,59.20165845406714
1115.8690595251296,0.4913977858687163,7064.296353085364,0.0666302574616021,146.52169766606585
1863.1034258755935,0.33537342256656993,8482.653968021112,0.0902070511207323,83.36130987640632
1623.298126827558,0.32278083666567015,7536.068408390449,0.09621278632190004,93.98995095833554
1330.898024852649,0.36231851195988796,6206.115625546983,0.08797860960784559,129.19037591928154
1063.5583502860236,0.29880945911088264,8980.752540115373,0.07195417880149918,116.48963055724977
1310.9823217156622,0.11282540683781664,5421.067270353436,0.07521674887483319,139.30599124360572
1325.183322026747,0.3449245155361587,7624.451413775752,0.05625368469647179,90.05737507767722
1729.6061783380642,0.3864695507825723,6044.455171217025,0.08734323555672689,87.32881636761586
1637.5574713552132,0.26669962424962124,5335.328142706879,0.0798237839697522,53.16888495413197
1887.2127425763265,0.40291822882847717,7514.669685416244,0.09512199980687183,96.2725376669658
1472.2149251619494,0.19080051973536827,7497.810779674618,0.06003055717875766,122.40707703291088
1119.5942459383018,0.18851063642647362,8534.504508378604,0.0879863060966306,80.1178717626216
1713.244787222995,0.16456679507502958,8723.753465259524,0.08423358308595949,96.27265136738414
1760.7850486168975,0.24879790391566475,8638.957443464484,0.06329227669048762,71.9397768485278
1561.2771975694964,0.43880481415563344,7047.793664583775,0.08336893197704126,127.27878058714607
1770.9671799545608,0.4311648248596257,8158.448936132812,0.09621866902883248,56.05115613411471
1493.7955963643908,0.2531296831854015,7884.726213219801,0.09592179938335595,120.53830550004983
1522.7328293819942,0.3356474943920946,7107.808780584598,0.08598132872580708,87.89400117449836
1427.5410183585495,0.38832652658996625,7986.063470929967,0.05240365562670301,54.15960693871208
1025.4191267440951,0.1964827098512092,9736.239383531312,0.09361321686600808,135.3469587291786
1107.8914269933045,0.16725643435789883,5964.468718406887,0.082888930350227,98.77218631811652
1031.4291856867342,0.4888383972849244,9528.860478927632,0.06552171265913673,109.9318969616129
1636.4104112637804,0.34702292528384737,5267.277569915992,0.05936251808528497,123.20306915244569
1314.3559810763268,0.49256628873346553,6541.946064508304,0.05581019314986586,115.50744330011888
3357.8305771678592,1.4214113619623239,2769.984116415557,0.39132180549034595,231.6779592033595
1907.566473926093,0.3812126799896526,8131.825539404528,0.08770516239753783,126.22816845778577
1249.2922291488749,0.1890414546164951,5656.124758886452,0.06179214994716377,108.9151530564611
1410.3829230356298,0.20448006850956518,9411.738059198768,0.05121264680216275,86.56378309077567
1755.5511385430486,0.30476084850784957,9142.757042325207,0.06986353259209947,74.31421497163427
1228.7981654916225,0.2278472502032285,8260.32909842639,0.07413035402961696,140.29032366527872
1076.979909828793,0.16704862553623379,7292.069158960989,0.058461511545006346,146.99248446382202
1289.751452913768,0.20515228079573042,9664.780210710393,0.05220241680812749,85.76627550982089
1161.2212872540044,0.11429935778634587,9153.73277360278,0.05945627415490345,61.23107290723002
1929.697652342573,0.3817694485909947,7496.575740406224,0.08395513809182872,72.25373271164312
1808.120379564417,0.2968466628343447,8509.366772271556,0.05411218386256032,117.06673459871895
1633.4037565104236,0.13769722656181027,7834.649760898423,0.07775185152784969,67.29333699583307
3568.599927586022,1.4871771859644745,2877.608090808156,0.2167468919536754,273.15864701938176
1803.6720768991145,0.14101381524505763,6654.880347187356,0.05978445867902097,142.30302398747136
1186.570058886036,0.34503712331035064,7310.423023124484,0.06965389416333494,146.36515150788472
1892.5589984899777,0.13768414544499752,5390.607153948721,0.05504126680268657,50.93255059748907
1539.3422419156507,0.4017129332140864,6786.743458322962,0.05866017513911065,145.81541649544167
1807.4401551640626,0.10820436772815648,8479.14257681076,0.06744762057256772,124.01944191296177
1896.0912999234934,0.19975031519835684,9766.080152530933,0.06648345027491835,58.40502322638022
1318.0034749718639,0.45626667035676294,9815.320563815101,0.0874635742837866,91.52404687787265
1110.0519245276769,0.3874125272488984,7778.614345624458,0.05373911525632122,120.0045474579509
1227.9351625419417,0.1291873331702751,8033.11125904791,0.09302253678331718,145.66854926610495
1427.1077886262563,0.4284504417940719,5928.605927504837,0.09081160853697275,66.41413936113926
1818.014765922493,0.2972140486160819,8476.540540467653,0.08829958198459692,62.7733281926954
1860.7305832563434,0.4387132108675317,5353.293963371932,0.06546861812315663,97.23470532618785
1006.9521305311907,0.34029590978015734,6423.428428997223,0.09114408927703938,146.80988937384893
1510.7473025775657,0.37273321281314353,8341.816736427212,0.05914010401446404,147.13792152580106
1417.411003148779,0.49740062415828323,6551.5506577174465,0.05622046029275141,72.79147410529093
1222.1078104707303,0.19293421836960728,5249.2343705722715,0.05224781667447437,81.93471479714574
1119.8653673336828,0.34957822990455534,9159.352046754819,0.0969655181502788,140.80319856446545
1337.615171403628,0.2841285560229594,6551.650035672816,0.06540054488526369,123.48414908520641
1942.909703912519,0.11578078116907659,5315.526124293392,0.0958808940088953,147.23164286576184
1323.2029320207553,0.10578825660114602,5373.940822514326,0.06363067807596649,139.31483630155543
1518.790621743366,0.14769143112714347,6258.793993943768,0.09537829796681749,71.50960503137433
1703.018958895178,0.35963669621541927,5890.079736107631,0.09519645264230442,125.97268594126834
1363.629602379294,0.3268652351653569,8871.500588900755,0.09618380225053565,54.85652315601166
1971.7820827209607,0.32137182446549095,6608.420233335172,0.07480767196420969,131.78327787414742
1962.4472949421113,0.11274270501130404,9023.478925199162,0.0932973143399446,110.1556762444608
1251.7822958253641,0.2877211985440028,5869.229989115764,0.09753829480836601,145.61009626364617
1497.2485058923853,0.46984912713701144,7464.395897720418,0.06623084709485898,146.00324554690786
1300.8783098167696,0.25903674772425866,8440.185667765643,0.07094372028412776,55.081510902435525
1284.8404943774676,0.34996898791538256,8259.954269329275,0.0859620093667872,66.05214855557679
1036.8869473545328,0.41192747024925747,8005.647049651344,0.06501799108616504,98.42070473186917
4529.148021377485,0.9236608825703726,2926.1311715185566,0.3508403057215802,383.61671909036716
1502.6790232288615,0.30771203295810856,6142.625738533722,0.0536946072606767,131.44451422960563
1051.4787512499893,0.4431807781609346,7468.596022310527,0.07617491921442712,146.43700263517786
4994.369605863947,0.9154452156979265,2585.172426465675,0.35252388415357605,338.05384598510966
1908.2658859666537,0.45547728591391934,5389.468827975785,0.06466617382183383,75.65635195616206
1239.5618906669724,0.19609086655821814,5279.441341265377,0.0629312696243236,52.51066395051773
1144.894872091223,0.21208656279622842,6166.511437791457,0.09194660367813332,72.2926490720549
1489.452760277563,0.12124824967960045,8165.106097690093,0.059675862770309875,117.52731979536246
1985.6504541106005,0.4182327346169131,6299.3981322490345,0.09042239600795596,142.6274823343013
1242.0552715115005,0.26682209449308225,5951.199419043995,0.0896980172953961,82.09036673082647
4330.557345337029,1.2236541766403237,2595.776995001736,0.39471612227708947,228.08978564420872
1761.6196153287176,0.1927161110466319,8067.990343847057,0.061692162779806485,89.48982483411565
1237.6375439923997,0.46055997649169333,6242.788535083702,0.061344816997811136,80.82712493685503
4092.602300827318,1.2387366570495648,2525.003864314003,0.30962290864257996,309.35990453915196
1367.7831327192532,0.32141235414287334,8067.7965240575695,0.050440450369675816,94.22734924096153
1632.3058305935795,0.34644432016628846,9728.692109947264,0.07656753773056832,141.3799868517018
1633.5297107608947,0.2897302282201164,8373.70863719044,0.09763897628835277,96.82569474081265
1535.7746840747586,0.25666661715152356,8914.5207179228,0.05773534409312983,77.73353872230754
1090.2897700544083,0.46619075248733266,6834.0504737773435,0.07866728107378018,134.25655775019038
1835.3024955892379,0.15024508140812085,6361.27179692233,0.09808893443222284,149.87495116595667
1320.7800649717358,0.2673787158864912,7271.338716013113,0.09302610697458001,114.81714191813239
1186.5185103998542,0.23782476319515014,9035.664143558368,0.09251900581906702,75.04613689363586
1040.7751415547639,0.29926028810045935,7281.498208952778,0.09109249651980945,73.88150770131793
1590.8929431882418,0.28305274981807005,9233.627043949306,0.06545118030280929,55.77066962152598
1677.5643618422823,0.3075558126604326,9943.859903475635,0.09453084156334061,57.72930385140849
1016.5878289278562,0.15596759089079765,5360.133328651682,0.09706701756165856,141.49830951827624
1512.093058299281,0.30525660060531085,5227.050780418518,0.07478962116495197,59.64871070495505
1226.495775197938,0.19696752555488437,5747.9485145668095,0.06772855236297294,98.43438482767789
1645.1727904094498,0.17373253959527651,6921.848378671732,0.07071145078029281,119.81217796931783
1174.3664290049915,0.1259336875144765,5655.211045727162,0.06671032209156329,135.0354782773603
1690.937738102466,0.40506102350245643,9353.32238809378,0.06062092210122701,67.12709502537272
1386.7353463005375,0.27097676834262396,5115.731255135319,0.08092242351264448,93.77786791253568
1936.7299887367344,0.3506574733247033,6578.963581679112,0.07812984431226615,75.14801950137775
1137.5209441459933,0.3910373373218974,5923.473147471027,0.07312925355196379,75.58230899666016
1341.0663510502586,0.3717266661254214,9657.69665078766,0.05479226933424159,80.38393074866758
1113.473521240589,0.2882002876358729,8347.40502445014,0.0898446482353,108.71162144184673
1924.6936182785628,0.25515941158069194,9560.151282256873,0.05874667813753946,51.65774716855882
1877.339353380981,0.2503839638562655,9861.643551551966,0.05572810216980241,90.87662863155279
1257.9416277151556,0.35601951877202254,7485.4912183868455,0.08115356977414738,68.68301352327926
1659.984046034179,0.29791774197674936,6171.595540240131,0.06993221806188617,146.71185085126348
1817.2222002012159,0.4396528991954043,5968.643930982947,0.05299042376761648,108.27291592503103
1555.2008115994622,0.4498807937306849,6114.594308429203,0.06777841774805292,136.80954688303228
1529.6505783560065,0.1682241512026074,8542.966538110015,0.08858901761424814,69.5689986769612
4075.242215264444,1.029858523577985,2596.471819791414,0.21002653334366914,237.70336089740616
1093.1027678058992,0.35216037041439985,5256.805365163575,0.06813930114934985,91.47824613052333
1897.2157579533268,0.22049029922491178,8040.714711915751,0.059590239581729404,67.76946888494024
1900.4180571633306,0.10742828750603955,8210.285733687033,0.08158978104023867,126.12452023882328
1633.101457273268,0.455457067745182,8326.3146216123,0.09437776504731776,126.2011097615281
1339.0297910487006,0.19076030689752332,6859.402522942956,0.08231363590079568,149.5887906864061
4125.1410433811525,1.3170906167943037,2720.189736927828,0.35486222064751605,200.80519672134741
1725.9556788702394,0.3869737803513015,7668.122938633088,0.07607639192771856,64.52672479271278
1897.110259952577,0.4050613959645938,5527.328150047098,0.08589855533705144,82.25447417857282
1887.0864242651173,0.18058459831726417,8985.496535336726,0.09481133868891763,95.1726917291146
1779.8755458576238,0.19367777024672517,9765.338931352291,0.08865894891293276,62.665280570979505
1642.0316461542877,0.30850710152962635,5300.181565011793,0.09549269766990728,128.8038974447814
1084.1399649950488,0.16883994105994488,6956.7566935029,0.071556980105803,102.66985379125865
1161.6287140946138,0.22217267707321292,7437.580224173738,0.09521101275635284,144.44495690957535
1898.554188527079,0.2285849911791218,5732.353800391585,0.08107836172408539,108.93081445258203
1606.42905965959,0.16385197330110562,9338.544738914385,0.0935024383040847,102.2899083738254
1009.1970516166297,0.1820731333580643,6420.74822445022,0.051968826521891776,57.142515293286436
1101.471542866032,0.4154207368033026,8915.0426996908,0.0828926190956768,64.93459049445778
1663.5017691080557,0.16687834181890737,8354.97241014158,0.09239875394389493,134.9526076764151
1005.0615838462187,0.111382956737569,7990.229112335117,0.05871010168215999,149.06759778258083
1160.8080514174987,0.3517419770515754,5960.714243482772,0.08308934667324616,91.51791358982695
1548.7337893665863,0.49039324775698,6103.5176027545285,0.09124773571083158,131.00860837249292
1691.8951976926933,0.23248552584924856,5236.742023732847,0.06439746848163186,112.75857663306518
1651.9612595026006,0.14746228127850092,6203.562148911332,0.0702623163953196,145.90592736717136
1224.2693094605597,0.32815493014701236,6727.218047302571,0.07847588592496098,73.81372354440933
1712.179221347536,0.4625416844382585,9165.726519312127,0.07595838444422812,104.4835743007943
1237.2490874968,0.4136247119313915,6831.963333574026,0.051959469651856785,90.87958183425957
1325.3996981592677,0.3490063473650864,8773.108913828033,0.054933604904270676,104.17159759430152
1746.491405118024,0.22602259864303975,7197.211406477438,0.05502332896521807,76.88580834188552
1649.6328990472148,0.316752069310488,8924.341559969442,0.06311339527495875,99.7746162715744
1849.223410494178,0.13649793652170217,9881.3580021852,0.062293205640122466,112.48041467247651
1657.6128923003434,0.371578169712268,6199.207790287901,0.08711111918933997,58.12158839994921
1568.3086033354716,0.3900384075590604,9311.70805981938,0.07863721930080723,124.29872548076231
1093.6747678280924,0.4860126491639676,8109.120431528873,0.08819880423226206,120.65229631604173
1367.7158030594335,0.20415894349802866,9086.471307943273,0.053494802870543506,138.0457601451485
1265.2023676817255,0.10738256761720906,8257.929511339025,0.07426071187358003,92.58565518099255
1243.9896433790836,0.31824338577086025,7119.747536370751,0.06618877896326347,56.16691326147178
1973.0105547524456,0.3827162017587258,6140.374697208952,0.09249696553778733,96.14611290216868
1393.0977246667603,0.41616299035319526,5350.176126655825,0.08538945784549518,63.76091720619614
1892.0465551771133,0.17749557320992426,7677.591822303585,0.09346292354133982,114.74468135218177
1631.1386259972628,0.20470114761480948,9951.630472634328,0.052321356120303,54.71315241313059
1794.8113035416484,0.30503637010691853,8690.209025071032,0.08604117447833003,87.39964062276951
1502.637093105192,0.23224032398800076,6636.727706995083,0.0770004176079789,58.28428984874954
1576.903884626359,0.4442045946349781,9136.024000433677,0.0912500014507783,50.33664340716033
1492.5176938188638,0.28950406149548813,8844.920000882033,0.07535802954629106,146.0557223901592
1195.2429877980444,0.4198314576408012,6408.178966767284,0.07701045389509545,149.61273480262804
1722.4521152615052,0.3322479041929415,5071.537448971173,0.05258836904710326,105.55029515318131
1280.7723624408559,0.4092360566468448,5590.813192669748,0.08342614325179834,73.89558499454839
1024.315966431454,0.23306919461212955,9386.530951560288,0.06365699378025251,141.10990368086573
1645.4722959071678,0.4325666487721245,9182.815176524358,0.050984696108941026,142.30365970761068
1177.110679407049,0.20982892622040863,6476.045004391812,0.053321858125301505,135.45088911707057
3207.8910806601853,1.1689803209075145,2624.5978009661894,0.3367636739974933,337.09843520438415
1953.9285770025874,0.1856028452695497,8964.324935512355,0.06730386447899235,57.470216089602744
1914.8643902204485,0.2902106086504773,9688.68734947711,0.09340378143105796,58.84389275367978
1370.1587002554443,0.22727008380348127,8895.686283988,0.0979838617034628,139.66197877126552
1015.4566165288675,0.2066813722548857,8027.893385153808,0.09716335944186615,137.58268474572293
1928.3185625877254,0.486794007211215,6213.356751659023,0.09408626203497102,93.43972491812177
1428.1841483173143,0.16402964219469224,7628.739570476304,0.09474219562306505,82.81546194764253
1966.6548190436697,0.41493033498295817,6167.5592929663235,0.06445040221704758,114.41239201441022
1963.6199770892529,0.49366598379328597,9040.057100483868,0.057573494513017916,130.69879482555248
1853.00945546736,0.10796059349603114,6934.805397588687,0.08196312810439618,123.1684942051821
1294.4488920695858,0.37961096561683805,9168.48608497013,0.0744052795934412,111.56029380507063
1385.0977286019252,0.20116472222251486,6908.046089913627,0.05493733593475855,73.15110444448314
1851.136671516857,0.11619512973132179,9120.747025999457,0.08387706580112055,76.25048692207152
1316.9220051562777,0.2611558315826523,6666.589075826209,0.07814300037423867,122.40674813977017
1169.4927466860925,0.4740871240683501,7200.663523088349,0.09315337004052196,130.26198524510312
1556.8012624583503,0.10470603774679908,8077.442096713288,0.08045918978441993,61.61351880995899
1936.154774160781,0.3351542767719127,5351.438070149594,0.07869730898608769,68.7297047711306
1696.029796674973,0.30055859143812974,9741.035309077322,0.0720375861666314,118.04702621773714
1570.061170089365,0.44935366574841906,7868.028930619016,0.07313935349444352,88.8986587471401
1097.1764937707685,0.13360068580825027,7539.100073454012,0.0977190613489558,106.32928672710307
1615.0072266991697,0.37261041195466016,9196.96985559956,0.05692230047001197,111.48149526556361
1990.0538501042633,0.37204387937331096,9328.813649484138,0.07231094092910936,127.62034672673319
1140.084015236524,0.36763200674491336,7611.30202264508,0.08279136169634214,130.57169507169075
1518.3296523637368,0.4769337979740148,9636.311628968186,0.07165053227951998,78.00962452614564
1877.3730719279556,0.42923501160275224,5323.6888303824035,0.0641607813520379,104.12967289221713
1740.7686177542046,0.11678909049740241,5566.128961256088,0.06436786853814275,62.35239386218802
1697.015740995268,0.2884331402818053,7983.941150072201,0.06168280231288579,134.20151686975487
1702.4840839871092,0.25918122248053344,6770.329308967918,0.06719516002915449,134.54479383331955
1359.4911512197552,0.22405888843632082,7321.125830945994,0.09358373877917836,79.95057189994564
1293.5918442644934,0.2805346900616389,6640.396089485833,0.07526122751614976,66.06202074220425
1809.3611554785136,0.253677673970391,7023.626557224678,0.062011936403890924,57.00917782002666
1810.1133946791806,0.2729335599514662,9113.231735731497,0.06922633585132662,107.4976441911586
1867.0723185801037,0.49170474624345706,7967.380999271523,0.055291520603928404,59.14281003998798
1913.2405525564714,0.13545318989983232,9986.72274641749,0.0952017869869369,118.05948446206
1511.342398860938,0.46889234793549195,8934.395989104814,0.0704098916045716,117.81264010341464
1501.5162946871997,0.29209468538841066,6368.331270509133,0.09901956022965379,111.39874071316245
1798.2951789667752,0.34949689819981644,6321.725588633481,0.06737693866312597,137.65605018630944
1649.9639307777652,0.4320731866470776,6679.491350585035,0.09181780236135606,87.82806927291318
1701.9668772577033,0.24418521165970222,9216.297403238714,0.06281926566457266,140.22695826245774
1795.792669436101,0.2721687632351868,5136.438253252828,0.05380764466888011,53.692536884613084
1890.0053418175662,0.26380739211148563,6150.906394356289,0.051586668083690036,61.27569879214075
1337.9951568515357,0.24989240901430396,9524.592101721335,0.08030842133223919,91.22055625184433
1375.582952639944,0.47021172865875804,8199.48218041626,0.06557868358367948,109.39930186885735
1093.981939840869,0.4315719564772048,6134.235477505282,0.07217599402379142,53.23756366393656
1578.280140996174,0.14359999594519046,6095.724841162902,0.09093235178003978,106.7434471424264
1035.942273796742,0.14324934099083841,9313.090508797151,0.06240540428474011,80.73983164830314
1465.59801813246,0.2711478059411965,9468.787541385233,0.06543262383674567,138.71468078118292
1542.6446347075766,0.13946295069312364,6280.655454810576,0.09226680925293337,103.32845916687309
1286.5412521282844,0.3476372381084479,7102.551790382661,0.07463811366717521,108.78939082174337
1590.8332605690107,0.15747664290469357,9172.978693141586,0.09138325835262438,144.56218111148831
1030.5002499390494,0.3089493055867204,8855.037193049428,0.06872380017331582,126.41710266545935
1037.3481887492144,0.1028879788014871,9069.580532830423,0.06991849904135543,93.82732661467656
1822.6005606596582,0.2266385393650587,7591.990953939844,0.058356918088912815,97.68796149560194
1360.190641411263,0.37087628946906215,9557.745241525867,0.09581729267974833,114.79238685593988
1127.060512651885,0.2936155760911394,6629.757719772177,0.09483918470063048,70.01992166505131
1522.2432600548045,0.49130779439959527,5783.36067173759,0.09921085072823868,58.86508404941226
1769.9935530986108,0.44964151842648437,8543.661662824325,0.07012235635848559,81.12365159456184
1215.8210274968433,0.2436283116172605,7696.772080034481,0.09093074708793211,127.83827979362303
1622.8904758190001,0.11819461658890984,9272.928844047405,0.07074768658360593,75.73237987699511
1085.347464993768,0.4382505200460075,5405.796245623575,0.07271493944604865,63.07592003359197
1051.6817211686077,0.46449372412586853,9218.462017190333,0.09149996967974124,71.90225984622603
1531.3546315681479,0.42825095736761476,6466.473266044111,0.05886833854431999,117.89729120057063
1540.6351216101066,0.15117997636790595,8274.278335840914,0.06101554672308762,111.39480566935188
1637.4299014982066,0.4991660537649151,5200.643945391279,0.06573641201979076,118.83149972964362
1726.0913337226616,0.20343368862110955,8047.906481518004,0.08940895162500288,82.1958122680382
1975.8520794625347,0.3896819651233481,8586.35844593668,0.06863257746840415,140.08561269332716
1516.3003483011953,0.4632139505342886,6843.751072528102,0.06790841041403808,95.17703573281455
1322.956472941246,0.1942748457322838,6077.053526310701,0.09994081726276209,101.37130319269437
1795.1861947687037,0.4633034218708264,7688.153383017725,0.06919030715497398,144.8807976002127
1270.8322512620744,0.2237926316779468,9165.954022178234,0.062388526815779353,147.92772679449757
1438.971420705636,0.4905652889536225,6617.736791483254,0.08116068391004717,116.15427259165517
1078.456381342266,0.21250400815218984,6262.346487606398,0.09009399759775005,144.48131925757912
1025.3507434154576,0.4813743299031341,6394.676543188439,0.053480391686157966,104.15073863404433
3633.944745065038,1.1887590532944103,2068.653574430831,0.23836680079176265,358.82078920704
1835.9801205122058,0.38370880466792523,6796.384578822798,0.05178677279401124,81.50928559665414
4273.9299228541,1.4303781794250878,2216.909411778553,0.2191119887501175,239.13051380439757
1408.95294441427,0.29115083084909227,8908.406039798097,0.06284957818789047,110.50361206551983
1173.2943200708457,0.189397725702336,8496.37397667695,0.0653320848836593,93.96170699197489
1156.4370426710861,0.38223831591059676,5642.841323014844,0.07335479819911914,138.3771483511844
1250.2428981645953,0.17632379657852285,9924.521245674561,0.09635537303727935,92.66961187135504
1549.2266647061206,0.32113671839390734,8040.311426525555,0.08553336532939382,77.34236469976679
1714.5959227000624,0.20129814521610034,7503.8974547030075,0.09684227981422483,50.79818783435398
1660.1973767177312,0.48224855191254246,6911.096338114456,0.08299855022793388,147.0569278157637
1279.9338969459427,0.11145247753426113,9493.36377781819,0.05035538735439299,132.43132831429443
1954.865280663194,0.17989131204449463,6219.817407092816,0.06327925986738389,111.5559584685329
1737.8969166957686,0.1969242425549791,6428.844501099509,0.0952886288860187,133.05422539034612
1554.3540525114008,0.2656271303071266,5612.054033432834,0.08217227604838724,131.0289230250944
1611.7207462343522,0.1930920967480214,8795.5954779213,0.09908236182851375,143.1850780225825
1419.60006242779,0.2965396361075141,7977.746402029266,0.057798200960914786,88.60676833603749
1247.7309895011574,0.4489862093034156,8045.330846272492,0.06483739165532598,105.48522420859408
1355.9726786512615,0.38482536856366834,6092.352155097318,0.06811838297585182,59.86280237202459
1757.846110464369,0.3319847922140444,8255.84194563542,0.06632789090836554,146.53154257189732
1014.3934886297559,0.13560127119307186,8827.29223623432,0.06259957650749404,148.51270692825
1116.0726405069163,0.3775968433557103,6789.442653628446,0.0721732857878389,128.90842479312016
1046.0026420217528,0.16656571372437595,9006.735719808561,0.08211490616846856,95.41209831483368
1040.72880231897,0.41454695438467926,6743.952942660105,0.0655628461443348,99.65667509143577
1855.460584011007,0.20002270340406128,8790.692307546438,0.053984996165712784,93.5366932987857
1703.6578593800236,0.26681949132836036,5168.650537288595,0.08542662634465817,79.33106365222304
1474.1738290873252,0.24018808092717117,7755.8230073682635,0.07295082778906344,102.77914055487665
1097.8341606510014,0.44352556586994274,9847.632803199434,0.07782411530450317,55.34450695005668
1491.6158751168323,0.15061778348536325,9906.223003411953,0.07277003285819576,149.18870619371683
1473.4717707805657,0.32625795295391546,6408.762891708703,0.09451787517274551,92.40501351641407
1173.2018699100151,0.1568246437772249,7206.995455401777,0.07793724985831901,142.73665840371063
1433.851649237973,0.3819183344528747,5314.889539933165,0.09616384199258748,122.42714606600036
1398.5047343973733,0.46203125111779253,9366.706538022998,0.07552876707780001,78.99429168639341
1615.8500980522165,0.2738430615469014,7842.860765701071,0.06462940811201409,72.20526181746024
1635.0936508676436,0.29523690410599035,6925.503394702585,0.06777212935880983,149.56754337623562
1045.3040097720445,0.47096913459310497,5563.852792445765,0.07610646467923929,127.21263550540357
1374.6126146264712,0.30839655545974287,9733.836427484446,0.07649947189025044,74.96614741493408
1625.8599157142364,0.2950393752198244,7651.095239104969,0.08436688507744744,56.74450481772606
1503.1362585800878,0.33133164108172164,6414.63964541452,0.06122474360933154,119.69165453013787
1856.4898411883223,0.3756918945451808,6751.075650657547,0.0829421449982751,80.30164568110763
1658.693631618945,0.14275335003481257,6353.4859046107385,0.08892940041903762,72.13308126277174
1162.9344270814297,0.42844421109660646,8009.049044284903,0.0838295994733495,123.4937415149336
1070.5687474004299,0.2742020109813037,9649.81787890255,0.07409140549087954,117.92613226543476
1642.4192782063155,0.12893940395899423,9283.469016632822,0.09958403255584171,98.14126747601911
1026.511310541622,0.41447306767928527,7301.9043771298875,0.07024065795646081,144.2655932770373
1585.7755812734633,0.25077998867450885,9132.49681150504,0.055329530728991466,117.96383660574911
1940.2302414249575,0.14014699803802158,7115.527406381649,0.09107521077036715,139.3419560619909
1575.474177875879,0.3535116158173003,6261.53570379319,0.06061006094402091,69.05529423497191
1388.169926206522,0.45205254137345674,9917.07557633214,0.0856642786451221,79.66459100808888
1643.2882184423531,0.4551014037655946,6519.437839854109,0.0589488141357563,60.45201336937282
1458.2528904915166,0.4830653899235893,6618.621154934542,0.05084386954289697,80.45799978720353
1545.616789315935,0.4470821839066752,9948.464338932612,0.05798993018945128,147.17783292063802
1941.4648087765252,0.1008563677381901,5669.637465828275,0.0688494348287911,146.28562460923007
1386.1026378007741,0.2520964665653561,8802.669940048476,0.05533091235648992,126.0386354550991
1961.190563823914,0.42741703196220127,9679.063792413632,0.05988395421178411,102.10482627829572
1905.3506419560638,0.2465012023993897,7558.9749713770925,0.08823131388421965,128.0779798792245
1195.7911347892964,0.3406194025518825,5012.6088085141,0.08849418039885654,105.348695121372
1069.3613008751654,0.3425267789498128,6875.294720565531,0.09087441135954884,50.35085046714434
1100.7780013774266,0.24601012161552924,5557.8449619241355,0.09205776182737962,100.15470739436155
1018.2218256515497,0.46178957091251505,7080.938304668479,0.07102179473068777,109.89234460110525
1094.4429607559284,0.3012913381544471,8950.133808211423,0.09337748303467643,76.57483575030042
1683.0067734163567,0.28591368237500037,7193.557744419002,0.07629684375070216,70.32935642416615
4433.8855806527845,0.9180380911280631,2392.0355271802396,0.2432083219759129,287.1620510006063
1318.9756302937612,0.2974001456290467,7783.947384594233,0.08592681644978879,112.36277495178658
1844.8753109694544,0.1713593007714324,7908.452923738401,0.06069092056799536,64.60641149355524
1023.2719357358259,0.3052277691453752,9281.481543994858,0.08947486884137361,122.03283013294994
1814.4684825889358,0.42560669420797204,6541.777196144758,0.07147329132831017,92.26748209616095
1281.8547747733999,0.4107441307593126,9108.35632184008,0.05636477070018803,85.33478592053255
1118.1648276216563,0.41543270604338844,7829.668743460236,0.055965595675848384,130.72312916803529
1696.7371653641508,0.3832095135991648,6502.647748585735,0.05824533719233501,100.60632494365265
1628.942846779884,0.2016871316266753,6475.630220030385,0.09452863671218913,87.84005611909282
1877.472013527053,0.4448336343360926,6805.687585528623,0.09954689111295238,137.81547155606046
1735.071043803886,0.45737738615050605,8113.466213099878,0.06784868996006418,86.82516321994757
1803.4809303848485,0.17766107864741965,6154.058656799745,0.06460719261026489,135.90002829433706
1282.0345725713064,0.15218225462055757,9601.667808361337,0.06093854862971687,100.41986984625584
4313.462605096122,0.8112569814029558,2925.509720661328,0.39239039924543473,348.41138450028416
1750.6147516408582,0.4473295854601472,9600.078884980034,0.06046037412094381,111.28181881110838
1806.834739267264,0.4572944588839787,5232.021792895774,0.09620450649651349,78.53235262699613
1990.5051420006735,0.45455055384975807,6713.056852307367,0.08336751894856415,64.71551321761952
1412.6176769114265,0.31667472961349136,5114.038303438116,0.09485638958345974,58.65293713977795
1372.018085792783,0.3585606946663199,6361.259075489849,0.07770049271970732,74.1697335797442
1776.4129607419968,0.3181451408534567,9310.032361342941,0.08453399310912485,123.65546420021913
1340.803540253018,0.12048253967613164,5183.048579211004,0.08097290503288539,133.79992223757426
1930.7573256035648,0.3982012341411091,7180.735499578725,0.09155977281618985,136.17208459819216
1858.4127518430118,0.30213281333435216,5587.835352366139,0.09179304055929406,77.01482737099437
1428.9940273750183,0.3590836299160919,7084.203296301839,0.07948964999225626,116.09729329453418
1750.8710677914974,0.30105592199021414,9194.257921321887,0.08162538246648862,73.03540599149295
1754.5428740846824,0.2967245289289824,8115.355167012596,0.0960937960248915,112.27621139682404
1103.1238688359326,0.16871564379110673,8683.781726657116,0.09649332419824848,138.72109930416968
1902.5529066795666,0.2114854860564596,6745.520577247905,0.08321248919475908,54.08936826020814
1505.2523724478572,0.16354107677758234,9721.988475050708,0.05038771390865818,148.5225667725406
1826.4574661077418,0.17826651825013698,8546.3104688975,0.05522056073769705,132.70878774584452
1320.0496010306117,0.48919095216812203,7108.994096422654,0.09289712658872082,126.16621162936984
1895.5232284962003,0.1612453783088794,7132.324001135275,0.05423570581854008,119.1362893711791
1389.2016787341631,0.20770816972208306,9593.420889716488,0.06067595904275332,127.02738889138784
1010.8376514802984,0.33623586309543396,7882.0234671769595,0.061527334011082596,149.4595356040546
1905.3819764192635,0.3440714304946567,8531.89604951521,0.08001173848899525,127.01912971125407
1091.2866767861335,0.16158965189753163,7085.176122565854,0.07883163989418822,85.1600784668327
1319.3136375904148,0.417486970314085,6118.46382382357,0.06447087617102001,111.39218529335032
1950.061967050805,0.41408114716513,8617.796459972093,0.06038056827842214,83.69230161598358
1950.607146937556,0.19492708168155645,8039.11886070694,0.0882266014928738,147.00654432566708
1573.437888123286,0.21546652107018419,7506.714402123896,0.09677280778029881,140.01397328257002
3592.745677230614,1.0621396868433344,2028.2416549615386,0.2529229864083707,374.937135001843
1448.44552197832,0.4302685783917912,6041.427930321168,0.056659023135243146,128.12737544934492
1293.2107716980645,0.3791188132250095,8969.693532659781,0.08210819943528538,140.9686942971764
1328.664545369916,0.1328932886042402,9740.814025101528,0.09022207258357129,74.36002636565593
1672.5184560770385,0.26730563236103033,9455.515720838514,0.08955943343881999,107.94818569288046
1752.37452943768,0.3237207488307308,6607.178726535086,0.08598415765413447,98.17163192525483
1791.5790437258486,0.17496451519351078,7030.028866410379,0.0943713977249046,127.15913548429414
1789.618142794554,0.2792906328432898,9042.011498987806,0.060867443978540645,87.90825213338286
1091.2061030486905,0.340410350995476,7975.585654123019,0.05536454732459736,120.89796397081916
3186.064108363211,1.1743906374337199,2773.699177207571,0.31540497134592804,296.6878438756561
1057.5587600166443,0.41237792758019487,9633.209837667226,0.09111379457617162,61.107486464450425
1549.5288823237356,0.4361798326555222,7680.124804885254,0.07910217892402867,60.71214316083172
1441.530501373377,0.2294437877736283,7574.693397936549,0.09814987437294531,61.90563245531874
1887.7041827582998,0.4354628617969829,5210.092956331799,0.08977822306958948,53.25198759321618
4196.569487823501,1.2261800901075073,2332.91334128064,0.355212049808624,214.44225611323827
1117.067016427606,0.4350916394490626,5037.101539403251,0.05301286454358668,117.19026819837349
1142.9916820528358,0.16110017266704665,9566.221128918169,0.055387111936584105,62.672840182568955
1761.5106317174723,0.13317086100389042,7041.9333000885035,0.08924188162955972,111.1858000221612
1618.2180633162611,0.35671016177640447,7342.806880667063,0.05991189627885147,109.77400782579119
1101.1226761227902,0.28877494630211775,9226.93473796231,0.05144175880394953,64.70940513968624
1084.1068061149974,0.4631562401651331,8046.231551878889,0.09553803428734825,90.40825999612633
1700.96913145912,0.24527567843633968,8047.5079819529055,0.09454026868506171,125.5135709770984
1072.7630063641936,0.21486090537505148,6482.672146774063,0.06092419136157459,51.67560255520115
1821.8600592903563,0.30029396245767936,9169.541869622597,0.08901031290364773,64.69478838983882
1706.2422271564963,0.28237847430746454,5829.1498801974685,0.05239898306058276,149.58283743247446
1081.3487806418998,0.23777121848687532,5265.747960864739,0.06425290019116316,123.35448971490595
1084.837714085192,0.3774965194793315,5958.016787592662,0.08118334541283125,96.41302792192558
1986.6395785011755,0.40382473356556337,6338.686093872823,0.08815894980791927,112.98014120916253
1374.2707957561204,0.4411935876120546,6411.555289271034,0.050519959439409484,134.62209705984745
1370.6421470668909,0.48914264188413714,8352.567993093839,0.0663104306636872,134.23045855536367
1812.7995672575025,0.2066624768530018,6089.122936643218,0.0607172780031837,82.47014354612071
1947.2485773838587,0.3864373929959847,8383.291522474923,0.09993902028743619,99.1291422545224
1986.001063822871,0.25770329419829807,5455.660866168999,0.08354911161926176,113.80550964986438
1753.3781852589416,0.37083278878044323,5736.012305489545,0.0702835726439872,57.18969165146041
1376.2595855309157,0.2903926761396881,7544.107242454975,0.05378263009903425,144.5796599390752
1083.5007166986688,0.49750924110717265,9609.479012883214,0.0799335128753482,93.2741825662373
1777.1469159274368,0.39156085431629994,9297.83794405557,0.08208507354680322,87.08623272579268
1558.404249735805,0.48099652017372985,9843.767212214016,0.09082029637515676,140.71003614498258
1424.2220092469763,0.43398781979247436,8252.395326390855,0.06442884264596818,61.828664875310466
1906.354385094736,0.46116040446534845,8379.07433208046,0.09907140402400483,53.926079738710854
1111.1974823061514,0.42576767888586997,8125.114994657461,0.07197328696569748,118.5002412300274
1492.625104290859,0.2836636521503646,8114.094614290987,0.06479718773297469,88.5002968105104
1011.353644767419,0.20071538133875377,5735.601725337923,0.0674224667000729,126.44758088301057
1468.6606419941263,0.24812807018020888,7718.694780819644,0.0759793026483562,56.854461152675555
1056.3032756818372,0.10809449305598018,6930.339667258629,0.09683507822535636,88.37571435353864
1118.817916268072,0.30959726698586687,7212.686078886467,0.08675793989597003,73.53252120461121
1117.526246777105,0.30202312010816346,7618.002865296186,0.07885548247318912,123.96065329465972
1649.2103021160635,0.3101001859321953,5641.980859011258,0.05814051939899309,72.71701104273714
1746.0448792654233,0.48961248998882556,6797.438669260599,0.057467665544543585,95.7945334774355
1583.3687650971597,0.4645816013819357,5317.247804383018,0.0751098456906782,131.88775511367118
1962.172548474542,0.16468511133204322,9898.340652111994,0.08643543523008246,141.53905354644695
1374.870579523704,0.24755300862235569,5592.640144100631,0.08755060863775552,122.26057936657777
4566.292150824405,1.499283185336799,2037.8324512370605,0.24122090696743997,253.81251036206785
1868.5991281894603,0.2442131671406591,9456.464633516985,0.05500497564236267,107.19858747427331
1223.5958385194526,0.41939838544156527,7413.55023119571,0.06922304946268948,118.9689947152494
3298.539583914157,0.9315154639910548,2680.4236984715026,0.37860326693293067,227.52826652977862
1012.1544746898163,0.32883992678865004,6921.1526901967445,0.07726836263346912,138.85739847602918
1969.878826707639,0.44120542359517023,5579.339970956929,0.06600498834158872,143.0969491488347
1043.159911950576,0.42237126136614345,6001.079985422509,0.06618188341695609,131.07110989073823
1891.143113698071,0.15288460912811988,5260.149234749225,0.05660435226110925,64.67979359416668
1527.7011090862998,0.38556583363345376,7191.1374727454995,0.07366118680530791,124.7639533386243
1992.9647961193004,0.2741744515608142,9033.180608626299,0.08956813392574192,131.45923735632175
1073.7965647353988,0.2178595612250002,7929.845893499478,0.09842793457636707,137.7871427676384
1553.854284401321,0.12000752836087454,8031.7265274230585,0.07507974999789878,142.4816894617826
1969.302535619099,0.2948998241381804,6002.920150416202,0.058360745792134426,100.91598135184475
1523.0978441701488,0.24217467228981257,6719.469216261832,0.08414751999014322,115.50926951243105
1629.3986381352624,0.20060521587056035,9226.21051920416,0.08783956713726478,50.955277661696904
1695.7486889846173,0.377868691838783,5439.280921632573,0.053584987471155116,107.2783567692434
1454.5410647677732,0.40779415492623483,9289.653268342669,0.09250695648156144,97.31983810739396
1627.5580800840635,0.19791580761176994,7418.450131323928,0.09146611949979287,146.23060446947994
1584.3143119231004,0.11977897467173891,9185.737156625586,0.07362705270195591,140.1709298602727
1901.158010490989,0.439501080226094,6590.032096972001,0.07802112593079343,129.76039294333856
1045.4463803414578,0.10398389648172134,6694.214757915104,0.08567040318554596,55.69941845202667
1280.9631895922303,0.4748449975685888,8758.024341615714,0.08383740625314297,90.20288422833332
1950.4114840765587,0.3510479495930824,8924.980866961101,0.05082679890966046,119.60422221945602
1890.2637838909163,0.22873865408052813,6148.223389950734,0.05612176519242429,52.96607435642811
1455.6567527857128,0.1985911638306945,9864.356624109529,0.05812952778906229,73.58137917528012
1620.1325978015366,0.1036022657057901,5422.450521224145,0.08778379445360494,138.75071901181286
1277.3811829811327,0.19418856680435087,5342.514815510654,0.07200417814461901,62.97807672994242
1188.1211597237614,0.15509132060685646,7977.521076430514,0.07727513131934126,55.13735043386442
4462.722134741487,1.3083634267297488,2094.7043892883075,0.3722658705778314,377.29753705584153
1353.352228026053,0.16661823543752052,9804.430646124869,0.06704911345320455,144.646461542778
1583.656111850872,0.31145193501464774,7024.728903994308,0.08744451136593866,133.46247399086386
1077.734636964985,0.33604656893778834,5126.457044948165,0.072114963731478,147.47725047209556
1974.3948076661663,0.21921667933876582,8014.481697232035,0.06885900938871034,125.35231536962493
1986.210744479603,0.11402597960748749,6448.480102993859,0.06665186320273701,93.73697740845716
1698.161714019745,0.11490155224567844,7164.735605977012,0.09824724077461915,144.6616439589874
1536.0963663441203,0.11053893287756705,7442.347411249676,0.08859867053544895,92.66332784533118
1309.5276162863279,0.39564986685461856,5322.563053690169,0.051009797038676474,85.00946163442444
4444.443200682858,1.3787468227581319,2514.454697559355,0.2586144473149578,369.0515380886932
1684.7311725538793,0.4185200743870655,7131.5983340215735,0.08877198148633367,131.39739543824646
1162.6169393448913,0.27269312953713964,8562.721326432966,0.05745873572271278,141.76935498488882
1910.9271844938426,0.2811992403319855,8228.329556061723,0.05381690627056586,85.76821099596755
1822.5372429231688,0.3051530410038295,5926.078590752805,0.06540970468297268,96.22474565322625
3152.3397095762,1.0892983289165814,2910.4484402649873,0.21078157182840646,289.5846524914796
1725.7195083883598,0.20940114633188284,6255.030893871866,0.08082733445747338,54.70436645286689
1613.4151959357898,0.14863493981341078,5894.752201485887,0.06379250625746102,128.38686941138513
1418.2430362906189,0.3224229340765846,8286.065998342336,0.0722837489328709,95.4217758234339
1932.7284833540134,0.2307910492970957,9972.150896001353,0.06059450778568678,87.65183510496712
1866.0638895004083,0.276996525467215,8260.541702579683,0.05252893425833688,94.6921291836839
3443.3807365098946,1.2358819453426952,2100.272693415532,0.37127333338752344,390.92615203981694
1026.366974497252,0.29765029645650826,7049.639666755362,0.06734955671260191,125.6618618187806
1376.4633668780496,0.3481115268403372,6562.901294298804,0.0771441216148965,142.79475222441556
1810.5533307818328,0.3176800008454511,9555.368784532395,0.09732536612352259,99.14558254465786
1987.2761293149445,0.39591854877443966,9845.009370710766,0.05716851558476606,133.27337857825114
1150.416891103528,0.38237464708464797,7483.880877938639,0.05009810091554777,123.19445357122386
1594.1307153521352,0.3136759567234477,6451.002477532787,0.053843910664106265,83.06807855564769
1380.8908566310215,0.37156120834388273,8850.611038348838,0.07313541480508146,108.73138145265477
1969.914397814603,0.4494238409090451,5662.283954334393,0.08534660149011618,116.68156750156945
1842.1189231357087,0.2729085151152675,8827.941188218407,0.07903818016585945,52.3499371890463
1838.328704711138,0.2651052290995175,9094.741871556693,0.07474473036868735,89.59555512242403
1468.6931597949701,0.40569824834095203,5624.519723135837,0.06769815655462062,149.26381758474568
1414.8195023376652,0.33302153481679764,9884.307343982819,0.06549870857657505,113.72564270700936
1273.4070719307063,0.12840271208903542,9927.561451942393,0.068814308755249,83.42440692917761
1056.375496650927,0.45684480627643254,9683.597396636756,0.08058174770045357,75.00240394007278
1864.7223762550532,0.11231324089505607,7480.174047031322,0.058387697793276815,70.94816021007563
1812.9010091300775,0.39935854248389724,6230.370711384142,0.0885681041527313,90.16414089652075
1999.7176732861305,0.40351765708172516,7910.046404409564,0.07876266200465552,69.32656906076096
1996.6368370739053,0.4812444341127722,7099.669192357178,0.06345781888057139,63.518618205352816
1555.4317056026275,0.12165376336092831,6029.743223585985,0.07505764814056419,86.4063284426959
1768.9874151805107,0.33874274431379636,7118.382048089237,0.09813893438425833,110.69996926457934
4112.188435864444,1.174453895691172,2726.6754916037553,0.3777468712229637,241.21771432236284
1849.6473906774113,0.23225318194381683,5354.566553929955,0.05997613204506146,54.43432738628601
1247.3481017431977,0.13612742411962922,6667.090007230083,0.0724190119951639,53.46328180636915
1450.5441353100935,0.32506164786852365,5088.974450064126,0.0819219860889914,76.73842524359682
1129.159415151495,0.2916162902698455,8747.477527308378,0.06061141331427426,69.01322905163016
1954.0510272587223,0.14182178326040973,8203.456338083504,0.09657019741880982,103.92553602901523
1606.1746344508801,0.34499580283883335,5313.360673509829,0.08212860062123212,95.57201870508995
3987.863769354511,1.2229656702653846,2608.8239726036463,0.37468668760258794,351.8379377664635
4261.604020974217,1.1724369958293333,2029.4530526176113,0.31921045804310855,258.8621883143345
3917.7342269998708,1.0226657250316347,2045.0134595612092,0.281246656475394,345.53374582402245
1358.1627180328405,0.26378829675551085,8881.837308995278,0.06891096084497232,59.152999208409916
1113.557592199629,0.48122910744885483,8939.481565223614,0.06263758862306025,79.57643540736953
1671.5731955927995,0.4461717620330744,5171.425677966019,0.09558276695818965,147.33392661965917
1520.3077009037934,0.21860062840957561,9532.075663202197,0.05461092378394273,147.69773207580144
3809.4799128609866,1.2743932556433695,2302.502607261372,0.2947300341437472,233.39941857841038
1520.1635011119934,0.2741557584512054,7806.951865771864,0.07292576029338028,66.72361287949138
1852.1815003185402,0.2607594831823866,7410.415994435731,0.09963127367429309,99.56881462172444
4495.623495156881,0.9924803697808154,2462.014622114901,0.2504598545208661,300.46575630708344
1560.9379715353862,0.3333544929310992,7809.770712549343,0.08787440860411516,91.0137687269017
1876.6536026583449,0.3999947937519901,7046.895408851154,0.050353550816900204,102.9357227493953
1403.482866212397,0.30395597928224405,8864.03203704328,0.07483334099800826,73.21953785182008
1134.0152284506407,0.14192905637630623,7019.417834430439,0.08687267358090577,61.49293415436872
3962.784814409089,1.374022078879555,2760.6069725158154,0.29549683560028983,392.43518481832075
1755.1372556736192,0.22390583327407484,5507.040731187654,0.057902429130079903,143.2597996782375
1620.3095513534647,0.48851898412263683,5664.761353829835,0.07094854751913894,63.77492766202979
1704.0797680992237,0.14714404347190807,5698.550953245792,0.07095359790596695,120.48147242314624
1212.9641615089108,0.48330046889300127,5227.627498998718,0.0551820404249528,93.7896687380385
1136.3714755867697,0.1364047227530068,7706.644296349019,0.07215227538457333,79.39765897288041
1014.5446656678819,0.1924144551788238,8969.838630218179,0.09035464793480028,135.31092183924258
1350.587558806597,0.11863197683461664,8052.056018468331,0.06500903688094936,95.6491694537182
1589.917686854633,0.382045258655598,7874.774427764281,0.07162872609469416,108.33120140679901
3445.5032997638846,1.2580101270387958,2624.033308932908,0.20430976765420827,339.26648677968524
1437.474922023729,0.27362843272639215,6698.226615360074,0.051585403794578114,58.12495816695529
1904.1586944937485,0.47140883001697187,6809.770358241145,0.07957608839476779,109.49046869001859
1348.2554670233003,0.3361196287022399,6571.350491104613,0.08717180458888146,91.88409750381211
1513.9894891598108,0.3520028541786093,8560.544664267878,0.08804412170155893,58.67566060676297
1783.6530127411431,0.438167680680308,5808.201678353871,0.08579690124420222,109.5811734418975
1396.5427823212701,0.21872008202073556,5065.126401564622,0.08632257217342182,50.987093203922754
1622.0867002278735,0.24170628853105033,7980.982233612462,0.052950633283652494,70.85203882545923
1862.363708746745,0.46238076767785774,9711.906823671026,0.07670683095681664,128.10695369052124
1949.520623657642,0.4603853984155055,8047.039584981523,0.0891484535828628,53.79274248587345
1147.073480929038,0.49059311048034837,8914.608264704475,0.05470325245186648,114.66820980551388
1926.5876251614945,0.4607353265766685,8363.953547330151,0.05060249611934339,144.9706946207324
3885.41229390256,1.1566225966694432,2613.3891437984953,0.31236871239125785,293.8604975889672
1258.2443882989583,0.429489714454795,8591.96200891923,0.08561471937832446,91.71118602095746
1459.1357562382614,0.26393539124383764,9120.520619276109,0.07061032084572214,107.54976973709982
1980.032575285477,0.4963205423783752,6123.65822085849,0.0970198216287086,95.04158387338443
1492.6180939928695,0.28891238573152045,6680.652402415728,0.08832990473257357,112.03776861817673
1328.7516102875081,0.32153443300088824,6118.628662516419,0.09839304708032888,90.40975251669983
1633.4008543167258,0.3119099661027194,7260.864777952205,0.09646576297737337,64.85041290219205
1240.145618778193,0.22869481194331112,9425.322754583338,0.07406468014896536,58.90443598244557
1075.8633281086638,0.13000883555716727,6726.035504176662,0.0877354489321783,124.44431561771444
1128.8797219106493,0.4582604921607675,6872.334445652767,0.08345956944038195,73.86239495219048
1128.0458389577725,0.4210703250105148,9301.836173359658,0.09057226050462458,134.74503127667236
1151.9026935122943,0.15581071222386772,7576.871653723376,0.0893844201125496,124.30272438218404
1138.8271726494102,0.4107073085400291,7677.244998237173,0.05766159850166134,54.94531843423617
1640.8747448032145,0.350338666420244,9304.006016661064,0.06168677659042732,70.12111170637351
1181.8800843991448,0.26365751516704894,7452.633685127366,0.06328657885887837,79.19926565595382
1345.667283323863,0.2016084596382251,8407.787673146977,0.09092492796085053,109.44822488260402
1896.7884099060118,0.44389151340089306,5428.223329370304,0.09053708519645945,130.9827000315139
1473.9616402628724,0.3800753037176212,5893.158565634427,0.07476676734697212,56.033325515842314
1667.5577385210272,0.31909596378765476,7021.881003581228,0.07904161296259607,74.9608951879811
1172.31987120163,0.3438274135593856,7474.195339099375,0.09134610764842,87.62097623797209
1192.2890188086708,0.1364264728328724,9828.668506181148,0.06562968003388717,68.33771545881663
1040.868616266479,0.28956790436447677,9853.258165238949,0.05250893884581817,104.52920975063492
1168.9350630721647,0.1774801171142808,9255.985437393809,0.07412982191395837,97.80024793583104
1278.5903390319586,0.18335347160353016,6577.994176427873,0.0956858571924336,81.64956420511598
1177.0104842767469,0.36452158491474673,9820.141454162198,0.08952341304800365,101.68868869203567
1088.7025337570556,0.46450246073371526,8446.704323381062,0.06833086515542429,85.58215643511139
1120.6358711006008,0.2615026441913386,6964.700639087002,0.05323856802414184,84.31940674672907
1460.7787680327258,0.18309970920487617,8508.374584923831,0.0818459752691255,76.53955253569924
1206.3337184057925,0.35949877489466175,5082.613648932633,0.09172453979352602,104.04379343143881
1364.2698610480754,0.44847481854012716,5730.773411371068,0.08324742832273194,94.41153944523268
1503.417270854857,0.39932752044899633,9148.428557781837,0.07125373323815098,69.63247841272238
1690.3948286293653,0.4475028922146349,8227.868184365856,0.05616768065895357,51.29662608981992
1039.312139841099,0.3146218684043197,6820.973506459421,0.09553871220686774,65.09295406129195
1799.4103989090427,0.40075049774767635,7503.3332011135935,0.06379791628766915,54.28346014985392
1627.9003894909079,0.1560258237435746,9525.710748228834,0.06121435182464797,93.1598833638432
1081.759031948872,0.23930984614527662,8157.890547395433,0.09079883328048272,72.50968539123583
1873.5786241067772,0.25581966579260895,6990.746419671651,0.09906099693619286,92.04553325247245
1920.8724005318131,0.30451829849841383,5601.633286987675,0.08300801293723803,82.9449873370009
1061.0779598548638,0.47163054410272953,6468.734008127805,0.08124052445122754,103.80148106865667
1276.8776481472037,0.44971862408886976,9891.701163982918,0.06597154346105313,122.38668287886009
1806.2012797930613,0.15381019691567382,7186.815314258887,0.05102067253425647,97.93139381338564
1748.2596903836584,0.1691158607529853,7359.197319224304,0.05958989329113548,56.19680609391309
1184.5210193563773,0.24305621983556455,7492.990161985077,0.0792215218278286,51.7510481414908
1209.3493233367103,0.21629754635626958,9420.520114741055,0.05756582309080228,71.3231166277539
1370.472102791382,0.3459083812625049,8019.64142192655,0.09419179034656636,92.49675112208537
1484.5229851910212,0.46111041910581796,8468.385182259612,0.05940723439264426,54.49050286272673
1618.254771530296,0.48491661666903474,6947.06771274552,0.07610522265059508,82.7733804839889
1368.9136395697724,0.3614411810140906,5145.438092944872,0.07560066228843976,138.70257078951522
1462.5347161331479,0.43526368056043474,9654.86457121422,0.08019728150648253,59.001902185216935
1747.4709381337566,0.3100808800923188,9745.638404582032,0.06637170348590196,144.85165097695736
1036.6832028905978,0.1833307787440159,9745.765266740254,0.09367671005326578,135.66717755091196
1252.4369443440207,0.309875364837391,9718.435433233582,0.07221507679875348,133.17811560135388
1713.3495858845524,0.32203304057506044,9076.209705347805,0.0850076789368287,136.3658510876291
1895.2068376871994,0.39698302568542265,8422.980250581633,0.08179554304833517,58.005026525298305
1511.677442115666,0.18795319588293966,9222.549591336428,0.055857804155985166,65.11680939786967
1532.1134852653156,0.2473241528346927,8002.731195005181,0.08113196763513057,63.43724265610822
1107.172011339776,0.24561098768582654,5671.8480694601185,0.07753513389905481,61.1241810751376
1447.4123668234547,0.483775838296466,6956.090825207105,0.0949302031627953,82.77112195322292
1532.6172664550231,0.27757798413068757,9856.474559864688,0.09404383182424517,133.02168829505274
1242.4705036347295,0.4020375869192586,6755.689067978282,0.05754773937058232,75.19621436312292
1269.243230949381,0.4003245525497756,9339.139568656847,0.05408425727933039,74.422167899226
1377.2841631046226,0.20621767392129656,5466.057353874348,0.06472961096054344,117.58887574206133
1020.0711977777264,0.32874787574869285,6670.919211877348,0.09933064283421544,59.69251021367171
1322.0791655831783,0.4577211573274592,6754.766623636898,0.05107868882031584,86.0279992361924
1211.4480069965446,0.2900790877827798,5258.012715544901,0.08364461197864384,79.54263068442211
1327.4973521779148,0.4780470029370184,5595.471650933775,0.08042568669204886,134.73008641294211
3657.8214484188597,1.111361699578068,2910.4307514156203,0.33745738764961064,384.59763411269785
1890.527280739895,0.1296636423096123,9189.077954050565,0.06091429448853708,114.6473564121941
1593.5924535540487,0.45658154925789973,5317.0099496990315,0.0613358672899925,62.90343382062352
1679.1023191444897,0.4390724791848867,6493.504506721936,0.07153210410869124,142.89182605559103
1789.1712386073382,0.49703595037353787,5050.875012946338,0.05479289035334782,82.24521541251046
3982.7315801868526,1.2756719372549399,2239.5163434473493,0.33529705925669295,360.44739707471
1086.9202880874236,0.4746751706668598,8101.515450216899,0.054417972674304864,145.46261799155434
1537.1065418185476,0.4307796100336444,8224.911310265708,0.0786489585653129,100.86488616160025
1586.841118020879,0.4377705332480347,6871.913923573094,0.0698870928448947,100.75352587338556
1745.43947418433,0.3276566281817073,6041.339106337845,0.06468083903286369,61.724942355845194
1431.6595462296793,0.25294583916668434,8601.601066430167,0.06579096898256528,89.02755564231292
1127.5803027955637,0.4738232290173128,9055.589363703475,0.06036416529245369,135.24649388815357
1283.7759057987246,0.2728468702463578,5693.007490491009,0.07057526676609675,63.51065070989483
1363.0822963986352,0.3155277468998676,7434.147139687107,0.06015290345999837,141.75041305606572
1645.9172413316012,0.2784457228500751,6243.578409894312,0.08490230211496663,116.73094143866567
1570.778304668912,0.3259273255840789,5840.534306030669,0.05619662563269681,92.09598350590385
1356.0967258978462,0.2882020315969309,8671.626567474996,0.09741210422904233,104.64984185256573
1986.5152487929797,0.11918702343179036,7690.484677364185,0.054490947006364115,65.0496607736701
3702.3801283819976,0.9915410880085953,2296.615134092406,0.33740854083033295,227.38374485334708
1237.2267917359945,0.2777575275663079,6550.0000560577255,0.09166474857602033,78.64084270666729
1101.7824726204037,0.3355774594029395,9833.268356638713,0.08403560603066902,88.48461181744145
1152.859139184332,0.1556751211031948,9243.397823542782,0.09561508277827419,141.55219949929847
1245.957728384508,0.10135513919305567,9399.73371436564,0.05696093967586885,86.75690249651569
1160.6813732595556,0.1981160374574572,7300.06048540354,0.05881573870934577,102.3835240386221
1186.5670240513057,0.3818344128533401,8119.036319604375,0.06260762960294079,66.20261614178422
1285.095168693847,0.13967781204515145,6883.838701022058,0.06224057633829455,123.59732010520706
1173.3735952947548,0.4635549761545872,5388.559878444453,0.06554241354635801,106.02808490667016
1896.765424626425,0.18600902774247385,7005.346553283913,0.07878154491365467,93.9907457983372
1080.2337456616422,0.18183744571671034,7969.9037660357235,0.051408630565255235,144.71864655581936
1524.5113895702548,0.1726031846485982,6435.721353840658,0.06911362975199879,139.06508441418367
1410.3968269896616,0.1055926851885459,9239.752873637079,0.062319256394629825,115.95112723444973
1982.3786169086065,0.40872218739129385,5755.500795872993,0.08033149240263611,142.1812406156527
1112.0389021680523,0.45001381249810346,6835.645447184599,0.09925846655257678,106.47817949330727
3251.009620729271,1.1820883431714782,2585.591297517555,0.2346311827792615,206.09390101530497
1969.4704332753688,0.17527999267194494,7024.1606699261265,0.07128426195592169,90.94601641851862
1865.5071258939802,0.2141111987763519,5198.306524871352,0.06841217725725582,58.67441913479476
1817.0720709492798,0.29037067894598534,6362.746975308227,0.08924746094399288,149.41485895291095
4138.992455340949,1.210555595098982,2087.9292618977856,0.3791861228663538,204.87522612670108
1170.8875873900658,0.19894054872709713,7390.826816383458,0.09798852572300608,75.15100392589893
1668.643219924431,0.3926583615679552,7718.481792375709,0.07089589429940228,66.31033894248395
1929.3759891275859,0.2757792893171681,6374.955648949594,0.06568503629125566,83.7479517978745
1556.76289301393,0.21913893934400874,7615.206673074362,0.09870340581998507,78.92801337263387
1571.6126894698998,0.2823663748088455,7545.023107810299,0.09679394316216,110.11022485492349
1279.9790936602842,0.128482687016493,6580.890254381042,0.08209670698828606,149.64600144192843
1769.492933191937,0.41947494837214505,9151.00165328239,0.05092536874252007,55.25090554855685
1187.0437485575235,0.19732077119318686,7728.205632967825,0.0874267488103286,127.8443113293322
1323.6792364042437,0.3901648492771882,6661.348593732725,0.06677787000210007,62.79919244064865
1425.4364386164168,0.1273393485792779,9736.692560403882,0.06941401154271307,51.98350246322156
1507.610378684455,0.4820394224662744,9225.562065355805,0.05793710644886943,113.85768201156948
1242.4097324150803,0.17720599416227945,9912.939057759006,0.07617290419324498,137.33152288693674
1114.8368247392036,0.4530968304828322,8461.169373227103,0.0872276298101883,67.62985066483952
1610.6200424416324,0.42378928384617376,6891.114527530234,0.06365055590465343,84.16137846419474
1288.6305532402557,0.48714396963256645,6404.303333395062,0.09693664540216876,66.87502042230771
1581.2382214226122,0.2911562643782999,8316.589218372405,0.05973684280014772,140.65075693029172
1154.3627152742024,0.39095891753838063,9904.082912476519,0.05331311702972167,77.03604324181225
1481.1401018548174,0.24828426281511362,8133.575400519244,0.08221819366749505,94.47128914061025
1532.589432551586,0.17374729520787752,9408.074704949191,0.09246593659400235,139.47412762830783
4546.404366074116,0.8153999091560509,2114.9366243109876,0.24732253222327438,258.03933223735896
1336.6042781939207,0.16629960615538197,7034.768912371278,0.08835855052582595,143.28498007687057
1134.4146769389743,0.4928178491145536,9531.376197946767,0.05998250057530362,142.64504146470392
1063.3749704727677,0.13849859645628657,8784.333509789094,0.09888305924018652,96.1601019893721
1989.9602323899453,0.3356846893810482,9907.051601839528,0.09597179380144213,108.23826127333706
1322.353844974723,0.3505855421016224,8873.82104866121,0.058158371138122375,73.03142737129369
1809.8744458546348,0.3152318171496217,7242.578536091159,0.07793929134576623,149.05358188011633
1254.640654763764,0.36487435428473347,7655.340099111816,0.07777587129654895,77.83166604117949
1681.5027222239291,0.14647231000475638,9502.577462315683,0.07212673890647354,128.3306987980951
1760.2278598896864,0.32200740968211644,7758.23368049024,0.09921406651298445,81.2969060155226
1595.6387406078443,0.21488502845094462,6276.986870822226,0.05298111185901106,81.3042262089785
1471.5761885501583,0.47607042532042265,7178.099063849748,0.08136044542217924,60.38629267009461
1411.8409141472684,0.40482866137589035,7581.57994424559,0.060265181133940506,105.98958107965798
1348.8682665429953,0.4890057928638971,5483.599167755648,0.07636656023654799,74.48323381282093
1929.5291442478258,0.11502242789607582,8718.813371264452,0.08898703858937594,64.83947577576188
1830.6194077877292,0.21405327007228347,5546.769666774865,0.06233634015842732,72.66666945167336
1965.0269106665125,0.17816903465533962,7024.588566844028,0.06966797732415743,75.109315706403
1124.2972234855447,0.10446183492473221,9023.112207702023,0.09753840371401996,100.4083456119486
1730.8674752036443,0.19693029209852858,7337.851808066484,0.08807403688601548,88.59230365555624
1938.3404568210378,0.3715103934081716,9210.07759859254,0.07863615922559178,57.54902810219601
1181.2330661656601,0.19243556885382743,6709.4066102805755,0.06109986939033584,103.60285828958611
1066.4962673667774,0.30360137819304733,9788.181469992178,0.07126527187387915,128.77474515887647
1741.1206492900592,0.4551272459859995,6047.342159026178,0.08870306595249614,107.42351608939953
1574.473113179912,0.37750316813963014,5191.320724946507,0.09102715390549881,147.45402522517708
1841.828776758272,0.2578516279624128,9362.132714952093,0.062230309907119946,59.91502081444714
1139.7723766262895,0.24898757556484333,8761.013579752042,0.08310301052085096,132.11523367581094
1795.2673118598902,0.2822943256033939,6159.919185336864,0.05475014960617,100.56926698973331
1201.6273200477444,0.17081657642396256,9923.708035683369,0.05116061537252323,102.15951775452281
1163.6559428657044,0.3536003069663952,7511.400646342639,0.07743369617165106,101.90999346495484
1164.265797930993,0.24566112764184223,9755.327200720818,0.06121899271402144,82.53188279076385
1814.5747202313821,0.44094613970481744,7525.143856934997,0.05394560156210665,82.45550142402524
1665.1972206962,0.4026210640231266,7359.372933856455,0.08649141564476151,113.18445066424758
1523.0654247691193,0.34420526563686404,7245.692685722325,0.07489872941823225,54.47650853831164
1358.8304841235026,0.24568088905980645,6674.376380664751,0.08981385054792253,108.87860453018035
1877.2005408131083,0.18397273266939376,7668.507485882758,0.08319721198402785,122.45907182109154
1392.4451074226354,0.4104607456422492,7262.773309742839,0.08649024699577451,85.63262934754181
1816.5994394715772,0.2945636395964346,5183.73438311777,0.065368029064795,71.73569394596333
4015.745937460142,1.0886175192875942,2658.7077440912462,0.3665172040058116,324.91706594211894
1376.9444294249076,0.1780698460160025,6065.614000527792,0.08004374460476307,58.1839653344566
1462.6797856696064,0.1661603618005436,9337.178011605332,0.06000410701990422,58.97193192064083
1301.3778741641422,0.41086447848223806,7994.349886134207,0.09077060578160107,66.66878681945927
1747.609380176251,0.1915948741201247,8818.415502248637,0.07614600844871193,51.91729050530871
1502.7203900924792,0.310656905410079,9784.130188746403,0.061349496617388054,76.62354075241842
1232.2126951468174,0.2806185443892226,8220.19636263205,0.08125841161649543,80.64018292479601
1899.5745732745686,0.33184435969131354,9913.049957023723,0.09725178675418089,149.52212533561308
1383.8912213732115,0.4508619601484777,6558.820258260648,0.05410473632953871,149.16877376561254
1543.5528611139885,0.44709895603269223,5931.335911564469,0.05546726036567515,68.70488468370849
1906.472110964547,0.28043042872994384,7016.549439964558,0.092191957343167,71.30321580969245
1624.237995913992,0.10614650029388933,7353.99707467904,0.05547968872834368,99.19063705604324
1116.898040708364,0.2705775222857213,9476.807714262926,0.05196876846764939,64.87843337377102
1939.8321236134752,0.34247741496965617,7799.702195183381,0.06739652905232366,100.40394081581917
1627.708053071418,0.32310590363922476,6460.904997090085,0.07333529424607989,89.93897048050744
1334.905614657086,0.36053444232008225,8713.171414337605,0.07847222183453449,82.46228910498724
1139.2720726633872,0.1616302929892334,7529.159685695355,0.07536501162821249,132.26051708097754
1794.0251892702959,0.3586140395122931,5810.65972637585,0.09565922813290567,132.81176999930577
1620.0727559285135,0.17306064749750888,7884.098937956262,0.08843340501958187,148.78894669837265
1533.4610919763215,0.40020959227869957,9556.97268403642,0.09919051279308555,72.30881140815822
1893.8925830509577,0.235635045305072,9213.1130873791,0.07382277116126612,138.82774971437462
1788.5972112245308,0.3839581733525814,7934.049863176655,0.05421648049195895,103.7845929673931
1151.6748797327512,0.11914623956244284,6885.415869424941,0.09777653214714374,109.14594313323519
1311.7220677955484,0.26314401023636536,5434.893755321056,0.05020565807945487,139.62932143325264
1248.4891398144657,0.3820138089053331,7348.244616658119,0.08880480069195243,144.263079637832
1743.946292572677,0.19074820653259766,8760.397187647895,0.05156410153858398,122.68112577006373
1033.5324347357794,0.41811481791888905,6801.368598665053,0.08806070953258192,84.7842431935124
1569.8896848713166,0.35231189324197276,6177.234127758322,0.09689694699240271,98.96679896685053
1762.4586857406905,0.3350247088599193,9656.898596354768,0.06946301486655235,111.50538640541099
1876.7656367617494,0.24141954168173485,9107.778502289962,0.062048242560985886,132.8640038986097
1342.0817487159075,0.29298058815244704,8191.378097100724,0.061313957625591546,115.79477053775554
1821.2573046720129,0.3389397203911413,5683.916719602597,0.07458588220751017,86.5447616687623
1110.6317369552073,0.28898484556595616,5724.544202030866,0.05854435178783958,91.78804513602944
1846.4522917345182,0.3793253295762241,5516.097957278895,0.08364618153298561,55.04377020392748
1127.4886623319824,0.2734787732427838,8081.483334463715,0.06841761787441875,142.4267860437136
1397.2872905603672,0.18090927269681215,5577.81398236668,0.06615547462016295,58.811901332949326
1797.2953657795538,0.18557351312041892,9213.135994313165,0.07306427881282286,107.99307906855448
1149.9174273487738,0.10232150753717645,9964.82500909661,0.0771293751219876,137.16518812388216
1229.2513952326415,0.220383086223469,6831.740923543326,0.05709651311293979,92.0865249515007
1722.2525683930662,0.39956705619140787,7268.349234835487,0.08538816818984217,130.01254875113716
1720.0365365460743,0.41766508353504384,8558.335884928394,0.09414735499526632,130.3816079636295
1641.1476328852973,0.1809870168383,9685.76503162883,0.0638993458100591,55.984603858624695
1693.9484444671,0.48361759874856314,9470.468867781925,0.059019545091474244,91.21437257307217
1542.7244433475962,0.30096111739205067,5287.959143749243,0.08802527118595319,119.10254866870436
1251.7990589069527,0.4667914996074011,5845.359012783825,0.05917708618828248,92.2353509068883
1345.6959935039195,0.3827061127446525,8772.985992788961,0.05206275801814783,104.51672481793561
1181.5977168014256,0.3889733692089653,8444.465540162237,0.08096216101913895,109.445790460664
1908.4505613336282,0.13401744852242847,5666.092970200616,0.06198757081526751,65.12293767312426
1583.3917947661205,0.18799645075877228,7510.322910007839,0.058590520446427985,91.19812061485298
1400.85141676364,0.10352593331778906,8904.073155426478,0.09908013708572531,52.846322168356586
1462.0058036441328,0.386451056190695,6093.9034113134685,0.06459324916998639,64.96260831953444
1947.2833396118153,0.237775315371404,9356.438178673332,0.09517216451077679,101.22540633764986
1153.3514031160803,0.4146610064305387,5264.85887410184,0.05891093829443022,107.35859979388103
1586.2298320167972,0.2355744879748105,8910.97542534037,0.09094885660312177,64.62344065916623
1505.8886788844661,0.42773350091954443,8079.094498949351,0.0751009436524241,125.56192702124204
1611.4542354346477,0.15227930149932523,6575.996733271746,0.053929738455799764,87.29878878709927
1018.1101838208405,0.16934926270300327,8604.662741709557,0.08668026468217863,142.0649928827672
1872.1239089441515,0.2363506158335746,8911.828975755798,0.094603668586739,88.76627233054066
1932.1182824836123,0.26339495555290937,9669.494856519847,0.05815084951677608,64.98109764326045
1565.1331835892088,0.23948112433719138,6838.873360771318,0.08627951211680876,125.79704586807577
1696.6508238768922,0.405458813009288,8430.083679899775,0.0722526259536562,106.78008004393288
1922.4993811772956,0.1387805570506859,8013.0813846734545,0.08769352266283592,88.66881682441557
1707.2386343133985,0.24048680785539522,7626.030347285443,0.0856963974092653,85.59571634322616
1152.5390429142612,0.43489599980618376,9452.08237077519,0.051330011523150275,65.0768973557271
1576.2883601668132,0.1267188309048688,5015.836570692001,0.05893605179835776,84.08346274660114
3935.0861643428925,1.098035343776772,2464.855127694791,0.2975291191468715,277.3334238859417
1424.130671302386,0.4945267369088052,7691.38619772415,0.09667970859560401,100.2401914075771
1736.4442356247228,0.13542726953003204,5891.466308182762,0.06710367283774007,139.67237418137358
1934.367014769015,0.2165090089022948,9539.332668663792,0.08144367351400911,129.5330796215327
1925.5685129067763,0.24896026641414248,8237.975588065077,0.05060418727572144,52.85211972042143
1450.8393714041322,0.4105565474610905,7389.41497315995,0.08555634607734722,138.12603262682325
1113.2380458407551,0.3383707248466935,9073.508795333273,0.08015341313764024,95.23248288825533
1984.8411989623346,0.3577462801970269,7254.43095732552,0.0857697373307883,69.08914654154944
1838.898086445934,0.40300392912740246,7793.265059650048,0.09523303065124725,125.24119552153874
1124.6626812032669,0.1471915997748103,5013.754977769605,0.0573249466558905,82.28735501770464
1920.8418826173724,0.43328378276410495,6828.502650975368,0.06307947980040336,75.33184231368529
1869.8963620621284,0.3822479216720577,5693.952361754848,0.09978904460840711,66.13184067815476
1518.8380571260723,0.3309366900785481,8448.443403311456,0.05781419792548135,98.66219069002227
1591.2754357449294,0.45589413391322264,7395.134794878669,0.08603135032630133,59.339399954944525
1399.0027038701303,0.3801225415535229,6508.787786251154,0.0862537955255451,128.56131291137865
1054.7616388220313,0.18067998505241017,7339.161696858711,0.08414968731177846,97.0674576666411
1335.197241645901,0.2718981524302667,6048.149439756731,0.06137202946572889,94.69764168189202
1802.8534485980115,0.2976171467742933,9625.433162430701,0.06075670316069354,50.185395648152095
1004.6320230046028,0.12208705070016226,5269.863162754565,0.0833170534017394,131.78638603085614
1333.499171691144,0.48185500534402237,9327.085176480603,0.0593125092229608,99.28370590382536
1398.1686935909433,0.1514309043187514,7556.793943666755,0.08307816658702688,93.98945198013479
1537.3956029379228,0.37898450689069074,8094.732480694087,0.07462641410126591,126.13848852843905
1919.8556164127604,0.3024924144363521,6513.028104543519,0.06933144338246922,56.28985491007609
1346.3459943659614,0.11025289995376904,9833.488083971606,0.06501161746889729,86.66804560952036
1346.9532018962277,0.46989899034574467,6409.254792597449,0.09737884666615584,107.57339575537564
1737.5012481097483,0.44073472352757326,7944.389985701522,0.07540468288713939,96.05775627391877
1452.217940889807,0.30970317116153423,9967.083525535643,0.07806259812554811,68.16388898779743
1224.604822939982,0.19157693445577811,9405.471981917228,0.09746280423433928,79.92765076803119
1452.4395161326934,0.1486491562720377,7681.6491264305305,0.0826938659048567,80.0200557647633
1140.8570203798,0.24535699177285064,9951.87261483606,0.09789264638784138,149.19708027652268
3184.349957095548,1.2031684387051267,2896.2745920411517,0.2647116262124701,227.48356936887905
3069.132724320374,1.0964620895578592,2935.856705627567,0.37965068587409795,291.4869603019664
1418.925449504548,0.48656371844937163,7027.981052179032,0.06677073140115455,132.26371531041463
1914.8459010681,0.3299813972918566,6672.4666700577545,0.09052437625351706,92.11712550036086
1362.393899116633,0.4559724223560392,6720.068541355946,0.09278183120974894,94.38636944870507
1580.5883502780434,0.36035153499831096,8802.282196799331,0.0635743943071278,104.88890634957373
1632.2642879195305,0.2900986106348802,7921.314636363968,0.07044153082577395,109.56891972625115
1013.0944565883336,0.4418430250933485,5190.463557947643,0.08630071771574521,109.05556004103394
1663.5373720167106,0.288547244069199,9387.24241825488,0.054952781544848534,53.44997224110439
1178.0359668697515,0.4474512682041444,6483.980702400822,0.08777667671696701,131.88424328979528
1961.0703174694552,0.21663070783030614,9985.374384565719,0.055523646302737206,69.4852819074838
1148.662727753113,0.15152522950519526,9770.953651673928,0.09572278661340292,79.23421277838608
1414.6241237270237,0.44212578574517536,9702.653583409825,0.06381696466481768,67.34295200206755
1085.3496680786438,0.33496606551706676,9055.638020319868,0.0787799673433678,126.70766575358778
1996.8742518459474,0.45563695929958403,6103.0666584177125,0.05585767500381364,108.36579926254194
1502.1950103312427,0.47513088279695326,7663.16372014391,0.06347465773312394,125.52961527520513
1595.3850173200437,0.12145135614857967,6121.5131341248725,0.07019775217435528,115.33984054293003
1067.0764773884275,0.30038772074354736,6298.377277944746,0.07435244383415072,60.41586344194019
1749.9604703991777,0.2499858196298117,8054.758847181387,0.05000337488232873,80.14997758510053
1209.9055930955858,0.3503433588280469,5204.167726765317,0.09443278811902342,100.72651595901213
1898.0542894407138,0.4174364788809294,9847.292834103539,0.05038374047794386,80.49450314313637
1205.139640482007,0.21223608638974759,9593.365862889823,0.08868422814972125,70.73039044061164
1190.6877206636666,0.32271935374926863,6903.837860788599,0.07352894561781856,136.98119690666
1036.549667848095,0.3834914319619599,7577.112240034565,0.07619400124506882,124.77836752153759
1472.0669451099993,0.15377243313429362,7330.597096338795,0.06041327396672705,84.52200605541766
1564.8411332626165,0.4256267623805068,9410.998893087348,0.08036841751728521,126.50123626288985
1065.7086394283524,0.3424438399411892,8443.009381580556,0.07686159545847261,112.75386184452279
1775.5276166950107,0.47981497484546076,6390.556237121782,0.05821182033101477,50.378573363239674
1453.2888347480275,0.23581156765227732,7234.206272326484,0.06190595006746096,88.0262026011635
1524.39026932758,0.14325837693487947,7144.8298784338185,0.053345181450622864,79.04874991943305
1440.7627469382282,0.30260048041477017,9796.675841419594,0.053314178604472635,71.79086217058969
1400.7630608753261,0.13432430868377554,5876.554552573199,0.05068878929762133,75.15893940708449
1559.6403313082178,0.48781060932960274,5447.881686472145,0.06102371627415419,144.23648465755224
1155.2402459307125,0.11547398330287661,9403.09416080845,0.08398306136985279,98.63170679915373
1181.928130495271,0.4014015604429232,9483.429947529356,0.06581076940711782,134.77087182241195
1861.7856210135174,0.3100409592568976,9358.695439560823,0.06713671349336883,71.42171521529825
1946.1154621336327,0.2474482609993155,7554.884578127781,0.056595269662772237,67.44037996459483
1373.309316279753,0.12633686580346187,8298.722141347302,0.078773533382821,138.87895883139097
1270.7446731435539,0.3488667696694431,7816.81523780492,0.06710718207733687,99.57046857824679
1643.9995432390158,0.3340881317563821,5347.239130272004,0.08381584017151074,139.51521253124127
1408.7341710980963,0.2123533092270399,7979.174484503612,0.08707297344212767,56.302885287127495
1025.3863556603449,0.4640886805641249,5068.070736280504,0.07923464376241911,141.64355221763077
1156.1525973661903,0.22164400293713477,6624.937047785431,0.06380347684060182,91.5445316342223
1715.9722288473977,0.27989016423684243,9661.462879365834,0.07543038996686272,65.53704874218478
1658.9239419101514,0.3175049823674623,6520.226348179038,0.06259654023411518,118.33826894351941
1027.0959925034836,0.14009275127051446,9699.13321322124,0.09514564176769591,129.6902683294257
1221.9721619329493,0.472864687685453,6250.669785746221,0.08831928750412787,54.737472758140036
1231.0747965880714,0.24981446098041646,6572.811202307663,0.07465029530027832,148.71959744186861
1671.8927435987284,0.13231168554973746,8142.037482192767,0.09827285715890734,119.70268873161804
1019.7105377543642,0.254916469470132,8808.134863946474,0.0773377723365094,82.14019916578442
1104.108581984574,0.3400810188370323,7506.938840024421,0.06642677384784741,65.12937956953905
1799.9160853731894,0.30546106872853185,9410.578435970776,0.05477336503970236,89.25314146782148
1178.5446620543337,0.3778167896149096,5201.202108053096,0.07718728224067069,72.05656605586259
1652.7461078518747,0.12219357682716425,9610.974193171853,0.09302083057906728,99.41532235980958
1238.1827810467266,0.21381624410882247,5981.53899947704,0.09333593640782244,128.18927084903277
1099.4413927593453,0.4276922307360409,9421.19372542328,0.08022835333413743,116.01303889505533
1243.172190999454,0.13195747511654435,7004.315897431903,0.06967191816171064,93.5934904781729
1722.266931855659,0.442194381878383,9163.785279355188,0.082514815404534,61.89439245800496
1855.6964681062857,0.13675843683084252,8358.327749018476,0.08810701772795199,145.7156922368007
1830.2198645669916,0.43378168595667854,5879.708162391311,0.07058123921970631,77.03705254504867
1397.183529618455,0.24431536043149069,9590.237849407242,0.07381270846074628,77.78345458750174
1668.0851365706462,0.3448836253028863,6227.586952442298,0.08403081536889714,114.55022218385325
1204.984295415821,0.1611548462591993,6220.700593474996,0.09383263030513733,127.05096221471027
1293.1477302610133,0.12646748869007235,9070.894483186903,0.08955051890711375,148.41527653173495
1896.3358185211198,0.18637528160805406,5529.366277862605,0.05111956846601744,146.91642606278063
1013.001923510736,0.15114152716347823,6110.179531852302,0.056218617189229395,141.37605242320808
1085.508530854468,0.22496235907185272,7518.387867105312,0.0926389090142761,93.53135673833498
1207.8862551460272,0.3057532986044081,9152.385143433123,0.09169114140225168,66.66696597564481
1026.5322038738198,0.3355037854260038,5737.419873686337,0.06944033915743547,108.44712032866278
1181.4354350897972,0.4159472429518972,7738.341172561732,0.07921389611788329,51.725650554676804
1583.0415609696922,0.3624959572993435,8556.202959014698,0.09529224912143232,69.62488389953936
1421.424550592498,0.3435033300518212,9302.976123579756,0.09557793405035482,50.25293967947646
1892.6717110769748,0.2647128109943099,9677.827801011099,0.08915464228804454,68.05359125715388
1817.4435617384408,0.2895233739840555,8923.199572344662,0.06047944691798395,97.4757123396256
1341.817351697876,0.26580833175607244,8264.14199111001,0.08651414036769725,89.3324311093416
1259.4234334312926,0.43686641202455323,7168.100426563829,0.055054921617352835,86.92965649266392
1379.6924081672669,0.19200018101935995,5560.550770942098,0.09469692297272846,133.09528639338623
1590.2949425148076,0.10228837261678586,8548.685962627605,0.057457440178935726,117.4996304645678
1268.0636408228763,0.3605279588904957,9963.686522377435,0.08311743200557255,143.64317628711058
4062.142859657768,1.2163319160900796,2871.290807818822,0.3530885730873702,203.49957909351798
1409.4116521912404,0.45604605452392377,5083.555468688632,0.08884498279397916,77.22296754759518
1552.04718085198,0.4436185318826624,7481.299890209193,0.07757887511792277,62.268453803335554
1436.1265291353166,0.13069094877128237,8073.233162414519,0.05297832876878661,117.2027395685146
1294.4657595419176,0.14255536216563094,8448.371005514215,0.08529231270220747,134.1741088471657
1948.4533069621566,0.29806863689866653,8598.629178003543,0.0691577279417634,68.37393642617563
1763.605794159761,0.3436890651077419,7790.54220608262,0.0660142500609555,137.87527445125363
1140.1131757664525,0.20996333499289632,6116.801663671202,0.09958367747668674,102.62762016953332
3666.4025879200008,1.3309736288342013,2308.054678896761,0.2938289004100937,346.44822096034477
1487.4311982495137,0.33796640836754865,8483.332338318309,0.08553595366347057,114.2863324901755
1894.5522268940913,0.2299296438994219,6184.200184347047,0.07631630684678242,102.00527415372134
1799.855255947315,0.11014859521692624,6611.6091613513645,0.08849863229758265,52.81835473127323
1425.2135044692334,0.4000601125194071,9609.638353151848,0.08760363677499877,89.92432047266243
4371.457529177917,1.1637351440315065,2320.6420135496314,0.33842183976440576,292.7128870483938
1268.6773593849462,0.43378949738505135,7025.732191790448,0.09988715307218884,105.54237534221072
1541.634214660867,0.26811610402170205,5191.536109957255,0.07298967670415689,78.20411262625305
1633.4782198261473,0.33083097705270614,5242.486844469691,0.08530961741490775,142.86417633825496
1257.8876854332023,0.44917949216360076,6419.591454591945,0.08988889814024592,73.777903804386
1139.3560740728242,0.4454492003679814,8145.611096694997,0.06880173547972722,75.27360069326161
1834.930236799299,0.24860783009742932,7920.973176672809,0.07285875137768094,85.46393462802631
1984.4021807035522,0.18355555708593727,8169.138934719714,0.09845836331952927,139.45378612561285
1525.6901823026858,0.4100584310914379,8586.414859660534,0.051614550856330405,100.76253954255164
1171.6792858483036,0.2732320814408525,5095.161267963692,0.06676478269804573,118.21790592258289
1272.3073265193689,0.17681679742360165,5525.427975862214,0.0743106481169335,147.62641725102804
1018.3906765474667,0.4617701369268601,6797.417259136063,0.050073249653459516,128.32962968923644
1914.298806560499,0.17924167769643495,5774.299987607908,0.0949563550503306,67.26001186510933
1117.751082890141,0.11032286727649243,5376.600212722771,0.06431222001060793,128.83539290399767
1576.5164755142537,0.10811198950696799,8204.82197998666,0.06288524160547222,124.83371492260189
1274.055220687206,0.34892614258170573,9076.682387455496,0.0910163097676871,73.26169944772256
1554.1780025157934,0.3646700242870121,8763.133287171413,0.06389916142512378,82.53498308876159
1651.4203883518642,0.22441668202279358,9085.198893045896,0.08288112969510111,121.01282398630768
1829.7418037072016,0.22800439569882536,8329.282720289386,0.09107515719509797,73.83930940678586
1206.4212717606033,0.2357975660239771,8676.72660907101,0.08962384238551863,70.81868690026192
1010.9958286584805,0.37206341870355153,6358.893871041507,0.08909753687129646,120.34727721303311
1136.8856300688074,0.12325351641073144,9965.040181420822,0.05443187849326175,138.05954928197636
1900.018641848105,0.47164654107653026,5915.828272469435,0.053992348378618216,57.501668262212
1873.8900775625152,0.1890084176709786,6072.469371946912,0.06533850178686938,94.59077352581127
1597.4131021703083,0.4998692820968369,6444.609159079235,0.05179739405980089,110.71752203290077
3420.8469595910765,1.1756835552017761,2168.436025481758,0.33631451087493414,200.41568736145777
1665.0366745462554,0.408618582924951,9941.44294676953,0.06973910331351092,149.6195912374829
1175.3712786234496,0.18936501797185,8974.468748532487,0.07785129562715747,118.26919603167208
1914.4119459249598,0.1323387206573016,8145.2879927981685,0.06493942693348453,112.0154112997154
1418.7705248920731,0.4499733297402596,7600.312875923068,0.07428770014952135,148.97341523090017
1383.1385282494975,0.44350050367635674,9853.10422843423,0.0667372382929527,56.06681403781838
1518.9177052828377,0.26142815697984056,8478.114014291237,0.059760404611165434,57.44368961530982
4518.965666810131,0.9224849562679351,2622.3310513969873,0.3568293253995758,263.74680869944297
1166.2833687560794,0.3228263730735669,6582.753997388119,0.08367179507495925,85.86646143495909
1738.0336164263704,0.4411824454694996,6668.873961347828,0.0914615846374875,59.66975137470559
1082.7986679251264,0.22602238772746178,9273.622970592178,0.09373758915768625,80.64488960927906
1603.152109466388,0.3094689599995941,5749.274602926472,0.08522309521839577,117.4354487407644
1245.349109681321,0.29414894848182016,9729.639306480378,0.0843749043348756,138.06149636866303
1389.2956140419765,0.2415623305027435,7537.371773317038,0.05283378326682363,59.43244766565542
1288.6937367706998,0.4565820258225489,9632.069392918489,0.05548896207290858,104.01450624841041
1355.6727164649492,0.1663511698650142,6683.963943629065,0.09062813551954367,79.61155647964219
1719.0459051842454,0.15980345580827848,8579.794520696985,0.06164756308118158,116.73261632938063
1297.121715623175,0.33076381412910055,7414.3756098634485,0.06777825301085416,104.94514944575069
1566.4046402968972,0.3629976919939768,8134.018151227365,0.057264867683793845,142.67110060221793
1476.0504021990996,0.17784770172982609,7521.862465695762,0.05975759842874595,53.768388694988815
1663.671165362648,0.25628697690184965,9835.578086856807,0.08877086176851032,97.00372749401413
1936.829739324758,0.4786255371914975,8460.526989069585,0.06309298097577692,69.27595553507089
1732.5720972102504,0.1986469690762696,6256.594843131577,0.07245174831320951,103.67817086642457
1214.9403785907568,0.3673442808469577,9548.384609525423,0.057583568652961964,135.3579344066843
1031.1831350612847,0.3960597574790363,6470.148690775522,0.08389649531580493,141.13165277860585
1262.264044299825,0.2792514797860638,6858.025496504281,0.08641348670667381,89.82316632172018
1595.077930700255,0.4750103947038332,5510.6184901010665,0.0680846158949357,131.1780523265826
1051.4258134842503,0.3946626940875162,9499.832598980953,0.08923733230613753,78.05080747255055
1496.3662472012363,0.2831698319443592,6430.560116139315,0.061995332596106324,50.63049463191807
1596.8428489168891,0.32773408071043764,6294.5880896569115,0.08459519310500781,135.5239057522969
1334.2438908169609,0.3770453773700403,9601.31298997477,0.0864982290710227,61.94122424066146
1770.912203745822,0.3368760721716873,9027.634312025166,0.09843286888943882,51.76111233629484
1106.5982531337718,0.4514790335304304,5705.394607596872,0.06161608325933582,85.37976633679486
1075.1377817358089,0.2427554649121605,8846.622519518403,0.05468552400213764,87.93799896249575
1728.1887562036034,0.21995429602232197,9565.165490268953,0.06315177111448933,57.72201707722725
1495.4913162061985,0.18553555579810574,5392.55609105372,0.056143109829105954,131.41826464844712
1688.402396427736,0.11511318722583806,9126.074974522864,0.058484715424715485,90.55927302083334
1434.8273386037463,0.11720558575202214,7737.100259365279,0.06670572559279872,98.99236137695944
1246.402033239107,0.4480220772437131,8345.987246894003,0.07069953733610004,76.46252679528317
1819.1023176741996,0.3713572585623629,7464.271694524685,0.09518621128756899,101.15067523465979
1799.415878968979,0.3642129661745944,8489.015424526393,0.059780788575001055,126.67313906173337
1694.6964708544267,0.3458571275739544,5170.4893083337665,0.09858794879606081,140.6182715500517
1272.1451372299628,0.43968765787764197,8813.53361611642,0.09050766049480859,147.05296007351492
1590.2306668690871,0.292106770266251,5166.718489294792,0.09407356949467205,92.6723924601364
1360.9738969400269,0.44816433142332013,7276.499238736717,0.09647219948701218,149.00338587684593
1091.5820733266341,0.24377801047289568,5754.8249656514745,0.08766205985705604,79.49557117226813
1917.3135754622426,0.47068300173563626,9117.871386756535,0.08943899158085306,50.69759352850601
1136.8186309189614,0.3794627920324961,6568.304545878343,0.07189091483028098,126.76170438976348
1950.2373538208026,0.20287085440977093,7270.467723021662,0.0755225117338122,67.84356485411986
1446.0057729579557,0.32563396867545,7143.753706491558,0.09662427133833172,55.24548381238628
1185.1329288386196,0.31321222459530224,8862.509828423532,0.06891279557763248,142.40089225976988
3773.8079423820473,0.9098599085648794,2982.8328629689668,0.27340078917438315,224.58562251319893
1872.9458358764082,0.3364971623002456,8944.79167505173,0.08813771927373865,60.266480153825626
1732.2248864095613,0.22591424948678318,5367.541384013376,0.07865787558587592,127.69101523843331
1806.5611478614496,0.12093950672384098,5957.969839514975,0.09074379811716558,134.39996974269962
1658.7833667107175,0.47946246308262597,7757.6712482318035,0.05377756333054811,140.5301665182571
1692.2765645178524,0.3565961476257151,9735.441623763476,0.0810615995237895,104.369406746636
1849.1956515653192,0.4507675727483388,5373.789233608902,0.062385294399537904,120.3412070528096
1249.6680088591859,0.3704224020053013,5215.421080784322,0.0951634297247242,126.2239278961011
1489.4249636431405,0.2427934768560452,5782.753374639278,0.055495496987087285,118.86389351561068
1221.2094418196023,0.3050752289315246,8205.765644300784,0.09215346363625315,114.68336203055937
4039.604732291258,0.8394988528100588,2577.8928387831675,0.200431768149968,332.4386247256107
1944.0593396866134,0.4841009300805751,9127.761897088432,0.05125486777484991,97.91954541955694
1039.426811368506,0.2014677836486786,5359.6657574068295,0.06175297150209612,149.61250195648307
1705.5751725156883,0.44999082344964714,5982.070434073506,0.0666522270463342,83.75607804221565
1925.248317415666,0.46963112211770774,6500.132027324478,0.08132643859059356,58.82687704445486
1180.5753451273335,0.3681662058635826,8133.650433443927,0.056586229868052694,126.50369650036276
1567.9452305526295,0.4725066509605351,8425.863451507736,0.07186649667955375,71.38243778694942
1915.4882975880419,0.2591514349909474,5621.016469818869,0.06021318010514369,103.26933596187057
3289.4443901675904,1.250021956910761,2632.630420392364,0.3372711763962746,357.98958665347004
1697.42026724684,0.38111315086638997,6705.220675951045,0.05224832539756525,111.92838608167907
1297.3490073725507,0.11680230696752476,8565.843815001415,0.06779688633442606,144.40074039032223
1924.3961953765304,0.4627491327276211,7621.038594738494,0.08156870399845545,122.27047126069579
1971.0582451653677,0.293789123613277,6113.790567735533,0.09565440890259695,71.45347782266134
1944.2664891134339,0.28413079391113316,9231.141615577057,0.09339967113469477,147.11380452888608
1474.2142166574638,0.32658664239185375,9091.19014095965,0.09475959997585819,80.70869310245482
1862.0426509893134,0.15975381870849117,6980.35926958345,0.053142664684149105,93.66149864913544
1844.5493985350704,0.2876664194269595,7943.037928469277,0.09204616307317298,99.81170203728007
1319.1004732432557,0.4324508866870983,6289.128479679699,0.08899562892720596,149.07187433734728
1828.9154741506773,0.10619298365500614,8449.258143731508,0.09512158246378095,56.88914007191832
1037.0076347154927,0.20916686412974853,6545.134063102158,0.06557881336290007,119.67282944355699
1596.2698784820532,0.10098183457753769,9220.393671911173,0.09558825531366834,86.19308756927359
1230.008837287703,0.2662845236599394,6086.925521386372,0.0701320542543224,57.83253191024394
1120.566885777279,0.39132620419749387,5074.01711409232,0.08170498427629,143.50316576328566
1076.9532016292092,0.41950873164585145,6342.5402098395925,0.07120894956034993,108.98583191430653
1696.2887758781399,0.4780759044508026,5955.262432297433,0.07138242152578256,125.35180075887757
4364.563026883526,1.030595787696635,2319.042518539582,0.2727952135705379,258.03465058786594
1724.7667715287614,0.2018507466611582,6018.516458282882,0.06779633548104114,126.15409226294236
1065.3563407989423,0.4696591796546796,8815.949353597474,0.0896368497134618,132.84754400232165
1315.2903378306103,0.41012630155215046,6206.85319002002,0.08168193677076194,93.08293972144763
1539.4912923753373,0.3297713932012578,8534.840899563278,0.08448778807694729,107.19564727479653
4533.741528237524,1.4026758647019795,2579.29813711889,0.3831731784932314,271.5808954320531
1318.75250293207,0.4697265420029717,9931.249282359422,0.09847876442406962,134.67296417077588
1625.891376437009,0.38495761138916873,9999.504885046157,0.08300880488864827,94.48500610681643
1885.9777482361872,0.24734980303389362,9347.63041658665,0.05985979322651958,116.45738587558458
1615.8631881823046,0.3852112809156387,8799.916846493756,0.0875245121735517,128.4231476802513
1232.9594747536337,0.11611126509415515,6932.282070002869,0.05868570516038114,52.43288205782485
1024.400781556538,0.2545662247322325,8766.383635656519,0.053169244814975425,108.83659866252704
1870.09887390093,0.2625292127382317,9783.377685397452,0.07637766980729171,148.45286134127082
1021.2694108503871,0.16673529376833388,5116.887876977221,0.07767619770811737,144.71806498263314
1874.7016726841994,0.10923419222070807,7689.573500988694,0.05944827873657993,133.24403947624444
1528.9371340272119,0.15335249465509715,6089.991521942173,0.06741894721460795,60.62140931306853
1939.0676985128962,0.3618485983188221,7789.381579344252,0.09728846478393485,149.40414525161518
1798.7832357736654,0.42091552654547504,7332.235448794456,0.0642501616043745,110.95381531379493
1997.9341105333374,0.49528139709078967,7878.842907761422,0.057778403038268436,72.29082494294906
1350.7118154517102,0.23854540124339774,7754.811107093621,0.09962809793327271,117.42686896143167
1767.1882889311269,0.33975168890444074,9800.535195842811,0.06511527681902335,135.65235620796813
1401.9309136092422,0.47485798672604884,7760.93054467368,0.08401268365730394,61.232776084763586
1479.8756203039088,0.16681671253526104,9231.160440624335,0.06157800907196332,141.64381432894248
1627.50546321837,0.3870582345370971,6599.101434004233,0.07750605984931948,142.02042814189952
1873.6771141863387,0.4019914932596653,7190.503443955245,0.06931409933048079,51.346440623131784
1984.083469199295,0.13559021434773535,7352.067380224049,0.09807896305795943,140.03191216633942
1768.2734138645183,0.44449975407322606,6393.6402166768985,0.0716402937275244,144.68179182401565
1417.7667821673338,0.42524201884433754,6898.951307389776,0.07920870920908621,53.76917969803452
1421.3570022770703,0.11336120263097378,7992.565397333876,0.09723831329500736,79.41663235080507
1737.5823015888914,0.1364337659520206,7900.938816522662,0.09946171499689777,87.31075068161265
1238.7771457683023,0.11965075755674093,8182.1767228674025,0.055082918200249825,84.88904720663902
1110.4741131313947,0.2338974127197449,6759.089577100705,0.09171603560211945,125.90032372701891
1354.6221576407765,0.3037155962719705,6579.157475765285,0.06910582470936244,85.8104459223867
1287.2389916540817,0.31293909118185154,8058.089413770816,0.07974143531028065,145.65788098947422
1296.30812045599,0.20706670390777707,5664.308742137625,0.06875240394776228,149.4992625304738
1233.60775104991,0.46463875462410964,6265.1577176607,0.07005581028273962,81.68188707062465
1042.0931896363618,0.24730511594876528,5210.6386847649765,0.05794287679925558,100.88007532065069
1017.8739347334138,0.11822006238614101,5363.0542629804,0.0786383229213933,105.77058403000075
1987.7223897360316,0.22009084461655457,6216.916396303044,0.07733579729723625,107.94028299670617
1427.7731337358623,0.31244376901766224,5097.646401484595,0.05946778942691999,87.42089941952996
1384.3266471596817,0.2632887290352928,6227.052960437308,0.07708652146669707,66.59935019588296
1679.6472826930699,0.20953700763970368,8274.88161531013,0.09865509413155431,55.45605417311277
1218.2538878650641,0.15252929990572697,5305.5353923446655,0.08572042979268948,60.63486656498321
1949.9611839502254,0.42766580003849197,7183.683388973204,0.0740491279791676,140.12912375938413
1786.3450144155522,0.4984580968496768,9565.543934597747,0.09580419927906877,78.0375006620507
1089.4110023122596,0.23181685340955283,8956.424144627004,0.0787657178252653,57.682298321104454
1417.5807757849284,0.2526484176706416,6527.187511474286,0.05675239993639017,112.35296995443528
1879.1183075621648,0.3472150098707828,9624.027395958236,0.07737548239062282,57.53071512612853
1944.7320222914104,0.3873765898942165,6648.232483738624,0.05904865576829339,57.00529396690243
1467.4015112498696,0.2568118139214365,5362.577481687813,0.08837524193738372,112.15705058712216
1613.4113892107077,0.4619718067927261,9970.279783840568,0.09835871071473543,109.13952441985306
1167.0339460920752,0.3240015956915674,9350.112635945858,0.06804092922716652,54.14772869499601
1991.1686261369764,0.28015603056237237,7329.663916505462,0.07174589400625973,96.04778344369487
1231.6717013834434,0.3586691012639621,8331.88262096202,0.0710748233419315,93.57683079060345
1942.7317741351258,0.4811215392996693,8356.140389283351,0.0642649987897441,104.66891297025549
1649.6466489923685,0.41782091776868224,5972.411153652301,0.08970899824393155,123.78447104367875
1607.7367948788592,0.11600525221404974,6000.243165768162,0.0808864166373498,78.28000475621941
1512.6885110165085,0.23292396429598386,7347.903516759128,0.05320257784282798,93.27802835838102
1230.6698117177586,0.2882178739804891,9557.86570068849,0.09194031675115678,129.2742684360965
1176.5280320055083,0.22580702888364212,5049.968874292854,0.059354411557660365,142.25563904605687
1220.4862090701754,0.38007502433218265,8912.528179746796,0.09895755808545606,139.1322973049878
1186.4382621442546,0.4305076599450325,5287.63391857327,0.06883315695012829,97.76309520940417
1779.5844735667533,0.3925380380741087,7391.110574415589,0.0808224823575162,102.0865797002102
1350.12525916673,0.4957333147313101,8189.364165367382,0.053891180944801526,102.91054421521594
1057.8426765633963,0.20901905915721164,8433.796335412324,0.06723316373441784,136.8715569707485
1969.1026301408115,0.44999579800976863,5292.396318079557,0.09011769786803908,133.99395069380006
1883.7858849634258,0.40664906606979445,7093.018086919841,0.07386042459766293,81.15325285453451
1927.7522831952128,0.24487150302325844,7919.186302511624,0.09523017417720114,66.28496894220353
1994.9078226464353,0.3936498174627875,5330.227686530035,0.07875692205254037,87.89745614921017
1173.8952492194874,0.1416303825672988,5675.472782976549,0.0964286097697874,78.84063832494012
1396.2420189026589,0.4157333929362209,8318.244947520192,0.09913049535062782,145.07807248149095
1758.2384757040913,0.3129322410348411,7608.190982953258,0.07269472797591381,76.59156794386516
1696.020618053792,0.21691606908370129,5809.143306341452,0.07825782862889041,68.12066817269356
1153.8959063398552,0.3623109207136721,7676.196684573668,0.0917460321625635,139.94790625592157
1815.8331249906178,0.35664799948576364,9563.461867222079,0.061076650276790656,58.6478604356071
1224.4405718366606,0.1837944890878399,5077.93792387682,0.09308147868905549,76.02660514264602
1223.817614822623,0.11215896592461046,8213.168867429273,0.07959600701886349,93.91111940005884
1536.9744228934137,0.27344903476066956,5368.25217302671,0.08627500676922628,109.51073781596821
1592.9399348417032,0.32780474773776846,5032.247214823505,0.05399270113317226,82.76728963733063
1580.0862078378113,0.4506421113482394,5753.272443303169,0.08830938417267019,99.62339969210049
1091.486837397755,0.4712867182590378,7114.533159269597,0.06553934522868293,69.88311864306064
1877.4608626303802,0.3115220872627066,9011.719994909765,0.09026161384249211,107.42741202254854
1265.600042588706,0.401521393507418,6408.927483022793,0.07545762691513536,90.78168082796594
1129.5149212828042,0.2757213089311988,8128.366061943793,0.06373071674078166,134.92596872684504
1888.7480798689771,0.3984328626291572,7055.783189776534,0.09763798485108272,91.57341333886524
1955.6514982297533,0.18192060997566678,6171.65895983004,0.08825311988557497,94.38154178820503
1862.1276172654507,0.24842589392141257,7571.235571414293,0.09928430369368235,109.21749893424126
1809.516074724878,0.3536911995254459,8987.322451863116,0.0682234949206102,62.317000407694145
1655.2419806390217,0.10726318624283154,9162.46185028072,0.08246098167708193,65.6795176706281
1550.8573706091393,0.3889845241355816,9232.597659386183,0.08057943389318634,129.02377472272406
1086.9867599114102,0.4342142005072668,6692.789062774897,0.08437783705344015,77.3418779139547
1408.4532130706987,0.2596566644375806,8967.280323578765,0.05191582830206654,118.4696928928456
1372.688517012314,0.27917696687086574,6060.892275544539,0.06458596619386871,59.742696997720216
1259.7537837603263,0.44051288488661244,8692.125506214416,0.09546687868954037,132.18466603180133
1723.420113688585,0.4102618541304134,9741.922131363084,0.07119100274361134,148.82281109189572
1495.8757350787707,0.21525979561335,5068.719173454786,0.09803218395407737,87.36909452077843
1081.0462159076478,0.2295904426246156,7201.81965589399,0.06067515863224879,100.55301019148968
1220.1832019498113,0.3715512929562387,8238.854942070022,0.09987119867405447,94.27119798398023
1683.2587636595958,0.32527923697926453,8508.878852437765,0.08487904544797661,139.41877486390234
1076.1308594903003,0.1648918284385988,5880.438791346011,0.0888196712033244,50.99340376968796
1851.2069140487688,0.22397196369166658,9860.916376192963,0.0698430586101268,115.34593211638361
1495.1465270139743,0.45999331075146166,8076.326839854864,0.09535040606303105,115.23682728035328
1480.586577326648,0.37526977468890543,5821.703006141339,0.0772731450479311,88.2385008297953
1592.4077846595176,0.4943897270742078,5102.612558562577,0.08404691901123176,71.93336421170146
1824.6809659251492,0.4068050119923078,8916.32099394888,0.054740413566814305,73.96826814150357
1347.809207902193,0.47678977285743607,5398.523697227295,0.08158403504464468,130.0464121213891
1678.0161525590636,0.18647542954819019,5705.254605351182,0.09395394941310783,56.6103096374959
1565.731963995791,0.40859394992677034,7874.150134278453,0.05891416141079941,106.38241462743589
1267.0282701694214,0.10808700805911897,8017.527517248099,0.08688629673174231,80.68406029782656
1878.629986355158,0.36830400868461355,8434.435592961992,0.05127003794973273,76.52478124683205
1797.426021606928,0.28771291124809656,6967.570063318104,0.09631015082812595,100.5737665531036
1658.4518346584255,0.23870402876802746,8869.493344834114,0.09914585580155932,139.7861506279767
1850.5817290942418,0.4449617409172356,9871.792998079443,0.06770900333990473,111.80919190373308
1867.2942009598023,0.44170707706301227,6355.474715399415,0.05535369248576674,128.86106277553236
1708.3629767150346,0.10892068195945744,8515.14308268973,0.08292881840815725,110.0683779262881
1837.013328363672,0.3438020489797724,9642.343261975784,0.05149172570737395,119.77157798727407
1697.4714616692836,0.24713288972838257,8431.433813085214,0.07412431406485934,93.24076487932956
1680.1407717603004,0.26626440060017964,8405.547493221296,0.06358895875689433,142.5981635208184
1618.6113782151842,0.43281629568751046,6118.862845426032,0.07366695269764385,100.1939020439161
1752.7166395576412,0.22393590861107132,7675.651001598464,0.050913775736917855,105.1774669226763
1158.6051052930736,0.4772195242550481,7812.614218022901,0.052580609153535324,102.49655032548496
1880.8707591989285,0.17185353054885633,8500.647812279763,0.05079879144216912,81.61890201649184
1871.843527745232,0.3650889693472711,9984.107249480912,0.0809565935023557,73.12384355991857
1029.2472830345591,0.36884202680550593,5168.219112718811,0.07800464588376044,57.3834964115555
1825.8167505647625,0.2008780645711673,5326.163306337434,0.061657899926830226,121.81749820025486
1128.869867473445,0.2299002435868808,5389.750347154593,0.08233215644520106,78.92752631703708
1335.118854259142,0.43391939703197624,8714.895672444783,0.09421036284474876,88.91979631956072
1743.5082562916077,0.404722101981981,5681.768975553788,0.06386610505130569,141.99281627262127
1160.7598960483083,0.23163835212590383,8112.259372451726,0.09159969039394938,106.64473494118737
3144.33530150885,1.422841273481914,2237.5506059929503,0.3621429776840462,302.1141243519992
1832.134177957742,0.12467211850123819,7286.5997810535555,0.05169102215864916,129.96119128238496
1507.4677337608362,0.18349835295945172,6078.3157990870695,0.06875749479147172,75.61305991094554
1006.3858717168335,0.29432822354415966,9330.532806522711,0.07538786079295086,105.27058426461825
1287.0381331749127,0.13438949411168466,7930.751620815132,0.08658495949773606,100.99814748639906
1616.9269183757422,0.43733294195677497,9722.816317911263,0.06435652791267085,73.80788423518807
1981.1861780274235,0.3872024840430591,7872.981248521648,0.09913650524289662,61.5771034794581
1631.8135270166683,0.47745346825939794,5619.540152984733,0.0842269870252543,71.12616064949681
1259.8035810641597,0.37738676238561086,5854.352169192377,0.06864068385821803,59.73377995639656
1634.0057030996113,0.47616054890487425,9945.369881839237,0.0548512519538556,77.56280189521013
1539.9853797158555,0.321805022276386,8627.82598665434,0.0590683880135405,149.72975107374646
1779.8453951511437,0.3400874444247878,5246.393750145448,0.07438038800275784,90.20922652413824
1106.9806388269585,0.4907884218505044,8518.905025173324,0.07473476774791835,136.38883913350102
1761.0279025020282,0.3568516587457041,7060.8652340480585,0.08838593824106768,104.91776921290614
1541.2665786761104,0.11231462754429865,6536.041934115952,0.08630883127861264,116.6583079333733
1962.9920038589946,0.3895211106522093,5770.303968652672,0.06006365192589087,65.63479697505562
1341.8721660386861,0.4621874768549663,9199.519772782827,0.07974783102791326,77.48058674219754
4697.146362432799,0.8139534767455732,2982.3854853046328,0.2963324702809893,347.2252146369807
1932.0281055100174,0.3335333090501691,6449.177311898202,0.06992736996921667,138.11434342268404
1102.5097279906793,0.3685214052374065,6531.914469128522,0.0882052620285803,54.28880358849402
1937.2284872364512,0.4960767157006687,5804.526419817502,0.06997542966435832,100.69199595657209
1687.8857223008133,0.13626483540373535,7540.924416434351,0.09177981199007121,55.10122125084299
1067.8370591051719,0.36689793145329586,5058.513134054463,0.09880776450626408,95.68226764492826
1300.9635669468162,0.21335907782823754,6504.877577052046,0.08036063013496829,112.88681593326368
1708.1720886452817,0.356036158634468,9668.14722016532,0.057250203817087834,124.47231914283073
1067.3506014687716,0.3430494303535755,6552.647846710029,0.06898386039527055,63.85320052606267
1582.1704601762733,0.16138273284326485,6802.296935533758,0.05047416775341876,66.65752834613481
1345.8830569529568,0.18269865829609566,7365.825241170358,0.08013629619203763,97.00649216917907
1620.915517767477,0.3486518312172854,7808.466874257374,0.09107842504868992,149.8036457979074
1045.7420338125128,0.15129197892150967,9043.54322410372,0.08149700394615214,85.60468356567634
1871.5368061523764,0.20607235005212915,5951.606115780088,0.0893043114591725,92.75274273629103
1973.488969177397,0.43409821909520097,9358.731885962785,0.08999519636379434,93.24467428145516
1968.8778552856916,0.23083660240065546,8787.746785719446,0.0925506288108732,58.07008213570954
1749.6518317429247,0.29522406250786515,8613.251673307775,0.06333318914987772,127.41721452899954
1130.086240130632,0.4764561340583361,5434.022868573176,0.0935634261410211,75.31015244261074
3469.8341599070754,0.8283050389204889,2907.8097968995107,0.30045638063549085,271.7943855697341
1024.5869164588016,0.25585040694320416,7970.06350454042,0.06448627782972435,97.50898788355907
1022.1235515289973,0.3425831102174183,9315.669812615806,0.09936473574981305,111.1779742219384
1323.6102191495413,0.4021355718015889,7922.207320703179,0.09750911968658346,55.397163649499625
1488.6431904046658,0.46066135468508207,6066.174327227654,0.07872204916031997,138.99656844165662
1770.407417807793,0.46618919502940603,5452.599489746066,0.09216041891997818,74.38567694197133
1683.2953766065052,0.41065602974904925,8497.982264088674,0.06307472443599359,117.00953875008369
1445.9027063767483,0.1913323346373242,8608.851386589047,0.07080184983054451,129.80191120661618
1273.6266662816658,0.10992373201702632,5862.658503435543,0.05919858803719169,104.00387172831971
1997.1245001577113,0.25350957214224956,5140.951577482681,0.0760051321314624,83.73340220786241
1426.181302235973,0.15661954039512935,7041.417566115985,0.07480007150358327,147.79033744810766
1451.3870243296756,0.3841550589753192,7913.59351066511,0.060640661298078324,77.84397132706957
1163.623821191669,0.36445223473028676,8530.012047835957,0.08364008468580489,144.86623371232704
1794.8095487499295,0.11758865664858194,9049.725045764513,0.05588951477627063,65.62241336847318
1693.6822257814888,0.4346375116523805,8052.687136533661,0.05308457255348556,88.92221315223435
1220.7696127887605,0.1994973065164729,5554.403042992425,0.06924524843311931,63.849558414730225
1082.3810456158426,0.2728908301964169,8412.908360712074,0.07049123888923525,50.2240473073696
3106.329652387613,0.862454336300867,2567.2198123117873,0.3284494604995203,290.25788237617144
1654.5112142811354,0.27176751474090133,9527.92292298702,0.06289733187891253,58.721040091895475
1273.2595269982094,0.27651512111997734,9358.344546347564,0.06693881725047653,148.63455230903472
1950.8635622504103,0.12625119813429617,6510.850766791704,0.05816877869760515,126.16533179518026
1151.0578917809003,0.2605774197040015,8753.940882270002,0.07017262345664388,50.37047963220088
1432.3348010426018,0.40593915728799346,9255.517229825728,0.0952301686758722,72.3646584823592
1943.615920167599,0.4660705348746391,8391.631023156315,0.06122134406044191,117.01242412837169
1419.7273169261223,0.26539885482534875,6252.808782839902,0.08422255521751752,89.85521131647545
1638.5259476640854,0.2694343307516316,9769.169859374791,0.05708922551989197,133.18425630442272
1397.5943979627943,0.38105084252946086,7254.097057293379,0.06769533120051155,100.48607783757316
1274.2152023486701,0.4771088004421107,5649.027793329397,0.06605873902726282,115.36514197324291
1983.9776479598281,0.2068243760957441,5548.88947528696,0.09685146972041639,109.70373975944807
1409.334006315043,0.2760576826151747,8237.594936495228,0.07139910279009046,113.81689006236343
1894.0992036791345,0.41838929742092046,7188.548232083696,0.0845232971890692,73.00988538271801
1229.9546058910862,0.3438774277496154,5472.419375894818,0.08012314044856647,87.32894392061917
1213.1047040250833,0.1442345375855819,8701.822860780474,0.05705150376423807,55.062925286449136
3733.0039247133354,1.3805388916049766,2600.6225941643606,0.3726001745554633,257.3485544769491
1651.666825375885,0.17469851383893076,8627.078153932256,0.06729346459278816,95.92584620757756
1368.526343723761,0.3040863736313617,6011.304388420064,0.05223791778918249,126.07161490190722
1864.3582498396372,0.31164130706417537,8448.877279980346,0.06502218534220938,70.6382464621642
1473.209906691557,0.4504813448899939,5053.614014471926,0.06678168629411631,93.68121160678018
1968.1934279147217,0.2849977096049753,6525.560698392046,0.054637266368936364,68.07454330573862
1185.525515703121,0.2117769688943577,6994.107657037719,0.08099887031899715,111.3979225248442
1868.6231679556108,0.19238653928641264,9176.234744427507,0.06733821027707727,134.80302565114522
1776.5968527917416,0.4497007506737345,6951.971865347021,0.08145673031654854,126.5443248448985
1770.921844644052,0.16840434176729135,5056.347230946992,0.05033702817945336,144.41979726308873
1844.7832281168876,0.27034742435325754,6761.732059140048,0.09910241994953763,147.1725781863591
1761.0239909429988,0.1748692459707788,7494.620491796436,0.05852581792723408,127.20338675819906
1626.2203216314153,0.4093216160457501,9745.023933363867,0.08296654933524683,78.68060853802587
3508.8024411507,1.0213278713193643,2592.840266818231,0.2255924144804107,352.4713584842922
1032.526179491252,0.24045747622272484,5904.3701911070575,0.058580417487373804,94.75490345489436
1920.8478478156867,0.24443985625058673,5925.732708697258,0.05558561410512093,149.3883694577121
1616.650314520738,0.4408856826891918,5816.9072823227525,0.057628859592240435,91.26680208171554
3056.342697643561,1.0392968471662054,2025.1417037779436,0.30636935525121617,277.64915393480896
1481.5223515125501,0.3871471404525054,5030.1102018420315,0.05841160589964545,144.43428777832412
1117.3081889623945,0.45881540650027386,5635.885990959387,0.08369997134780408,88.59179775960227
1125.1857922025504,0.46069667041625684,7689.798158220495,0.07104166018630337,119.08988872276309
1685.5652872289713,0.23140362173514528,6237.810334433828,0.07688957972576815,128.81529786145867
1430.3058948994626,0.4809805052585542,5461.78229119631,0.05236683944045792,134.3155902059534
1200.5247267003367,0.10995035280584219,6799.390061669172,0.09306244815503617,132.12803871227902
1491.594546741437,0.2507342244064663,6371.038025301224,0.05852857766030961,133.62468629999802
1064.2089370751341,0.4583195430035366,7555.5215325714225,0.06800761657275442,116.76534275778808
1581.971401914399,0.20985475192679318,9896.167969150978,0.05359508199138835,90.38310692724599
1268.9934044350975,0.20923258012852736,5621.523184074592,0.056839656732416484,116.72868540638372
1797.5591006371883,0.2210489140327555,6863.633524170472,0.08328997049878308,133.67343340599132
1310.3619589235736,0.3449253539387689,9659.925089362372,0.08462935011278444,85.0642464624421
1455.220149081801,0.27533311024574153,9384.365217469112,0.08384827423126762,79.65079902920401
1011.6205399081007,0.39069393454133705,6971.355173921404,0.0776068393923011,84.37072171051635
1072.446887794559,0.4579642570258663,8494.766322598683,0.09762608320059533,105.12833960293685
1392.4935564066848,0.36967974997714426,5439.285067906728,0.07535885803842883,55.244387481394455
1479.9388347171234,0.1817866880790302,8562.705277718076,0.07247060146482233,127.89708190168399
3725.4132292107793,1.3356013886160576,2132.919354710336,0.2623458154006254,338.93204998426836
1291.6625787093033,0.2057971493389914,7687.440764170959,0.054942476463330635,63.28386567840988
1694.9818861265426,0.15995771813126325,7492.451135172071,0.07740774649830895,69.7659139356105
1860.1223971892045,0.13598691154438436,5936.593098509552,0.0657445093346414,107.69274349724984
1779.85098889335,0.32535349626646626,8168.94099453646,0.07620126915952577,78.55683758039561
1039.6188253483572,0.14550498499226072,7952.186403894575,0.060305953913023985,86.80903289865523
1480.5069472578289,0.1555103536450523,8259.665297378753,0.09190863361039557,143.1649110978128
1104.9301784181748,0.22001219223819868,5130.416433423609,0.09998486048295346,134.7202179976985
1242.0450158625274,0.21266120387378554,7743.617441745368,0.06612017550603248,135.21905331047824
1986.6625932671463,0.34169580413285694,7974.674217486865,0.09211638036301649,107.76418333259878
1142.4955429015133,0.4266981117890726,6037.650677064011,0.09364930681962037,136.64661472904805
1498.8881534513562,0.40453986248115703,6041.66428744268,0.09980368943785399,127.85658253405535
1618.1557343181191,0.2049937818865907,6381.0908425547495,0.06713600648889897,145.32368029110623
1702.4649705441038,0.19812419919439198,8558.607958636188,0.0878020696857053,56.43684050219156
1559.6486834869143,0.4863166120427871,8031.330317661858,0.061440450182099274,52.87271336539329
1009.7708474191836,0.10329449663678406,9228.813230589023,0.08123980006460717,67.50299407238911
4276.482181168461,0.8479750819925805,2468.6813346565555,0.31447810842462615,251.42766107613664
3664.3997431996804,1.1923127707752388,2732.2985392667756,0.3242605982269027,374.92862573599365
1087.8664991448334,0.47891372923590714,8718.530809916792,0.06035860842922308,92.61125176952808
1350.6269312091808,0.2369229139310079,6975.058350068484,0.09243627852480975,101.27110614761517
1033.2031087913665,0.27614070955730097,5476.31032812728,0.0710485930196271,132.960458822767
1078.5784971550208,0.38284824557775243,6284.918312437412,0.06081847588672776,142.9109995803924
1396.923276201596,0.33506762058930417,9783.841086074252,0.07712655441859509,122.96988343109099
1132.7157540430603,0.22717573188272913,6551.816879420397,0.09316785648034712,125.98478329372963
1567.540848261558,0.32153236634712945,6649.504800745322,0.09835439548890569,82.0378044163838
1689.4649691372656,0.39228275374515453,5947.944655488585,0.08741039108639373,96.70351952745392
1800.586699109083,0.11693397836099684,9034.253005693827,0.05028114431356812,138.52101934711658
1200.15024424481,0.10447972210228165,6378.221151211386,0.05673503802329781,128.59341100725777
1167.4825822590697,0.28322677562915655,6651.291241844278,0.05381369932194329,118.42709184613477
1104.5678403344002,0.1527346471214057,7071.740542158133,0.05506068714969424,56.52468358881204
1636.4302495436368,0.36573771658588583,7168.641398873049,0.06915174780098876,53.950721945395486
1706.4757264869013,0.1856209824909737,7056.703952075109,0.0669246657414314,63.041094311399505
1031.5861448256421,0.27314044271826843,7518.718476873643,0.05568424906341551,108.13910991978334
1936.2122462436898,0.1790683747497076,9072.564398082017,0.09411176758071246,103.638684734115
1051.9712836514725,0.31939343429964984,9096.42520371011,0.08077137881661801,144.2690826547054
1541.2963353010705,0.14642138375382757,8991.565668816735,0.08982316544782246,119.47596400433964
1709.0605194509164,0.1092427411149921,5505.624195582437,0.06857746944277154,79.39726173454261
1870.9691237460856,0.12045265524267888,8998.39401637407,0.0705118008143784,66.14962938156972
4455.240740454719,1.1212536420412313,2689.4168911606876,0.2141437302625111,354.65547154047556
1801.7280830697919,0.15691448744437433,5623.6188502612895,0.07192133060492456,95.96241036890243
1339.450192542806,0.3833913012547341,9739.313858174804,0.08051886311775269,115.34694974088488
1814.8251137465122,0.1271704816891305,9096.989223527708,0.07464920039201207,106.5143606590803
1080.114846384675,0.14326414089407288,7762.052334340044,0.09189585030942252,60.7456346136635
1894.8166560605277,0.3035505005637339,9374.85102238931,0.09500695843049121,55.705838368182704
1547.5923761537363,0.2859483720617375,9946.823212759315,0.07348419266837997,87.70181897164136
4543.860711382209,0.9017172359120948,2798.1496809309347,0.30801739554881197,384.0396835077064
1452.3182845183,0.477934181208295,8064.49218490759,0.09725962097296545,117.37981129689064
1643.577695196525,0.4118434570169861,8772.135145799639,0.08675193215254615,113.22004091011617
1526.402660936113,0.3408407320509399,6160.694761826664,0.082006354302694,146.89409284639942
1731.5895217553318,0.28198412695720443,5835.6243075939965,0.0872706866811988,135.80995027715716
1081.6299820305896,0.24247141373136843,8797.903750075362,0.05379908911984615,99.65825257752878
1060.3520839905639,0.47883501879022217,6724.5239749705115,0.05338131638188363,100.00253525626955
1247.1032340101465,0.3411635245698742,5675.35178152967,0.05765603262904937,117.41292291126943
1159.5446801131884,0.3316290110743978,6574.388629588749,0.05737254837202663,61.40905827732755
3935.633488242451,0.9041134103059936,2844.1038084596676,0.3909985071236343,261.8408767781792
1219.2139873580443,0.11867912715404523,9826.138297528454,0.057870204114268214,101.8808101243624
1975.8652558191313,0.47807543190381774,8489.798555439616,0.09272628221332983,140.990487390897
1336.8957917711068,0.2254941035378616,7654.28158699867,0.0789048465464013,146.73563346522081
1182.1179156886992,0.2770356093297835,9844.365693413025,0.06841309481751258,108.16427399022655
1789.6985071424792,0.14585597743428275,9515.698702370904,0.05348112691126336,60.334864752477536
1658.707775500876,0.4347697319637168,7560.004283070799,0.07955138979795626,107.33458084199711
1498.195716453139,0.11105273314237225,9528.398176884904,0.05582664102960632,109.76424371659868
1555.3635509376313,0.4335963048396386,7021.523290313283,0.08716101252013031,128.9193136773331
1719.2017782722637,0.15611400511518672,6152.1033267831235,0.09013790483719109,54.822926699490615
3300.300595444489,1.138399890002681,2680.460673504605,0.21258786977863053,309.0857728233603
1996.333916056742,0.39190905493446293,8311.577622210634,0.05748014295704287,142.2770258336813
1974.7931621467833,0.16586810500292204,7505.3516035363855,0.08934313618702328,149.12990786786534
1650.325686346937,0.3263271971437872,8294.754235027234,0.0653913894629667,69.13826787592376
1199.5424509291452,0.2250625257420878,8430.37982131085,0.06113265713767299,137.0598992735035
1680.2282424312912,0.17129323956463338,5111.614364488588,0.07352783205092127,64.62505616306441
1072.1984089791758,0.44367287976444336,5270.197961739512,0.0961323120691459,134.11744345678972
3634.2801394352073,1.3115049579567735,2873.1058076155987,0.24042127240831906,301.4740740209276
1257.6828885112136,0.259417485746153,5955.1773888003845,0.09527892504863102,145.96252660491425
1462.6229567393164,0.16795466992264801,8162.668844022199,0.0526826654369914,119.54967509006372
1868.2725054083805,0.25322627043431145,7760.92869585324,0.054176185250897346,89.91106013897596
1727.169069766308,0.44864673853154013,7928.801791854456,0.08492805125676235,78.09733299081662
1742.7065211999811,0.24525148419585438,6512.276899155053,0.05952963307240878,73.52375274744453
1425.4933344480753,0.48064142499991525,8199.217531389484,0.06583103415983127,118.07923269995851
1345.9349925469628,0.478523559683355,9147.463182425116,0.05681864904902895,139.57910025768814
1371.0387629846027,0.15795946372293843,9990.356267961186,0.06661241345662743,125.49419696143437
1987.6495637360579,0.17092450140905796,9192.221930861071,0.06402299969462318,133.4791538016542
1040.1091914124825,0.44506962813275563,7787.493798399737,0.08681688194944918,128.13837676345372
1867.0314961224485,0.2571043675698877,5967.1479583997825,0.0851011694094522,147.91476664980195
1578.6754085723933,0.10174959291320373,8407.229380599105,0.09774635882141827,125.78049268263248
1438.6154191895905,0.2095487278821484,9688.26892778989,0.08622108425865205,71.02285184702738
1725.2576604151363,0.339051597278224,6059.332698661512,0.08474088765106924,129.15984654745148
1486.6689414247028,0.4197063863839873,6279.978102632886,0.08471019445313259,82.20693609848009
1873.4232380816607,0.15335544683730384,5745.042717058256,0.09414837278240881,149.5799862662858
1900.7018640112585,0.14421654576669415,8683.608218132009,0.06481183664377752,87.66726201001467
1421.7209268734555,0.46883706142893267,7032.807517118296,0.06500460545969022,79.27937558472298
1276.8277972350515,0.4004593471290331,5313.47819443192,0.08706069048524684,73.92159855089116
1592.350328593362,0.3359118403112314,9374.7499574514,0.06143525685750637,115.85146520583697
1912.3633456166908,0.40767471599837124,7788.359523512833,0.0956010002073985,60.92210883875312
1210.6621890056665,0.2715417445226554,6655.471460001779,0.07673908625434431,145.3559881732972
1622.9665835634828,0.40338229892365063,6719.914880305485,0.06500624640464159,79.43126786431371
1631.5602200925205,0.2487211965098143,6451.256100954533,0.08880499648449913,79.54006110384722
1733.113022415281,0.19763782899704097,7277.4008619632095,0.06561603149376481,54.60660957070591
1131.56768512726,0.3916053685171875,6685.208442440725,0.09816391585359359,74.60175178735741
1715.8249646820886,0.26786891686290737,7739.731520353047,0.09914946048624924,91.89793556762376
1909.032520665641,0.4925508417304779,8867.586261356471,0.08333981209830982,86.96063902242207
3044.664596046777,1.0240128204803474,2232.8954440659672,0.3087346705737052,396.3310166390619
1237.5433249238777,0.4686909682124264,6472.284463770586,0.06316044249666464,54.07438378391982
1971.3950940416396,0.4731850194268318,7643.705057698897,0.07577084811080277,80.05813736056425
1180.9769527094898,0.19674117882589848,9200.630799561255,0.09257237250489908,127.83309382631201
1854.3850933695792,0.4192884726352054,5341.031173713627,0.05924432484710143,93.87922853094713
1492.2778564480348,0.2732298020578261,5391.486334934524,0.05522017295069662,79.07753475987136
1247.231074403177,0.4670098908921393,7780.850340248768,0.05372387415945178,80.47921341479578
1870.7499012725114,0.28004970905409554,8195.575641949017,0.07534837811800235,105.44375764939008
1445.3052550026655,0.39772148693494647,6057.065078879521,0.0942350484797353,80.22926777390748
1514.8173539296902,0.28678696366551915,8726.10063345759,0.05211796213219462,113.07973198661946
1359.2333693997657,0.19112030228514248,8231.316885203638,0.06061607669967673,148.9454513725115
1592.9508514349275,0.17974005157787454,9616.446341181432,0.08466285079197508,54.11763977538057
1163.5238725850227,0.27017247770253827,5844.771009292684,0.09129317175718578,66.87367556973686
1391.0815366517606,0.40219786280568603,8756.871326790053,0.09036997646495848,67.9107545289024
1969.4123223352876,0.34202859407230674,5418.215452916335,0.08925340286601656,94.70703179320151
1258.1334327011275,0.3754517159602173,7826.462047589488,0.056489990040667,54.141871205337445
1656.7366645412922,0.212930540292777,7759.475697495729,0.06986187910914593,97.75215777425167
1325.1900642246949,0.29257413838304225,6941.925223233703,0.09923723314158733,142.89247580766565
1773.4731256866007,0.1177581059877308,9222.855738342836,0.09944437857940441,51.156408869270194
1130.8736607183498,0.42701296638324826,5021.853223930061,0.08012136959770941,86.4938867185181
1969.8210450785446,0.4959568648959499,7600.8970094926035,0.08546336023605672,126.08937721109648
1453.7895413836393,0.2627516250498684,6085.767749175937,0.09756418981426546,65.44945003338151
1236.0504633464639,0.10438546125261734,8717.493095582166,0.07249639306206053,57.755900252654214
1073.4967473300126,0.16791705582037897,5215.337131530486,0.056843342894189665,113.07785372626385
1169.7579050875406,0.36101075110016756,9157.773440907888,0.0834474437758039,50.99509090495077
1519.7739485560178,0.34483172728154365,9190.461133534758,0.09800511524502618,130.17704911697157
1337.0031764312862,0.4151458878342176,9164.330062017514,0.08486030469331472,56.68527535660988
1828.8833658826095,0.20155360438442727,5762.842633663349,0.0901660563511869,102.43542594203609
1430.887523661806,0.4054527662188536,8152.032592805224,0.07113744019853076,124.01277102277271
1248.71427258763,0.37519360860946793,5071.836795916948,0.054823157707242554,74.20109887464774
4348.089715588669,1.3059626265216713,2063.6346667641296,0.38344955181063434,369.2648394734349
1706.7772168854458,0.3181952592227848,8614.875967543103,0.09913274147177387,67.56227664185562
1167.0419079009498,0.1589095233993307,7655.7686544962635,0.07465921584971438,135.46835719350085
1167.6192162883176,0.28102580137423305,8652.957165483085,0.0506010295088625,120.5780291652024
3055.0645634509533,1.207521143940298,2543.056227870116,0.3058002711896544,224.26679008471717
1736.4020150656406,0.2684765519301563,7643.279160884282,0.07488899559855265,121.61207971309945
1663.804527621805,0.43582668259016877,6456.382459082227,0.09181341991459188,120.86181702086868
1474.6308757498139,0.33610134610387776,9863.097316114865,0.07742290710184468,149.77250981059603
1844.170448969197,0.17675068524094273,9285.589753119508,0.05508511418373806,89.15560235259125
1805.6701529500533,0.3324424978791586,8666.378479169885,0.08077847910659734,136.4853494142771
1585.3543643967523,0.3023933316628254,9668.738176248658,0.09987001381598047,94.6442685972815
1868.2712805132587,0.2594565340785536,6734.216522827369,0.051736889132297154,139.77602236169668
1205.8412100367682,0.14785217580642815,9504.399494940906,0.09208970987575221,59.16004990989493
1111.919619397728,0.26668346553889194,6626.191160533552,0.06177403978253825,67.53126301252442
1269.7496115169897,0.12910495049585086,8663.983598455765,0.06969331113560928,134.99543630666898
1057.0868560893148,0.1395076205595005,8682.084558882245,0.06863547558864477,131.9300324105395
1531.1695280010322,0.2663666131730864,5091.749382270467,0.09493985971345599,80.54337918569875
1936.6056922949615,0.2221525927873855,6805.298491390976,0.07522430944159192,109.67983181334544
1039.3435406685096,0.47021773034488945,5097.163362042489,0.07235871434172138,88.2699722102036
1122.1099140100268,0.2502823221521082,9985.460088051243,0.09090125544183883,51.03173493035214
1452.1990282834354,0.4031432488288401,5610.98380914619,0.05244535671524739,52.610412656712704
1933.875017527905,0.31209901054649714,7714.054478240547,0.054322815754761195,55.42563654815764
1316.1561049767506,0.3816342674569342,8952.781193813185,0.05108444284381447,109.40721543255788
3478.350749079206,1.157788364622125,2658.8638310786096,0.24205574814827227,270.16128440902884
1041.572859050392,0.47676198913533163,7425.263340477363,0.07628080685395906,64.39482983148905
1148.3432009620888,0.3120353987657696,8037.143804605754,0.09380110629341414,144.11311084438876
1986.6301229588469,0.43252962851409993,5801.023771977727,0.07492664514863029,62.131866708121585
1965.1186964360454,0.2460182773904454,8892.777299557692,0.06109097863809971,117.39817164248777
1004.9399809344096,0.14008453962020984,6496.682285946827,0.09025736865522081,139.41601828226587
1951.811785423239,0.3694846590883395,6055.1153816942015,0.06471619271163115,66.38296672384497
1639.1199378155004,0.1031038593349698,7791.443732187085,0.09678448910761045,71.47296822287151
1867.918294520022,0.29011719062620334,7051.5681382146895,0.06252119439261203,107.38135335759571
1454.7398556338592,0.1771207610665837,9601.42972318209,0.05838603264351434,100.84486863787977
1515.5960285792503,0.35095020177414493,9400.31349099077,0.0746661995755344,102.10274168862675
1488.84658025692,0.4917679492551409,7416.753316944416,0.05252575589851217,105.46780940180886
1666.8642575461045,0.2857611625282584,6796.318873627988,0.051820586424130885,144.99029159610444
1139.651254756313,0.42699930261026664,6627.589908156326,0.0748007272627729,55.383804196694996
1029.9735898726778,0.3031136747804484,6337.818115407537,0.06075534403973938,126.04485206948192
1307.929941591191,0.2983360124416097,7722.739268562386,0.050467631919759066,73.25064224067333
1704.6807627366466,0.4721693972715112,9024.893023672717,0.06480284557157609,87.36776701723821
1201.8534521229483,0.4559863474986726,6553.7830410177885,0.0738683676923296,58.9291122965064
1673.4324333249174,0.41432018607518983,5950.470448440407,0.06971443507302116,94.56267691535436
1969.9120461072705,0.21850230132671367,7377.419030916433,0.056773473308021155,130.42192522751213
1093.9007157894184,0.31800336628957626,5345.172083988333,0.07898374139159889,59.874033853295494
1672.6021182251263,0.18955889332227402,8506.395030648535,0.08551664955738186,77.56035982202991
1443.7502193045711,0.2775666792186159,7591.791331509668,0.08377695810816477,87.3061708677025
1868.1422543775052,0.29368522630391625,7481.874039864271,0.06968809606416362,60.38992030876423
1177.149789447386,0.4326560160677324,6502.226897750113,0.056879807558555706,126.23168099769335
4358.0624104410235,1.2170499783980384,2171.9112980560703,0.254476314346039,210.9141100106386
3218.798976439657,1.0275419026585784,2295.822636069173,0.3327340121247499,242.0310842567719
1944.6142194740232,0.10708177802929489,9349.120044435156,0.07343614244706165,108.38962048063182
1683.2480282896458,0.4447095359157419,6883.526012079614,0.05978405248707938,100.7238820854376
1497.1747640084272,0.16971147140054427,9403.117579875112,0.054652665154686524,76.25524454712419
1617.847240201214,0.3487527855561574,8643.807291661918,0.09719633190494398,115.51579672905477
1868.9049844787182,0.10998836017365249,5520.853633310191,0.08715047044384575,94.45634856555435
1570.6097466388296,0.2598025901042257,9157.681432546768,0.06564834863502413,147.07764060773883
1030.3870596968368,0.4943841208461399,8410.884168497525,0.06476762031025873,146.81794969744567
1930.9486955069779,0.14027744044152124,5161.509564576742,0.09476092433612988,140.52051318175626
1689.5267510315612,0.2694772607998569,5668.51341054835,0.058878411740482556,86.0089138014332
1676.5133857772466,0.22285998007598087,8178.140279178476,0.07675186448282723,86.7972455354059
3687.155260044012,1.0834545659471047,2821.1359956205947,0.21499885145922598,354.6809857283484
1658.885470232657,0.44773604316294213,8733.257164187975,0.06981951759828449,122.91349317414661
1393.8644056541584,0.19507950412249153,8601.227003874908,0.05199511712715443,120.43609698180437
1651.2329770414922,0.1324751148201725,8297.599773349775,0.06138794068597608,77.96110110841158
1106.5930303079908,0.350855357624447,8831.194508732113,0.0950904068721187,133.33486115544758
1657.845304603036,0.23454748475348391,7875.428529461864,0.07615594834197773,107.94205722629431
1999.4137257706666,0.3688337562424252,6303.956927622275,0.0907720623243985,94.68655742385731
1048.212038860556,0.11284790242712579,9561.883068653591,0.07778427713953087,136.54221241080756
1977.1741842213173,0.15335969407099578,5091.070154659889,0.09718010478561517,89.4209763782114
1406.9079607228705,0.37454889310905737,6832.808599357451,0.09545670377784227,115.39258118677655
1870.753450337259,0.18494826212099913,8644.351465485817,0.0741444021005201,96.5905182004139
1782.3854840582735,0.4430350703049607,7135.780205748371,0.06591370127181748,109.27378061710561
1567.016260986668,0.12343635508405418,5124.1720374000715,0.08008343936728052,54.05464716484786
1738.4492092513265,0.18619279311422987,5329.904515581066,0.08374438408347368,96.1115163176384
4539.916845769758,1.2199612443588,2566.9295200609286,0.30019068779061947,346.91882849321587
1404.140321651033,0.27323044103471705,9824.322997026498,0.09111416105475473,99.27193347496059
4658.137844119622,0.861649781912107,2214.0972606859764,0.2577881457044059,294.4596669738713
1667.5933855635847,0.17306521954280546,7533.789090118846,0.06672059153120162,81.11239747918165
1807.8459419412586,0.3439474939942151,6591.626065281336,0.08431881786832265,138.40765310045404
1762.285134776616,0.39044242734776746,6283.453369330316,0.06233419326937786,90.34619699068904
1797.8136488586345,0.22579065434660422,5104.924908781423,0.0719922372341817,119.45267322606563
1435.583314812933,0.4315588447903511,6364.774338202356,0.09818667733141465,58.67227280072977
1817.8342161750215,0.34136703138891333,7245.552204326263,0.0812937986343287,70.01540835688226
1120.2090553706084,0.2556492038460121,5989.748915244751,0.09745286173205629,126.11660111412718
1544.4890979608494,0.3230569573372635,5436.739942407146,0.08612207016242879,51.232868553864044
1005.7586604981216,0.3307043389743697,8588.639336273012,0.08623333848335865,146.85277391470993
1324.5858299002703,0.1662141170775464,9473.101345340336,0.07959285868451028,69.06289010632152
1366.4615348713978,0.2610929479467865,9683.860348435428,0.057110429740736345,140.13039862451234
1396.1726916092553,0.23737223520779727,8089.993642484947,0.0759857145443144,101.59450282262858
4134.440184044581,1.389743913517965,2695.6522157414047,0.35495679904256355,243.6887542785728
1388.5581012703458,0.40444423539410324,8704.313149808868,0.09993362771756402,58.4131787971025
1448.6936226225307,0.2930153629866691,5550.476526309432,0.06334809700506103,86.52187541573679
1237.5441308743275,0.4761264612957058,8348.74058843912,0.06153429217307243,65.62188607805014
4420.884053609116,1.025510378254063,2065.234387099866,0.2575963098787633,322.31525689757535
1227.2696272631515,0.26628143131397164,8629.323554132363,0.07554744066098151,105.07321456719495
1073.1959237684437,0.41478272419161655,9759.419028805652,0.05106764566272571,120.96669495843103
1603.448593381378,0.3184098373283001,8690.731422336949,0.0564766589496235,137.82781579231835
1668.2127985550162,0.3188112585697791,8466.048889909041,0.09055214709137563,96.81798162698607
1619.4903460096145,0.1213360652020734,6308.715860915512,0.07418459775737804,73.33603700806066
1463.4940438005724,0.25943986508738237,9623.843432179508,0.05730076074115072,83.35716614416495
1379.7857801792297,0.208293492968693,5897.719353970834,0.07326212814178669,134.70898129389371
1863.3336495718254,0.4997340491324461,9524.483057365633,0.06265745415412019,64.58634850787615
1519.081785136218,0.22334202825292412,6563.3127167295515,0.06117957305561719,112.72560783386825
1479.181877629731,0.4537986139175454,5650.817969388344,0.09788626382225522,51.308588384281016
3762.8338557355105,0.9307005272898375,2018.539208110826,0.26448887486421674,210.30761250598127
1341.2478276261563,0.23636656367683617,5012.477268004146,0.05232155523361696,109.14084975014595
1380.195618785857,0.31741375134964944,9160.441588404154,0.09851633363186514,95.64120400026708
1398.8227808969004,0.4362143519796775,6311.55921022988,0.0897419787386079,99.35494902432313
1580.1723692273322,0.4533473192123648,9423.606363778106,0.06272066532820793,116.05620504596061
1533.6025467268785,0.16415755000245807,8457.395911207896,0.07044459173526957,73.45860244185675
1607.9050927934445,0.23582925648326786,8330.91666425295,0.09311447872975642,78.08049403265024
1764.8832615421284,0.23408927208542868,6826.597815824217,0.06787067596616372,118.44582074278463
1812.9857387160935,0.11681791843037788,5297.014869453855,0.07837020210032995,103.8291407543869
1718.1230762264945,0.3392951039407586,9150.365491027886,0.07674284348323064,51.45868242588276
1955.5236959549347,0.44192802119687524,5854.51897588264,0.07006472743143999,117.03277952854411
1018.2325826763616,0.25262975513020713,6861.293209473761,0.08197509509068582,112.00920407522781
1195.7779856835461,0.3960143779936708,8001.7734275454095,0.07366453686509432,57.860757379827376
1007.5628749781421,0.35108016544029597,7411.268692803109,0.05106152458369864,124.75194948409862
1647.4747141546031,0.25025949419720034,5993.30317585659,0.09071915538239689,102.21014589470707
1898.030548949987,0.15642391979691883,5703.08178441142,0.055657789137685966,70.47472839569596
1243.4822965762992,0.38372954111038693,5616.231361251454,0.07320449654456818,105.93563681164272
1927.0345447963066,0.44182606757649623,9315.039407496006,0.07899503954637487,109.54585141710032
1060.2673902895608,0.3743417969605968,5157.797745306668,0.08527530270966455,142.01187291902372
1934.4360268055143,0.10715139361392723,9885.071297999471,0.07053982676439748,124.21444255511705
1351.6226872396344,0.18649315775639652,5992.643451927071,0.08677742435152658,80.19243544911993
1101.4208284492165,0.12779199395341279,5551.611484395391,0.05656750423592852,61.813296756419255
1485.8717591863256,0.32815443983049075,7884.858273883976,0.08267227741353896,135.3184072080781
1256.776567720508,0.402591071536165,5399.929789703483,0.09131694637928515,134.60676878754458
1284.8729019619227,0.1442316748274638,8012.266315817975,0.09447219864187506,67.53100147239573
1307.2899649262865,0.4353351282373541,9253.133224068066,0.07897832479769447,56.213118519788665
1803.0258978326633,0.3222035913581933,5239.490107337124,0.06564475990375188,121.18646498160389
4048.6730122786385,0.8535369870812195,2602.5231779248634,0.25356405809967436,387.76636599141926
1311.3076991560038,0.48856073944345846,6972.387204910594,0.06727793764387224,67.71437537053791
1610.3337833109185,0.13347239529907895,5797.45316915605,0.076998718657722,116.82118595574555
1716.1506742231936,0.4604896091911157,5880.482401337295,0.05981651119957803,77.89237446969288
1272.6240007335336,0.15044107839496373,9593.822718471132,0.09762574528465465,76.06170279688041
1413.5491015253515,0.2571835226546729,5553.028759703322,0.09485677144364547,82.45179340903425
1121.8860933369476,0.4405754785324457,9333.913935578286,0.05164785974327157,102.03963665168543
1181.1493495346804,0.46250169469514735,7721.223104918073,0.07809808991151945,130.44539233286227
1681.1178539649827,0.30254866941805814,5195.280894082195,0.08946543951233066,99.86437508896262
1181.4383476956268,0.3376418553101701,7322.3807285866915,0.06226959799670035,79.80426956240744
1525.1633836670603,0.3832589338394229,9087.247572381504,0.0761948116196372,138.39742987118493
1709.0462617224325,0.43310346738108574,8631.013938195501,0.07029959412046896,55.508995744236465
1106.876923094744,0.14860446781506648,7443.912088423589,0.05982731321090382,129.70914838980804
3987.594112272188,1.2492121100201197,2557.807088419022,0.2832623567254555,230.4501282740197
1256.5627837013637,0.2925104602046467,5601.823808901148,0.09968460877034155,75.35468101543431
1962.9268752375797,0.2802493700432676,9549.705266961844,0.06826436301399724,69.82951825202797
1483.5456467199247,0.2695599007987993,9232.206042416743,0.07761895041322335,137.47005614955972
1805.992549775158,0.30368463409841706,8541.38412828618,0.06639273408107503,105.88712935603243
1550.2265421562618,0.4780202213578414,9089.438710643746,0.09384743084012485,54.601135763141464
1043.4125328548191,0.31928150911686065,7719.07753421333,0.09323013502118466,139.08325164671427
1633.1513755940223,0.48127101530525573,8375.812145488335,0.058938669397398516,84.90059843556737
1951.403342206657,0.17211605224625626,7802.990353538895,0.09499744371190304,84.21565538100265
1601.6118201463312,0.38965439153305326,6777.142652539746,0.05757543555280336,114.32879371598733
1819.1888594267903,0.42489581544349886,7844.303986805888,0.05477199798126672,116.13109427985758
1884.2064633484079,0.3716515325339448,6287.326662659629,0.08264673078507659,85.33161208284147
1228.0797719489324,0.34276891209061616,7201.395854203926,0.06929520529349475,64.32789278968806
1212.0448399082265,0.3259251124344729,6403.877036301215,0.07653702967309355,105.22697633696724
1610.9809888509917,0.44437219303147846,5614.438947306945,0.08262853909687318,112.51791646752402
1411.0284698067048,0.4286586388658,6609.3092819495305,0.05264186188964925,136.02223650589735
1839.8613028667205,0.14891548847223982,9259.936090923853,0.06464765855454968,98.44399873650659
1900.0231233980112,0.43943506281235123,6905.403853211528,0.07304531558844336,114.56960795682218
1353.4213793027182,0.265627447776177,8740.018244844345,0.0633293704902966,55.44088278158752
1236.870558974482,0.20147873199832433,5875.989271190806,0.05244856921427605,139.4522900206162
1780.5255152438617,0.4479074272055704,7122.095795838208,0.054333828661552674,82.72158132067021
1274.8060355481362,0.2728099198534967,5574.280346675883,0.09008739343768668,113.22211243423119
1822.6143185136784,0.4233458760707267,5693.105316837448,0.0955693379606463,141.60516313132416
1423.7382536487628,0.2053614447823378,8087.1818994503465,0.057611665121522444,131.0525784364687
1667.5498992914704,0.10157172856888713,8037.409087245056,0.06246309786457429,113.77038574778656
1095.5353138346682,0.2981836771611778,6066.859536774311,0.08261247023655349,120.36078280700852
1623.8593246765731,0.14009130265715372,7372.115971443993,0.09771358880462236,142.0905115964976
1451.767678737229,0.40175038220996384,9316.53083488974,0.06497948545666356,131.2093180146795
1586.608463175474,0.21043005442776416,5871.007543382414,0.09276068131180007,110.9859060537157
1168.0142077448634,0.2774582586413915,5096.052665367574,0.07530123222251883,115.87027062096263
1736.8737449441821,0.13481342603662172,8259.975703317861,0.09782793195403902,64.7268424165212
1862.7970775432286,0.21466369937890106,5267.491040443425,0.056812933121409566,97.01676797705997
1216.7398000907756,0.41259609730342883,9899.70119286223,0.09868361991039933,80.09976476836664
1095.7145555201616,0.1606351647609278,8048.101418994405,0.0720489313914754,93.19706344999163
1023.6385860463364,0.358863824450783,7351.981764219861,0.09764691952131309,116.22468735307562
4498.754036701883,0.9471038372574638,2813.9795669675896,0.3134100853787688,363.33568531234107
1607.0940360887807,0.37193470390308814,7865.3532925846575,0.07650410670602892,51.73759636612569
1546.69741271407,0.4244086757168908,5453.1221836010745,0.09023875048886605,89.69244032327296
1231.9470961159755,0.14358865172156632,9650.095294097478,0.0861314250369697,82.21843144880572
1390.9059959055146,0.2002927304008218,8128.210342759388,0.08098016602086427,92.04320597017073
1594.476335186173,0.45781554089623644,5919.892488054544,0.0708490011794778,143.12209203689807
1496.7668588591694,0.38604224544723575,7812.905268823314,0.08962191836998029,120.70841012148436
1987.7855202148874,0.35582153055092447,5666.282529165058,0.09741141666446602,82.74587745991602
1136.439752556733,0.36550669444868,5087.763587791561,0.05049054484715135,67.92788222367031
1695.1445540475938,0.26568022172185735,8152.584926069991,0.07939225482263307,111.84782942569365
1404.318768104292,0.1178226526470613,8242.416709350638,0.09329904644891743,115.75762515095032
1428.1996149256147,0.4137766168282916,7918.482914017078,0.08265562686727787,98.3622683877835
1717.5977656581763,0.37148529448614154,5917.416021800115,0.09004146289166684,71.27607746221602
1692.4361513243698,0.2891217856450899,8017.149292473836,0.09475305519244928,52.85552608365304
1991.2559937021883,0.45990384614730295,5282.554704622599,0.0875475507926529,76.56606974672725
1128.3942894541253,0.23446386599403957,8046.191777859612,0.0858508700682383,95.7170499290184
1104.1096493841662,0.21772869769249437,7770.085095538094,0.09823729456819592,128.79342864424922
4763.560001591409,0.8474240522696369,2251.663688514483,0.22150061980321117,246.84388809719815
1578.386917006409,0.41879506190359417,9477.37802876197,0.09076889347913869,91.29345596669643
1274.1606665598058,0.3059919242593379,9251.790526197683,0.05432016802359381,129.6124054683528
1079.4193689889867,0.15229389578314,9903.270957812694,0.0619514941569709,149.33528235511528
1085.6582495964306,0.186028588586021,9881.205164682875,0.07783780121625448,121.66103748522293
1894.1908746641184,0.36249119616352266,8861.598466868763,0.08547800524874069,122.85990316014068
1191.867324718743,0.25401649513616464,9782.09811088864,0.06516074466502385,140.9536501549831
1323.3715621155206,0.43458927666638847,9336.41942944556,0.05466640565604117,83.814412841691
3534.0189130578833,1.1615356322590351,2267.4368289045715,0.2833935725603503,253.65324133580313
1354.9963058319372,0.42225477010996737,5376.921273218776,0.08855145902902596,148.6977271675699
1069.4238427460934,0.25101816919822284,5245.249441349439,0.09387005146706866,99.0468077671024
1519.0597909082703,0.4154745716925696,9187.997837528852,0.09564518241721714,128.5677593162327
1067.6125635922149,0.24057666938827338,7448.279289358492,0.06894333395720739,131.24911376092956
1800.3565078223614,0.16684003510625356,9073.033421874605,0.06862692874300982,89.75166770800291
1233.712081910433,0.11335728194634297,6564.591353276097,0.07033537354858956,104.12730467223182
1540.0119146045106,0.254286685104408,6988.249291615064,0.0687904734710724,103.99155260626779
1880.0790875614582,0.46142372147891275,8500.93360505966,0.0833098303753605,72.02160093442504
1650.8773690471942,0.1955946351022706,9576.633684660466,0.06791616310659965,61.76389338942935
1532.9577865513352,0.18260526597191362,5438.80737239443,0.05101719683071229,104.35723049426255
3075.804054277618,1.0017415953167468,2225.800112642865,0.27999805023924573,282.39330174835663
1333.001913058198,0.11000164514023686,8965.063624396826,0.06120760330892939,84.60887238595132
1669.4869551981901,0.4143128601575018,6577.696353649273,0.051440356889231,68.60833316409385
1994.1393612211675,0.22854798229634815,6776.083070657798,0.07354214757670241,120.6916108282778
1661.8391898493787,0.11499518274786374,5232.307386109548,0.06029772795991466,137.20088534999877
1557.7834173700248,0.4671210160838335,5078.70305558359,0.07263709074198671,107.79146098521801
1730.6505102392462,0.15585693208383344,7385.030631788646,0.06388749933051432,91.01558071715975
1465.2056122837182,0.32071171349027816,5477.698227486552,0.08018544351402167,149.6642640821311
1060.1423426007852,0.20962168297181913,5970.009072076065,0.09954386934369798,52.12091352465392
1562.29681587791,0.12607712087387643,9233.835997633318,0.07736159603558325,80.43410842039228
1957.6252845053803,0.11996899426535164,7855.141956252262,0.0823447958446385,77.86731526470004
1175.3029423576597,0.14622267953453552,8168.162186330566,0.09596378788756008,85.62035980579196
1690.0048908206659,0.12854680555575204,5937.3966541596,0.06870002088625458,73.05957411585027
1200.9336886590565,0.40422324620796923,9143.309022272097,0.058327422489279156,76.42628354314559
1535.8276844730813,0.29422648091337167,9339.898862198737,0.06413986414652767,75.76771099173273
4008.305730467042,0.9495254264810888,2918.6216800764823,0.3435185470432165,218.82511853806284
1450.370936258185,0.2673475640528029,9562.788859393298,0.0822508840627919,89.1055277034431
1756.1633288952462,0.4715786942290493,9224.143124772909,0.05022940147148605,113.92801019849084
1347.571524238982,0.4643007250952589,8656.62088337219,0.09266916073834922,101.44011598676855
1664.9117244872182,0.3862705920490308,8670.379578468142,0.053804698652491524,68.34218523697305
1795.4499607897292,0.4538729509686751,5526.967369754317,0.09503275744592753,131.00449789345078
1927.1778194794526,0.2278592110350499,6354.180188478329,0.09747172606024494,97.21951983405572
1234.6420818554536,0.25244373040331314,5334.23609908838,0.0995051397056067,65.32315179059827
1399.315915809308,0.34548487274169126,5043.406046131543,0.09047550922034389,66.68798429286622
1152.4160133304174,0.3494503789189057,5791.547656919551,0.05709277629700763,129.6968410478956
1992.4835021583754,0.2926799352049364,9402.4359132347,0.08530835216125932,120.29931842231004
1927.0009679242953,0.2602631393751813,6199.370295180258,0.060166064530408826,100.65279525397611
1539.9571302805596,0.4944721246434781,9850.76981295861,0.09485639177902021,80.60815097523324
1842.0332943764213,0.4284494504470898,7986.45499780603,0.06583029628276724,96.0522036797076
1520.9579772720422,0.27399207915521806,6186.292438173452,0.06633979885375206,113.64835371380434
1623.5856880027598,0.39091699089582743,7485.654017421064,0.09588266479574334,137.92823174295143
1089.1244321160166,0.2078246773009838,6095.474113500577,0.05066155353918523,105.58678676787287
1755.270420496808,0.14006773049493196,9919.86779091187,0.05969830757417849,77.67352947737501
1127.7134836352348,0.24097241022109628,9236.324919524819,0.07109661332817276,54.27399146934786
1826.0676302525285,0.2611891200493577,5131.193943911646,0.08503607836550965,67.54550559167406
1782.028087670386,0.10661484982426833,9738.880157337357,0.08237830830223677,115.01776206624628
1708.7446977429763,0.42591680065435844,8605.325536514436,0.08347059375835746,66.04369668241577
1036.160380524762,0.2436773609556726,5411.9062601063915,0.09400110142053321,98.1539553143451
1303.1283559453286,0.33216726631205884,8353.188731632228,0.056051520614662835,119.89550154763855
1263.112569910843,0.1295852749083824,8234.633489828428,0.07610808481093853,80.82249014031107
1360.136407471519,0.1699987315002336,6093.943729037917,0.08627388445512443,116.91058898072862
1087.6427467638387,0.45587749013102397,8792.233500037877,0.08180592214620823,108.10720616478187
1936.9578230310626,0.3434750111531203,5435.323516564836,0.07241570599696338,93.89391069283954
1553.8022407123763,0.48011362006819425,7447.225906156239,0.0508557292936082,139.72454788842612
3441.918087517555,1.4690678476166492,2057.274266791157,0.25978277964506225,385.3098121172869
1396.9815170742834,0.24874404613323775,9843.687444473733,0.05594706634269184,86.05970331525752
1447.2025405048357,0.21952122563330986,8757.818158884547,0.06716138764176818,130.42645335255418
1600.5943333606174,0.4433424220636387,5794.2603807982805,0.05588267263335735,123.81022141696717
1515.679427696498,0.4994445708149817,6708.370199756415,0.07130411565313043,129.16839655081645
1919.3919732144172,0.351856493692983,5802.811889040881,0.05893209952927897,114.09559830409944
1496.9634829058302,0.418056289004609,8833.087320646573,0.08895830987631032,87.93706158394986
1992.1580148233127,0.4126983435261098,5294.481627138576,0.09357438083561079,84.85785156042691
1851.4249577450958,0.2421358832878188,9202.033277818571,0.06948237539840879,115.41513607592644
1208.5105143573358,0.3297081521028349,9710.981694178648,0.07556658826578194,63.09000079669012
1930.5952146439163,0.4332227765056854,8383.139714031498,0.09767481207804708,131.99143504985756
1116.366397885476,0.3752455505044222,6064.827250007171,0.07677538776743102,87.0335383998073
1817.4497084911916,0.1084655255928153,6800.450479067754,0.09975366079217125,113.03719893655489
1380.62329347658,0.23468226755901342,7386.199374044656,0.057106549684602735,99.9063914933418
1877.9743204450697,0.15779027863784215,8023.123861011269,0.09311132102983492,101.93264920246538
1868.0566901074503,0.19318888483121566,8343.315449058437,0.07486015013364827,123.80061462013471
1805.9254001176212,0.4621957909965303,7771.073576594414,0.05113570556248341,112.66700536714184
1790.0304363070613,0.11475731556430727,6756.569604109279,0.09861114707196743,75.03089883457135
1304.6791390980407,0.18792028478476952,9454.586402824516,0.0982523949871679,57.42259314237378
1080.9192830512523,0.2238277408952926,5406.960290089791,0.06916354200914436,134.02340673652913
1402.9801787651613,0.3467536287865579,7331.280271217475,0.09770710355429525,138.48940747518577
1173.5245149865086,0.3136406760343462,8877.824192337404,0.057050482111927286,66.44965329173186
3407.855227637728,1.0203548982452972,2847.9531432016315,0.2991699034265636,288.3397923248134
1346.0997265377855,0.16569642688926178,8526.676084056506,0.05959644934439173,78.23423819317324
1975.610200859915,0.19471921383844754,9098.558113766625,0.062332361816741386,143.7448560740155
1640.9720773453319,0.3010118506806623,8304.156492635262,0.08896687186013028,70.47773819306883
1822.4805636343608,0.2084711142844814,5064.68446137678,0.06886790422826475,66.6539232099832
1132.5246727418485,0.47904100064308885,5900.685135661031,0.05035637514143106,68.1838549748199
1862.0144822726224,0.28554608857153907,6710.565394459754,0.07071192120977973,122.98691760937669
1922.7571905133943,0.12351840661785483,6168.450178190229,0.06140346603164798,138.80198442464751
1487.061918818936,0.3917065623346534,9813.260701137136,0.08416649567791457,89.3367410633268
1606.2529377509775,0.23153811528359586,8257.969570568968,0.059722434836175016,63.607990436635674
1764.8098009029954,0.36139557282329904,6484.854786757852,0.09211267642182379,108.572199740834
3796.8430487304954,0.9084842138211771,2637.261197969099,0.3461192292335368,237.64036508998123
1502.5660764634424,0.328297496693328,8702.970997380935,0.0696514129141507,56.41514473652348
1398.6630277723132,0.4088610019229859,6423.03605913521,0.06490184303985491,138.6231378382476
1146.3739921622491,0.47120349670982165,6894.4078470097775,0.08219616739046828,137.0841276333676
1367.5344222915314,0.20445085777323083,5997.144291519784,0.05505817706131984,147.5910160259274
1068.1723093854935,0.2339427803995925,9855.36999132911,0.07390496863491221,97.40047549061329
1025.811906949487,0.2857065681143759,7586.482479450366,0.06672274076075291,79.40011982104221
1135.1662891548228,0.47086993509439556,9480.283437489923,0.09420689816441574,126.97837455704024
1963.115111589174,0.4605547427242629,6732.498855084239,0.05367060467871962,68.04949320839128
1549.529535895017,0.13595131204025523,9304.208015487378,0.09148475324664274,74.32920768162806
1965.82216115322,0.15277193030152436,5269.43424213582,0.05838402382649546,75.56826262073807
1432.497878330132,0.2982036709322553,9910.45158762144,0.05442888299649776,145.161940991218
1311.8161330852595,0.1426477091221694,9560.171835166513,0.0601161429061504,122.9822918831074
1506.1418628402441,0.238232349339479,6816.014723883274,0.05513264910059052,63.36947925821534
4920.922242178365,1.4324299886321397,2905.3920616587325,0.3881083220387199,241.5773497823376
1105.664684261744,0.3544161420527544,8761.289632369131,0.09941074764578907,134.28148535845116
1640.8263146902063,0.4797981726956647,9506.273985514657,0.051716367596212946,130.22743230447617
1216.0381825095997,0.4986935081177526,6536.274905644055,0.07305641746597308,117.09945780083551
1619.5879548978296,0.25009645299876593,7327.600026570748,0.0693035164553931,69.61006523966161
1650.2010923981534,0.3396050548458449,9324.998063030265,0.06698032071232002,98.02835388892711
1152.0248531286481,0.4425070614096326,8892.89727067608,0.06659318052166804,110.27259454572739
1061.349627110668,0.1469848291185536,6967.333593701396,0.09475063783132312,143.21375268403517
1780.7615860684398,0.37582576442078597,9228.62616456061,0.050948807510420205,66.94237401974107
1459.80042376932,0.2635374646900273,5234.770196162008,0.08874581936900693,101.54468071461136
1058.1637955054757,0.18245846411206565,8910.23151481495,0.06264665894029708,65.7751638878312
1994.8663171697672,0.2611014474989768,6033.829297168503,0.06916477554087874,94.38493405741522
1057.7805609963666,0.13038411478596676,6430.604539118936,0.07100749564242889,70.01349746309229
1695.0352288585532,0.37816285943572236,7466.074217977968,0.06523658770368718,133.61862083152113
1983.6789252634135,0.20109706749938125,7248.672505349869,0.0546779430917699,75.4736277637513
1239.1801042159257,0.2245622580179512,7602.850534349405,0.05571654244147174,91.71047162440243
1142.2493686871962,0.1484325192965851,7723.8779783601185,0.06490655620413222,90.77876524921352
3289.1437408281736,1.3826133357600159,2554.903484194985,0.39127088227977996,361.4763997537111
1303.2751475675955,0.29737771171309546,5876.13756508515,0.056731382639370595,125.77974647322603
1101.0458110106467,0.3288587511145601,8842.40614643653,0.08713199165729654,55.7575489015084
1692.1613416941318,0.32777307323794186,6999.88074543571,0.06444348647146439,56.70874571681643
1062.2917981300627,0.2641972458165367,7529.204312295295,0.09417324675560465,105.11972451307041
1509.4221281497898,0.1770119661752558,8223.48359175559,0.07141642377003204,92.77190273577935
1996.6968538529768,0.39805309939935996,9548.18961153328,0.05858616566486878,77.55842205368421
1813.9702695060187,0.15082250614306975,8537.7641557011,0.09929222250552552,129.26209382074052
1615.2194382310108,0.14154951611152422,5227.296127951922,0.05883172596149558,62.863517189899945
1306.2536207866117,0.3840580150386014,9192.801816990088,0.07838099106161348,147.4056912870152
4110.641546106702,1.0982194975878488,2223.7180421402186,0.2824737451631873,363.1195813493435
1527.0414639116516,0.22270910054113294,7362.4251268569105,0.068640672558889,61.823072461084365
1426.0833838903714,0.2900909868006961,9847.951682273004,0.09757442962745655,81.1316654275852
1130.7103767401995,0.2797405266918185,7736.6437117157475,0.09219372812058658,100.91490952555031
1886.6042152404666,0.38343165002599966,7298.079979359749,0.09149097804191211,71.61361584793238
1449.7846488213224,0.34937271737734443,6657.023823637275,0.0987075967714739,123.62151488540263
1194.622511820765,0.3577584649127463,8287.774379166694,0.07285546690981584,85.75419034259897
1367.7593508772895,0.385621732262183,6149.102102625223,0.054859288781001464,53.85383333969376
1414.129752528927,0.21704509096938615,5524.671092572022,0.0882727962724897,137.77219674406442
1827.5378955668743,0.22893332472018946,5136.185512921071,0.06904062897259669,144.3865673086063
1733.614380561402,0.27519909915822166,6461.900563576319,0.05951725759017592,111.85636224370442
1769.3048936413397,0.22298486921341043,6978.854160835192,0.07416236716101268,130.6536388570405
1011.0312644286472,0.4939751475883454,7760.383481406239,0.09628594700835817,62.11115386933018
1416.1539981797614,0.42562077056857184,6463.749125935032,0.05856785095073142,76.88202817866646
1481.3441516353237,0.16586187530241184,9920.297861927056,0.0924349407614871,82.52316876781838
1019.1922768230567,0.10223766235274781,6458.725841205838,0.07091024708075587,146.07531669484962
1259.8132087450342,0.11711330729890715,7204.876942232044,0.056840099035157104,101.22226399073675
1760.289823122135,0.19762538041717012,5516.380827659502,0.09241911519943283,50.741355881396
1137.109705728999,0.14571651433474264,6303.132566685378,0.09848101705957144,88.01858228700955
1535.3101314525916,0.3133352459570289,5241.660698944956,0.06456353579175059,50.775060086557644
1215.2018720172375,0.4431980890909435,7797.543167186641,0.06517681049210344,73.78057404724458
1012.1207746438932,0.394700088365291,8755.323415662158,0.06952729915199667,95.47000671411774
1241.2014575995415,0.1862436252328762,5978.54907168034,0.09070651822304036,82.33930554208366
1975.8737549100538,0.2597197024103144,6839.554689080354,0.05052085983697499,53.27342122851707
1801.5371118829896,0.30315768381251107,5083.081133635803,0.061197827586876724,61.63357224087794
1959.5766443210334,0.42408233980133425,9197.61027861106,0.08529499055531631,105.08865612227329
1487.8540439263625,0.43564864124246594,8899.817624658348,0.07028197252427631,119.56049043844853
1109.7361986775036,0.46388732476311045,5316.270154371462,0.06651478114840638,90.45490122329026
1547.959488973693,0.30369810020115007,6824.338046602056,0.09361414444510088,123.14817464249069
1454.377334559961,0.3777098985743452,9776.433069247476,0.09586669600731197,66.33328885151437
3125.790439712794,0.9273470621661222,2344.2871819050592,0.24004894291384182,275.2594941601812
1098.0825807842446,0.32611558398159285,7631.043383620081,0.06362752663271484,133.94537159432758
1488.2411370217783,0.19947672378845405,6776.214305051776,0.09562563047695535,83.92133484921996
1150.0486646939842,0.27268675401064446,7980.656940641309,0.08684827773636444,93.22479219444243
1324.67592689006,0.35362020332268773,9890.784378184111,0.05771073742442903,144.75816023172965
1737.3570773877996,0.20279437514151244,9987.512517405985,0.08051350141541053,92.41123279371092
1476.0181293687665,0.12087402311870443,8873.574890055956,0.051316740965349564,50.34901058519042
1375.8882851457693,0.104093542563503,7021.555490102197,0.08541890778854326,143.79719395498358
1394.4762785700354,0.10886381421780862,7472.161004144942,0.08667837613254692,51.4118633485828
1459.4467684059866,0.10333989500550787,6783.656640561527,0.08946692542974988,116.2286283729198
1785.0165438370568,0.1441420226231502,9927.87314952173,0.05862625270612175,82.28909095325035
1892.0846889402344,0.19579548582805195,8538.801529127019,0.08141249704737655,97.0390756560205
1955.3346865039284,0.1884886056729197,7244.657227167556,0.05894283424138272,104.72851676961841
1786.9033862552951,0.49471863767195867,5060.576350548012,0.0973325041694588,90.84600572955543
1315.4068957480126,0.2224024420835773,7602.417071952742,0.08375053463404172,127.43687871821682
1688.134706086542,0.15096831334375965,9919.64100850809,0.05476629240020279,143.0706409664446
1437.6031240553918,0.3182250176671032,7615.304544865259,0.05935161150029114,58.64120521188683
1254.6706220460512,0.4431829821590033,5912.1334274455685,0.0831730049064874,130.02528812349732
1840.8715794259226,0.3712241507150701,5110.468735523874,0.07383352480798044,62.86711409006451
1038.426348962325,0.21843283565418015,6773.518790621045,0.08681488331054393,58.02771832496077
1901.7619921354235,0.32464646391658203,9591.140278483035,0.06403943994628296,145.58314527221287
1461.4774646247342,0.3859423896801637,9982.770540879405,0.08289587684235385,98.9297781491274
1637.2014768082804,0.39124179694709693,9726.839874060013,0.058848008401521955,65.26032910092886
1659.3539222057827,0.3666153821190755,8647.099966271284,0.07718551316805167,106.99571132170897
1895.1177407065363,0.44832416991024726,7790.713642203276,0.09788997957749931,76.32371387695531
1636.6696821672072,0.4480421833376418,7953.4307319112595,0.08141111161454932,96.43090168079942
1613.9335847600619,0.33157462376280133,7694.960045459804,0.05249968087524583,112.46595938799103
1066.65204056069,0.2719425476444849,8535.246524614942,0.09943810688683134,136.92698288699947
1518.408021945204,0.3566281182260399,7094.366133476762,0.057843316482443285,50.308139826930834
1150.1690008170417,0.4272848005481853,8346.020024778827,0.08590345513485526,71.41406609159488
1737.4337687214856,0.10226084193647389,5608.060574786005,0.0766265019532098,59.627054291877954
1512.2219208126744,0.4967988036059404,6328.476532807419,0.0647180343902152,59.70977015590625
1680.2277792083532,0.1731575089316797,9180.015194043146,0.05886552427138546,144.5777413139905
1041.6729006023843,0.28809959426399046,9518.744653716956,0.05888511821383579,143.60829345150523
1084.7920160458032,0.4488118939371467,7695.041187801498,0.09291998406040802,124.93080797012331
1716.3233880626822,0.19001615961767976,5158.178086064662,0.09364562570817117,114.30630424009155
1072.0843359986734,0.2907180895601533,9634.86785395884,0.07325727608123561,134.7970446357703
1071.2567277652586,0.15303287207247168,8510.321290136431,0.0551810731462487,55.84087380905676
1012.1084752348875,0.25803053015527705,7070.139618776804,0.0942082551923395,61.94857931012284
1956.5013982994801,0.17085418191720103,7991.894715997481,0.07435082430875446,81.71129232963341
1737.508359459007,0.2454510995084628,7148.874172206831,0.07193812114334569,133.24923798965136
1353.2514085020641,0.24938568671708883,7326.696133660254,0.07036785122188102,97.22325427665102
1296.5355812876553,0.49726831583933306,9434.04932829701,0.0682507086929603,100.35747634376183
1349.7032297458495,0.49792521172150894,5805.421234585558,0.07630027018042972,72.92654296538076
1774.6535311811817,0.14591451146424497,5518.345677411184,0.08022706133058521,114.83874811735261
1661.3706110704143,0.3903875117313389,5013.643722565079,0.0733216101786478,138.78421540622642
1185.1955678674678,0.12069819186764047,6570.001878060633,0.09483240817275224,82.95142198584675
1174.1093353340843,0.11207680613487546,5737.068832422137,0.06588306142647488,111.9185939769884
1098.3956497133972,0.14213355769798575,6099.927475690556,0.07891559283933908,83.19489641118221
1660.302719701338,0.48619426280317357,5056.1949133268845,0.06499769600969926,129.27191118343302
1764.372662221736,0.476345419157879,6135.9770734385165,0.08766750118962671,97.49597369923171
1265.046428325004,0.1775711281122722,6663.557909661869,0.055106054966411785,83.94690222197048
1020.9449610309129,0.1646689342214846,5157.837482049406,0.05943494983976663,92.00488542112919
1082.1716674764273,0.19621403460637882,8039.520621485739,0.09006007049634754,59.122752139622825
3495.9285393361574,1.4404882817186506,2640.7623987888333,0.32907626769050735,242.67321923773477
1295.4447774774203,0.32788185281416393,5485.178892549626,0.08128731730973701,145.8069055338105
1769.2231478381336,0.18863737217577894,7975.0488875920055,0.09851217259520985,97.74141797354166
1624.6635688542638,0.40264911523597813,9993.269593044388,0.0761445306882983,72.13372080781394
1381.939639652896,0.22382126776106032,9722.344764057703,0.05936982231700347,116.46561990889387
1205.6872621955551,0.4688525302117642,5013.354966838317,0.06603455228463188,95.23814795411427
1121.3864181594065,0.3626890825826923,8976.891556651797,0.09117290382271191,75.23000808384197
1615.0129680388666,0.2745404777214447,6768.02638118243,0.0675830456559987,53.8433143490149
1774.6337806377878,0.41596480068113817,5318.256851673137,0.08617556795149067,138.9704451788512
1643.9042535411306,0.42716585041866595,6479.91606858104,0.08886750314420051,129.67343520450476
1530.3021332491583,0.21619264224357748,6608.682581564812,0.07505914236225822,132.90060576393796
1041.9512234316362,0.23588581753443374,7616.221196545284,0.08916066921831946,93.98397309313889
1968.488777594384,0.47438206149144135,8305.418836344274,0.06584515022141073,125.32553919534276
1798.7141916545747,0.16589641534530877,8745.27806104204,0.0758079823358203,108.12252638799956
1292.8220367009649,0.11686016678517369,6229.515212816334,0.08432791319860702,87.4775296413493
1979.9703293588507,0.28162212904381967,6608.852851242485,0.05840365736521902,134.27420881221798
1601.8815896363221,0.4204839600974516,6541.908534298676,0.06368109836910948,149.87575480444184
1582.4226582072465,0.4086672425242983,6813.684340604383,0.08260183016968262,139.928230727436
1748.073179429532,0.46781225156513306,9998.281544781694,0.08276800599147768,127.61919716863058
1811.7697880901376,0.31328026574761614,8889.71651413713,0.07466513232264896,124.75079721923768
1656.4786073315026,0.14002586862661334,9874.952326343486,0.08977926783910603,115.02488430168547
1128.0957463662,0.33547558973440644,8465.555297735285,0.07410274510024878,135.36174968395773
1338.2675059944984,0.41135824574128466,7031.3535082364215,0.09406611327068667,99.30812478246659
1928.0836403260496,0.13733124810793057,6948.720918134874,0.08679517154359728,68.1729510197993
1224.6156118438519,0.1690629604390359,7442.905724875225,0.06573474316516707,126.80497242692064
1372.1670238375134,0.10491626446226837,7084.348916822187,0.06976270042422777,141.95063741758855
1432.0768829441959,0.33746103177872416,9141.631230463729,0.08338433428849229,84.13522919304995
1439.404989694452,0.45469375677836177,7325.010065133464,0.09472263094117457,128.29832979571356
1612.9395824945254,0.36826532640083987,6478.07180105423,0.05893543663517544,77.37227030824141
1943.0758377447078,0.4928160350363928,8874.30134348326,0.07573317693709901,144.2600273358682
1240.692711832505,0.12521346099990463,9272.102046906974,0.05593922106621884,118.34609920137866
1121.501376300918,0.4612004340605985,7102.144780702257,0.06397275776600657,106.92759871823972
1197.4704898599373,0.4256273149546723,8339.04285952766,0.08429906796466212,127.98701579035749
1886.9249002092695,0.22569660819980197,5294.022669441524,0.05388673176240809,131.32311705575415
4462.253715121794,1.4449684653986572,2037.0727861188911,0.24867627005895332,370.1784152041504
1285.9067892391602,0.21517509926856604,5224.90568872754,0.09504055604726486,140.11195328474304
1815.9469389686174,0.45572188953128745,5145.9542024723405,0.09846851455092331,55.26908255535466
1861.369996363436,0.45229943082967583,8064.624252613696,0.060831610051275777,62.290760801279546
1846.514338690278,0.40306304664118897,6516.676911974935,0.0874448978303938,132.60608781872082
1918.9265336395545,0.32538818952514076,8712.685812277326,0.0963185224352765,144.60516533801783
1252.2410201733617,0.14800109984675525,9480.41280316296,0.0545684655424718,80.76718481239405
1755.0419287462782,0.3127886937985993,5696.955868651754,0.07070118042446027,50.86018184327153
1460.53949727414,0.24271850226197383,8622.61419289462,0.0959704883436083,82.27051890351979
1841.9985528900615,0.4168868132621407,7572.599991441716,0.06013937491274151,88.28641359725717
3194.0914536982414,1.2168929130706962,2989.5383341835814,0.2642898627562727,351.9557343361396
1776.4474464997247,0.46424500294904214,8257.963032403622,0.07635960355438892,54.75846656378391
1656.1618376810716,0.10593206497268315,8047.334015532364,0.05499465412687779,71.26402360926602
1177.4287694697068,0.4236412867292184,7578.209337003913,0.07249386583777576,139.39685861946396
1545.0269188969382,0.4753848212498676,9632.356022798289,0.06631305977335332,65.48204094514341
1984.6697395245083,0.41572017964326,7605.398480520083,0.06411020802759042,125.92476519683427
1937.3880664971189,0.1520777839481467,9952.575577251064,0.0770737787816842,86.1310415579076
1043.1737357970117,0.13251164193635512,7546.144069240555,0.0741796345375935,116.26602149213862
1164.8148157294372,0.10833809592308033,5579.260191506838,0.0740983579810046,57.384650330299195
1131.7287734545619,0.3514980903312285,7352.356255375153,0.05440708655515577,78.65579450860434
1725.9799099852955,0.35186906074395496,5911.643812775356,0.09011590905135683,92.47897374967201
1817.785329856945,0.49476548568728496,7985.667426087137,0.07407196576778977,135.7212626077789
1213.511366310672,0.25921726964163827,8465.660875968006,0.09104529143509371,106.34958576461176
1505.8526929518289,0.23276251395899872,7342.176393535468,0.09122973207754752,54.52252930776892
1840.7030280111999,0.349769970873757,5488.514838415741,0.06585676624240216,130.1866573326126
1732.8015447662506,0.43024346900303756,7343.206992917765,0.05021731519038062,55.452148895148255
1542.2372054918483,0.4747095798092008,5407.271073672002,0.09556228387290593,143.43665639919007
1590.3476904587728,0.42124966647161544,8410.62977753267,0.08803473465431202,71.17174460403896
1508.3605469162799,0.2706695922463219,8951.841124325438,0.05536259784117356,98.79261446570547
1297.5484513188205,0.3539656941248257,9811.901636135195,0.08508635170015508,57.22809687663091
1565.021992859016,0.4425197306864468,5744.010535642282,0.05100116343344403,106.17123862977665
1688.8853020500906,0.29624387532469576,7662.10167766652,0.051387953461034926,99.72287007284817
1873.3229158608078,0.18667465748215709,7837.686837677093,0.07629116197989214,91.0248534881343
1636.291353979248,0.1678893758991492,9612.382668904898,0.054801871461817336,53.557291703403976
1761.121537043158,0.10006309783122269,8136.383202982572,0.09821682612424595,137.8936378651503
1160.071634954573,0.3872951979925138,5727.548228226606,0.09469156133251314,130.26365988128626
1461.55747441979,0.1444388835383962,7181.756619815946,0.08249060156239424,113.30300203289909
1009.3316198270933,0.1975356398783762,8273.812642531253,0.05318544854191567,107.22299826339304
1246.678864521623,0.21915053260911735,8501.422160346487,0.06624176289035326,119.49464313698313
1726.4617151130049,0.3241519440547074,9315.369992952867,0.0685861498953022,64.39900159143673
1991.8099513493635,0.2591829109183077,5902.535599221986,0.07404399179143499,143.2644246316484
1099.178099587216,0.3698695968092648,9757.710733777492,0.05844514370032261,78.4673291504641
1401.4943158612882,0.12225546373148109,5295.697060077961,0.0788755821398598,115.64902724430023
1800.0709686991595,0.1495756777057758,9918.81067284451,0.07178853239546117,110.67556811419047
1204.0356346288988,0.29968460141330666,9288.835464332042,0.09736484816964293,113.66139797156086
1555.084949302286,0.23478591513873193,8301.363913810856,0.09680976148126096,137.89521230821123
1733.0712960296748,0.2183253451005439,8674.977501322108,0.07827369776699862,79.59112066506198
1615.985450260179,0.1268112316150091,5363.460029593982,0.08221746679952677,124.89481882526573
1188.024734615416,0.45828766989920056,5207.399314472262,0.05688982338868712,109.83910639391692
1355.3845686857394,0.3767274344500203,5508.828982756828,0.06116616194200858,57.606033095464014
1783.7917844853973,0.14864726272785977,5436.799073320689,0.09503577021009549,91.41546808819751
3473.452885797617,1.1083223730571166,2463.440440606776,0.31461735092630105,361.07664027239673
1005.2296135429127,0.4899490133724972,6077.2199355589455,0.05947150986415388,81.53473889305859
1760.990760028094,0.37246902017580197,9301.028186033633,0.07851051530366115,98.2263883312876
1035.311354940239,0.26698242843749664,7228.743115340361,0.09673806252447245,98.86385681536599
1745.7337827312322,0.380692416302314,8477.552382291375,0.06725855530809519,111.80098668058625
1202.4805601652374,0.40253271459206363,8264.365464850798,0.05929101877595427,138.4017859790183
4636.464250411068,1.494591772832123,2499.7481876071033,0.3704802686252322,264.0982109463789
1367.9407513020844,0.2911509222612231,6215.837867628645,0.07306326801460497,100.46168826401257
1326.931616338079,0.2719531032499392,6712.281426483176,0.07086209993313833,92.42672592876121
1148.8880503324447,0.10441123370756014,8983.291869249188,0.06337835998963752,79.59200901005964
3541.0257605624793,1.0180066481152708,2115.242286837567,0.3363738437814191,389.54818657166885
1876.6507618282005,0.3413231513555772,6267.693312595877,0.09228083834447875,50.817109240771394
1996.3343376272474,0.18126157487598726,9089.23221530215,0.07014951997183771,62.21047926303771
1368.3095305068482,0.46784136776857466,5273.7969305515335,0.05153066399485395,123.33444499161097
3103.517706062026,1.2996957469281136,2332.457758442664,0.20604994680738564,252.89909968286105
1722.0709382027371,0.49567366574643834,7195.5040287465545,0.05904290082900267,122.31792610922435
1886.1957804650747,0.4496226252555916,8656.451930329442,0.05713670350744406,133.22536107155628
1593.044334186784,0.4991137551280259,9637.306401217134,0.06965468059477119,75.46160168345301
1391.5256981778293,0.19787447524930904,8750.170489734519,0.054953846867231364,69.19442878630242
1412.6218408486238,0.4368998340796937,7209.826776556912,0.09787322534658326,64.53006326811578
1695.6181464968067,0.4292113235183058,5754.878407569404,0.05237695908906409,70.00886108824463
1003.2182636042787,0.1923761436882935,9031.754879027168,0.07006848136993636,76.71853891171915
1619.5893374598406,0.13937501960039633,7303.527634606858,0.058135135101584745,136.87498165405088
1355.4930104413575,0.49176820547103983,5376.561617285649,0.08444056607643781,127.00044132524326
1794.1973312770842,0.21840982060824415,8595.27698888433,0.05394057246072809,50.18443169182416
1092.9906398231321,0.4483567161871225,6459.259829582948,0.07734027871043173,137.41191420980977
1588.2022669483904,0.10165086186984157,5244.441147525926,0.08865507476009689,57.881229970197765
1480.9728898861238,0.10840992288784089,9513.755074870389,0.09750299175244855,115.52656175468728
1642.3255259052276,0.28634852347854733,7415.505460469551,0.08492637814847064,65.14747682168263
1064.8535944829684,0.19548587357402544,6404.805265865108,0.05497458788172918,56.22758105109562
1579.9837874281313,0.3759365133743857,8581.932789424558,0.05442602748570705,125.97706975211777
1561.4845879595237,0.3262257302271817,9429.511888412819,0.0865799024269033,96.7203113855843
1560.660094416171,0.1309943189801966,5001.535375168777,0.060766470250173434,109.90625133111591
1603.4876665964548,0.16505131852628685,8439.260925210769,0.07236196543166244,92.53530187974589
1676.4679372263622,0.2552197080233657,8835.058470092106,0.09883105506756795,56.71718625078421
1804.9889996807697,0.17424162558217327,6049.637136397465,0.09099533992019379,123.96181662869746
1269.8207201282144,0.4168889388975715,7448.119157050873,0.09232966786501004,132.03511211688266
1825.049410180062,0.26642809422131203,5446.429494589679,0.09303849523640394,54.14205430887002
1498.2556822634538,0.13737274673699973,8733.749412576737,0.08097726700607791,87.57171969839393
1077.058279134331,0.29373716090884994,9237.280092816763,0.08719669619312392,105.73165370701601
1058.5509292439792,0.13633527242456567,5540.933286623303,0.06794804573171437,110.51834227669173
1334.2383186960608,0.1515749221679269,9082.301267164174,0.09992231132864254,107.81529411412987
1784.8969771114675,0.19584393281128212,8857.850852422667,0.06398110848273225,119.29406539021295
1707.6809347409157,0.4438110820989959,6734.566601854486,0.07950037016517598,146.6816202419523
1788.6149646724066,0.4698450129331888,8451.447649667916,0.06410308391605968,89.0586521128711
1517.2690564416093,0.43050309173282764,5000.240619471559,0.05560355252800366,105.66235669555894
1440.1989979554905,0.2336308869671389,9658.988272329992,0.07837929074218383,119.9078629463999
1147.452526706284,0.20897857644353268,7751.916176541865,0.067667433543307,109.2423822077805
1328.1927536093115,0.3196622763160957,8101.694320309997,0.07916096337616939,88.67510300091817
1434.0193661738754,0.38874126421324495,8323.297067695494,0.07793392383324965,112.40792879498264
1088.6004296796173,0.49734911526407,7806.845086091834,0.07711283645717809,115.01115304401614
1220.6119527112112,0.1526282847515705,9283.819437697315,0.05616505610232647,108.49684753263368
1598.2252940637388,0.11971679960952178,8048.50916075772,0.07200903871751786,70.51106607523708
1735.6631142391898,0.3777423555981084,9538.799956202363,0.0906001969699396,100.5981358152432
1998.3475113929496,0.43289031340156225,7911.658111170045,0.0657571747772318,138.43568097607005
1933.1133313435575,0.43853951194656926,5855.612109902833,0.07219157526460326,136.86018780322433
1642.5651995351914,0.37138541963086424,9567.812779196514,0.0746915795160134,125.07879249960111
1421.248053294072,0.4816063216476748,8408.137491798883,0.09313656562958725,119.71955144372251
1636.1773647082327,0.30440190541783474,8496.19497217778,0.08277998846130094,65.3279137760451
1785.6516180802319,0.46552591933448506,9927.40875285801,0.0550101267418657,95.94646645044492
1118.3361909233872,0.4871248547966093,5375.982771047896,0.09325854929025107,61.09513097474941
1409.9048896962881,0.43886298280124314,7142.9630354758565,0.0916032987741045,131.72844496360196
1839.8022856356172,0.22390342530344826,6195.476964933076,0.08768229902995878,79.10432064397511
1383.8329519330441,0.1784862604681181,8152.132323568286,0.07330290091594188,126.6865864249094
1571.8722712271865,0.3192480259927274,9034.058418740358,0.08787726917429034,131.45788915089025
3199.7747007718367,0.9115170031848973,2922.2697689267243,0.35335374437401373,335.64741029984276
4532.888236135643,0.9589857160968528,2815.7426744405807,0.2840670561024151,325.2336777380706
1362.2354416522885,0.1400126684268615,8931.091153213021,0.09400550824862682,106.47290005073813
1334.5112887419323,0.20309602452460745,9585.257960201898,0.09452707925652984,109.81849147266962
1026.1967085320648,0.40071957780748346,8416.627162679424,0.07272892870937274,82.05822768226193
1024.1917638913553,0.13799465799092486,6213.662762248856,0.09296713396760146,67.69961913904453
1831.6970436757733,0.2283057656086801,8039.270755538957,0.05507286902538566,63.06362048237801
1273.0708099728124,0.25486215762159325,9849.760239085932,0.055090970874339056,68.20235211167714
1518.0787662388154,0.34903751862507604,9937.769144307826,0.077413347343374,143.39518874028474
1298.725573588773,0.16325305828774583,8211.799118583891,0.08259223092281345,66.44332542006838
1940.6792451153406,0.4442417961398838,9434.938789359945,0.057649688798920136,122.37374449285498
1259.2967588657739,0.2790168941865097,6001.746819243014,0.07360900224029965,68.46285433147247
1429.656812738935,0.4668086847522226,6230.393024761084,0.054718133390796155,147.52897702157736
3881.4058602216,0.8320956754253566,2765.240919157227,0.3998910159198842,326.2601492834549
1841.9335667918085,0.21001610357629336,5676.176877474039,0.0927547018376424,91.213642902907
1186.1014178462774,0.15673153147506996,5955.532190467395,0.08688194880097619,90.45115787821538
1802.6433097957104,0.10149803788451393,7102.742995600258,0.06891457762146357,131.64591840602085
1458.1868867378926,0.31286299399393425,7947.921438766752,0.09968968983185608,71.82905247421095
1482.968872085355,0.14286267877076939,8019.086094841358,0.08314674882330683,133.10247359056294
1133.4799724159438,0.2566911054524713,6459.880043327822,0.09076242172212395,115.7058854442081
4018.0010949077678,1.2429431404781173,2463.289147422461,0.28934823037075863,379.5208561874121
1727.9393069737653,0.21027435876108014,9575.499538039314,0.09947081455435633,56.54075458409107
1496.4611523552999,0.1700897169464461,6960.340265261862,0.09106798836088865,127.49925414389587
3307.953150267019,1.3571390601514093,2191.1918129818223,0.3431811423906326,207.91163183307805
3642.5411100114416,1.4078137612713504,2879.4474319295095,0.3057049983238778,358.255582666646
1765.5128989911098,0.14017616714478642,8314.979481994504,0.08410774145744213,62.97852773647391
1158.9081676693536,0.16223612975400314,6911.485074804812,0.07951109044035046,111.63645648075023
3017.5704695709414,1.2409857281290506,2766.9708167044696,0.3435383544523649,365.6030214680877
1135.3540822776856,0.11511368872489852,6740.1947171076945,0.06715058831418785,115.77024145572192
1751.3750860290456,0.49105293462018895,6176.925034766539,0.07143642102852774,81.60298144962545
1656.9551562671395,0.10185779323399552,7290.691814620699,0.0779048287445325,137.55235232204683
1956.614621083458,0.4494674622605326,8432.170659512702,0.09196417009609216,126.98053167487473
1068.9580163564212,0.22293007239509982,8709.833526571465,0.08814544588814516,101.02063416212808
1057.0547211512544,0.47543554327091864,8894.368241279813,0.055932793525139524,110.32930279384487
1282.1870746932002,0.2267781154542342,6873.660067265608,0.06227771250096959,106.63712269473737
1261.705683735906,0.3617225286136224,8823.179971424868,0.051332886246651374,144.66985773454252
1246.978799072,0.13201302790637467,5032.581578459376,0.050398028398279573,139.64132367792894
4785.331486933021,1.0611267809883402,2102.658813659718,0.3027938744391833,277.4061407757316
1249.5461998495061,0.4094717385917003,8969.522000663454,0.08996604740046649,76.27597777150451
1271.949726128631,0.31147434147152786,8150.223603206767,0.09523738290871936,148.14380721324324
1759.3982624179637,0.4711876247148179,7370.315620772539,0.06958841829492991,73.65607019528687
1449.73984245054,0.2715005633365417,8223.210033031746,0.07815992983033393,145.3479324482595
3663.5973139149237,1.0306623711504126,2026.7864158801265,0.3209771216457641,394.5011119582538
1065.3661575643853,0.279582174991295,7831.909003051037,0.09764683496258633,55.01094390410675
1487.5711936733842,0.49169931148079415,8998.93095730053,0.09564661186487158,83.57271994608337
1033.6136001832826,0.48393375255955073,9903.713626125988,0.052859615169069,97.61540719128917
1062.6532034553545,0.23165468222243213,8527.841010377833,0.06240829216046404,133.30928914504517
1906.437453344411,0.4543694681667213,7866.628819445317,0.05245722719775886,82.85854132753516
1139.2453711175951,0.4390445496862597,5187.429735626702,0.08082712104945257,81.05783121245464
1532.4206822752171,0.18427215893102514,6872.389491272937,0.08552466582363195,142.0263259028664
1411.0956026007066,0.3497161603133079,7827.213667575592,0.06541417061782558,57.903434540117345
1347.3433262588428,0.12907292623592595,8986.032858530161,0.09269259540666074,105.15212147149954
1899.8333456872724,0.4346842882333847,7190.523948237882,0.0726406375205749,100.42392698481032
1021.8233967754895,0.16981835340139861,9800.291378823867,0.09991907575485064,55.73347602225104
1663.789686175589,0.12832588055430583,6358.968763118374,0.050019984629466246,58.77592205193106
1963.3944342135505,0.2600876382155245,8722.835976051581,0.05547448542092784,88.19674329780045
1560.168183461842,0.3307688554398574,7095.1570854206375,0.06508966214676702,63.4161219344781
3765.0687494489157,1.2935391718969216,2802.4887465331385,0.34025882177288,324.42491357163493
1052.2578792860238,0.4896970102086946,9012.5101693272,0.08911697288691255,110.88888854071794
1418.7933190741614,0.27579700502794546,6481.076308258527,0.05263858939356436,119.13966845029768
1260.1577909620512,0.12417876919410809,5484.060282975715,0.08744898166469137,104.64700659207645
1730.8209649807297,0.3996462316103483,7601.277923067136,0.052628422939477476,87.96600158933124
1981.2970904972467,0.326069302489575,7643.973059018744,0.06263636323265229,62.975862660463555
1256.5300624442477,0.2791565379377853,8985.83886112687,0.09206384078292648,74.74854148070776
1654.1746014740745,0.22370755151687588,9841.596031160509,0.09755476471188622,91.94216770158536
1198.09763275974,0.3009594111374143,5276.503431641742,0.07072631713302562,142.41144834023004
1565.3302545716099,0.23547184178281239,7958.447368715544,0.09849694821562757,70.2600581194395
1463.9324866883362,0.4028047470989441,8406.392651573999,0.08134404618792712,91.33442309326554
4433.998598037124,1.487336628582235,2403.1895236056657,0.22446609923509045,377.87894947474035
4993.167626477729,0.9633973066413533,2807.3664468519423,0.29855747446312636,341.2415495876512
1349.5063720868188,0.3174175658597769,8562.253823559888,0.06476642600701006,146.5592594473943
1114.0957848879334,0.19530496533597203,7608.947056222329,0.06328981306801093,69.09012966796743
1151.2468287349345,0.4404367528928578,5807.619611496306,0.08282738384555371,51.65196115999618
1225.3169299512351,0.3228876179720176,6920.882776022087,0.06952436809840476,82.23232609872028
1250.966661340298,0.1827364152574245,7925.611625285772,0.05679590134724898,64.96926124827161
1850.6160578411377,0.34940312398248885,8626.001982978769,0.053348211764495446,104.84690523835062
1561.222788282525,0.24308670597697102,8176.997787395561,0.08939212881242387,139.87790552502338
1523.3909113743664,0.43776224491682636,8570.614009138706,0.08379553659011724,118.82268329725429
1114.7688718692175,0.28131989545861713,7145.762522759489,0.07058991123033018,63.57988563501249
1860.139693349435,0.39057654324296676,8638.136452855046,0.09481138175855283,61.609002439548746
1722.8143032084836,0.13821448305449488,5718.706280098596,0.07054283762212998,141.14498132754272
1067.6683619000016,0.2584097385209385,5812.931558815568,0.08551477357326917,98.76095498924003
1707.8350972297685,0.4932965745889595,5814.160729147314,0.09545576376036465,142.36729919892974
1543.538217342646,0.42338411579085933,9454.32478517888,0.09203577293542217,123.62177155430165
1081.7253457467782,0.16397632094677145,5380.170316543173,0.07555523881697895,149.3348460635401
1458.3006415286563,0.21110561979090203,9007.541863667378,0.08403181962233663,137.12277426609734
1484.696287130047,0.23192632354254444,6167.854490233685,0.07068328883636846,91.42121922618051
1165.7745401632758,0.3601462241981783,7342.149702476254,0.08235985861470571,125.82278275515904
1945.6981470002825,0.4027979037958622,9579.78297732839,0.0628776219172698,97.1228167319945
1849.975371480662,0.399810643523164,7929.686148437533,0.07173710568847767,73.30722930991146
1669.0223373291083,0.30394962252256114,6050.588431161793,0.060477286880091956,74.10292587563595
1462.2955610006072,0.42432821513526053,6420.450301594035,0.051909247633977404,89.73221444618136
1411.7655415845086,0.27483123310299007,9602.23311947893,0.07942699252876861,61.14662260121754
1650.973467150954,0.14955222611822477,7135.719625549891,0.09322146726753988,67.77662848886439
1545.4318694069054,0.3257767366615253,7934.927415033947,0.05127891373115958,100.0608683720099
1062.2731058818856,0.48092055384044274,7299.660983126943,0.0598014870364648,145.3922477361806
1512.5026487703317,0.4171974605570046,6892.190440242248,0.07300925296352101,107.7686342017225
1806.4036172328395,0.33148025907689693,6116.39563466201,0.08329484084211267,90.84967491880224
1459.2398775969582,0.3587222641396388,8430.95750242301,0.05856145968349433,74.27003198693018
1051.9565775542685,0.47222481081422907,8591.210131360602,0.05283474144853122,69.59013047064406
1786.278199384033,0.27133711777398417,6374.425458036998,0.07595243588634447,115.84070293788956
1201.3637821359744,0.23255765557705496,8945.054215274151,0.09093548565286544,134.83253174216588
1258.6208348880386,0.4908966260001796,9272.676001508396,0.05176174546563857,89.88559264391635
1164.7063534322958,0.44537725340413337,9603.375481198153,0.0674684725179513,105.06590463732829
1330.2150648714976,0.22921743384744098,5806.06206959185,0.08317573713966676,120.6726761249039
1756.751505688635,0.28551223894436917,6519.618418066332,0.05653710030512335,55.82955750555758
1519.3858595039374,0.26603125160311963,9301.76673751848,0.06179733884463784,85.08970474361834
1204.8812741507127,0.15963827146857357,5992.701014139469,0.07677463218931331,122.97528897621089
1877.8300781520409,0.4831277295253037,5017.342296217477,0.09766158481821091,118.46190265192719
1879.5818549515293,0.2617249724879035,9354.136551258172,0.0643671309121878,55.33477244160914
1870.578425046007,0.45013163305516324,6632.247208756847,0.07437637106103552,73.7818498373405
1238.7962113815393,0.17574249107226603,7072.48762569475,0.06999654315322092,117.99572144450012
1451.2393441809882,0.3191483242548879,7231.670128603189,0.094869833601504,77.14160423559045
1984.989656140875,0.10958455404970793,9241.373003336143,0.053594493201555786,131.44102939373875
1772.0124763099902,0.4056881935369234,6689.460722967302,0.07830737956703822,52.950485919915934
1027.1674212255598,0.33236555929851136,9461.39942928241,0.09230598495949721,69.0347029293445
1065.204591260492,0.3502358333879011,8084.69569024024,0.0994058788531296,78.13129800505581
1463.9313768123327,0.12068835302186139,7636.433620168422,0.08493627487609037,142.52898348100882
1909.2202058615603,0.18441533208344618,6628.072535637312,0.06899677378332623,129.63189563706658
1538.701797952714,0.12973234894143207,6218.558481405929,0.0705912176266972,138.41450865293177
1497.8125080342902,0.2155657263215247,8120.292213886743,0.06758411098713821,94.04791471772874
1105.4736999566305,0.35097560307286046,7234.470800282881,0.08018065499034768,132.256209127642
1656.780104724294,0.3264743937269501,9552.580049660031,0.08697028853591254,135.34935718467486
4154.661844648881,1.437517107976519,2230.70163306177,0.35647773521770487,207.08244523818246
1380.4200075075623,0.3197005085511577,7558.974583505956,0.0708296554841586,149.44618477442526
1775.6118509253274,0.20921151827034376,7083.616405680004,0.08583542511295197,135.12386292158692
1964.4766539008115,0.1978029989377701,8946.314984956425,0.09581112960148883,147.40969687447887
1203.7664591276891,0.15482387341463252,7124.195990546352,0.09604123972253527,136.64971086451655
1523.3296311947413,0.4396283499613969,6346.7099987487745,0.08520145013573213,127.62036402556079
1287.1379580845755,0.3465917434164978,9310.15437146755,0.0818451096406268,144.38438734645456
1792.8544190338393,0.1746044050016239,7984.141106826201,0.07657630377625034,91.981924458459
1577.5933658811575,0.1708837519284958,7957.551098845009,0.05915988340910643,128.33334334968626
1634.5824175503037,0.4492142406104547,8054.111035819633,0.056181482630270924,71.28912059161095
1797.914159615894,0.3970923455053278,8594.198741028333,0.07428555033946901,123.27938547210769
1395.970472662455,0.36375963196214856,6565.3399465628345,0.05797220781037297,128.5353283052393
1915.0900684070432,0.2627456430157199,5169.2218541650145,0.07884999628346681,121.65244098835898
1533.02886724614,0.20479022571140704,9052.965804385049,0.08228513651506092,134.98130653571616
1157.954822835348,0.4917803052451295,5644.525269408187,0.07628077987600204,91.33354468496057
1695.8991181688025,0.4188958300091201,8609.098686052721,0.05182133562563068,104.47681320754916
1793.2613504382543,0.2207116892545106,5411.576491436644,0.05288639794011661,51.0667410695271
1316.7616770675268,0.43902591851139794,6876.53921014246,0.05566705923407428,64.6053163006024
1857.1792569987529,0.40357277944587266,5315.130349157691,0.057682290249416956,114.41939256278216
1906.1432547657664,0.21883221995119936,7611.068398138623,0.09949413068846666,106.23171996450449
1276.904487377809,0.27062114169665585,8265.678863907875,0.06722475084315613,69.7332513541404
1983.521472715222,0.17438137815641067,5857.165705890941,0.06459866868206432,74.34647941602816
1140.7115280487585,0.14442097775124374,6858.13809219201,0.05261333178321145,84.40822019234581
1202.01566840249,0.38910481313587875,9651.197455215268,0.08176601953427984,121.64147129435092
1184.224839238026,0.20700474294154667,7211.9455855372835,0.08260953925656403,110.9716602663301
1893.9897100078704,0.4280237462985015,9012.717844882784,0.05877243447893324,56.95712641752898
1654.292552324962,0.4982434846057705,9635.923725301045,0.09596207704623066,125.99391490123605
1152.104283222273,0.13064792557185947,9871.729124886431,0.09002467732975637,76.26595630220295
1440.323418368349,0.2892140500334801,9491.610098456847,0.06151596584037541,117.17596784044201
1615.298025069802,0.4208250237243213,6587.0266457948455,0.07429248654582687,62.33628446615505
1083.4640849893833,0.41558035861649345,9812.864430805965,0.0729195428099425,149.7921276719168
1882.4163684073387,0.40399886333238744,9061.976208730235,0.06742602221711605,58.03351706877141
1803.6035354415353,0.2395979741207644,9185.877918197439,0.09088173564128066,124.17340284009951
3350.6574135712367,0.9665500648453869,2025.117826942123,0.34266827970923797,397.116553255818
1967.1266152591704,0.3379873429365881,9771.194316591467,0.07076571199138965,58.59391912841383
1417.7609792750998,0.4895762334293029,8890.451119243704,0.07140155652746086,52.68104575507555
1984.110319036498,0.23101890837539718,8839.8374825395,0.07343628023070899,86.26657175166787
1667.919998803627,0.46925755508674316,5407.623654642931,0.09306749955493143,130.2223932007144
1634.6712732539413,0.20774276727219765,6162.842705366656,0.06090834351007507,54.11512402813925
1165.954895295785,0.49562978618948184,9811.308325689495,0.05514615867561364,120.43986633280541
1881.927758304644,0.3681054747310367,7503.385374027382,0.0808904231410554,115.53762762642387
3534.6750036248923,1.232075065572514,2551.532935495081,0.2342200488407697,389.521080010937
1162.2334057824794,0.34535617122544193,9199.704085734567,0.05374660429273099,57.74920357348903
1012.607519975759,0.20901246761608272,5436.702070569721,0.07133246102855267,141.5321960554062
1559.7556836383826,0.20966954300458665,7084.710081355297,0.06098232154290705,80.0349802736724
4537.15045815737,1.0608082087201343,2038.6431118194794,0.3889246769639099,288.0181115234634
1719.3536223691585,0.14562011908215952,6749.256935151963,0.06298555400512287,118.1517078360916
1890.258053017802,0.23906869658756455,6538.4612182653655,0.05463182313617079,71.6681228791628
1079.4065846430294,0.40514219115854866,6050.37478395039,0.07801736014621008,97.56307555626299
1731.4964903403625,0.343188467039265,5864.554014952611,0.05135092090197429,55.040554423603304
1187.4119440975821,0.14103382413240834,8202.030584598371,0.09831876739971998,149.2983948908105
1858.177053157164,0.44089460999036445,9596.974206043393,0.06706652608674832,94.76211267754924
1819.0635138616562,0.34054705079602654,7544.258226249407,0.08475787552449018,149.91099813095343
1540.7937549855444,0.4843422307139119,6489.8727617332215,0.0905181436273725,88.56748769340663
1710.2427986233115,0.368074186964483,5795.800988611132,0.06395523977697776,84.78525559422195
1314.3501131837484,0.17006994548167242,9150.71682526297,0.0874369354555034,141.45723282670735
1471.1678989328148,0.2895133449231289,9857.460282366068,0.09162104277123548,82.94658538444881
1821.6368977104717,0.3593990390188817,6745.777007339259,0.062065861690580676,93.20055473162708
1459.265197173214,0.11130588041999108,6454.752127760645,0.09962473384480364,57.81104367141575
1357.7982653254417,0.10596410566192316,8007.464764874707,0.05103443414210447,145.54623880354757
1494.2124472502999,0.15176120023942719,8876.644904767129,0.060850024011777054,58.51512408509022
1828.2492524372183,0.2006657740181883,7277.014017748322,0.08900103781384965,127.11849335353241
1335.2080473708727,0.2718196494082702,8150.365749304746,0.05970655125278765,103.8615393811177
1173.7615931357439,0.29497618950391535,8582.74534011646,0.08491299316531033,56.140514404753475
1712.0140203307808,0.15521104357515872,9802.961439280896,0.09277652024914519,50.170382804105614
1825.9782127080819,0.36935663164633237,5825.186652600417,0.09796071363171302,143.55536385271293
1100.6374785235334,0.33845522467861394,9986.912469126848,0.07371237577001348,124.21734042355439
1239.8741127559447,0.2177856395364641,6960.783276206144,0.09855545614910588,118.64362435394149
1141.971989760994,0.1054639533741168,8616.00071363277,0.07058111483408394,93.85565305992219
1347.9414115821667,0.1310591661413163,7862.071889864987,0.06090640198371929,73.86137867109774
1450.3509789054126,0.2566779102043358,7433.3430850442,0.07569609265423627,117.9863074730574
1748.8263369633064,0.16158974046627358,8490.376843657932,0.08249116221557463,110.83010686170992
1651.147584881674,0.25072784245918833,6978.769251117976,0.0728981658024972,122.63421948483364
1620.9285674784312,0.3512730418041421,5630.549906684032,0.07834862219833959,86.5792518500262
1352.3749466096544,0.3188949711517134,7444.466915606199,0.07082045938635943,148.69237605131903
1841.4475530847599,0.1924703532549577,7609.579353411593,0.07623809770106249,56.700865542853286
1471.2871673981645,0.23752899650350098,6009.510766999696,0.09762978359732809,57.9701617036214
1979.1049380151544,0.34561247937946027,9678.096781643286,0.07499155762681661,141.68758475806152
1634.142138295737,0.4443420112173795,6137.378233231457,0.06265898164046302,114.77064349190435
1126.2647415645029,0.4012853754955509,7046.137970420488,0.08793733107562854,82.63340681821043
1676.177562075434,0.32136001073336595,5774.648434223616,0.06687922288907747,126.19527577006262
1325.104015431699,0.2449171993265945,7678.98323093472,0.09081035854106954,95.27733878530398
1686.3271966860975,0.24602051101672218,6538.188040500449,0.05284209944919426,52.112150880773214
1069.6411481624057,0.45176692410575847,7446.36259988042,0.06660889885543457,115.11036694199574
1174.8814371759595,0.11569743041621856,6123.08458229101,0.054717995413031975,74.31119370915229
1855.7372589057863,0.4951930577681044,5268.875639743579,0.05426589121229158,61.53351166100678
1227.179557023515,0.3657501643406249,8896.133255411276,0.08291947795862187,72.52731824994042
1837.04112524294,0.3724550796289562,8205.431419798293,0.06926674006768038,97.61578811292486
1279.2760884544105,0.11519913492189687,6703.696778555064,0.09357394709925564,54.98564312832403
1642.8819100587075,0.34221170995650885,5237.471123411611,0.07582025689367647,138.31523867795477
1694.150573509831,0.2939112240361788,9327.875313485605,0.06476716105861414,105.99180165693619
1512.6547531450528,0.1423115627576268,5848.975024678397,0.08604444439810974,79.29961801154157
1305.3106766967312,0.21116880430774365,9653.71109140714,0.08120083957928499,118.7004848088683
1212.644376371096,0.45612578248546054,7392.976892979792,0.08997973104146018,130.4236496979941
1033.1893545624262,0.31999536634638115,6701.933549542418,0.08217941381709426,111.39246279834802
1303.9464012407238,0.2653666300695635,8708.79738445482,0.05835067085494602,70.24946819105236
1653.162790531283,0.1290728623363244,9384.19703037593,0.0835155018833533,61.02884201464437
1938.3048184484828,0.3856486109609223,6853.567818228554,0.06957745988079052,135.98996970333866
3995.810155742063,1.109719052117807,2880.7042517466566,0.3741758275190918,241.1712756644773
1766.0647765353026,0.3456174427890254,7165.791096735987,0.09607822878686724,52.008243067749774
1788.4473432532986,0.3041050584882597,9611.615307393346,0.06799820231488736,114.29021081542521
1664.9849034759952,0.2735137608829491,8462.819957571664,0.08059795714954195,65.28853298643129
1260.286857566003,0.33730843719519693,6238.230585228278,0.06817408667061198,149.09698197645753
1907.1950307058298,0.19335818069136268,5924.998487509897,0.05473637426788959,136.97308317394118
1670.7323119058342,0.4765036256710591,6151.83831712408,0.07267626710241504,110.84457260012178
3332.4011347326154,1.0494676763864927,2345.8562008202016,0.36014481938724163,382.0957103842775
1110.989469213481,0.22447697774175063,6150.917456670008,0.07037516460187994,97.05357007686962
1447.0555438064255,0.27987194035406293,8292.53223596198,0.06953330923390923,128.84862444624352
1460.3582712019263,0.422273915550757,5579.6675532875315,0.09101892569471985,114.65335523971511
1864.56360952267,0.16464642429211898,6936.792448539803,0.05148425861447351,52.86446479696559
1546.6482201877884,0.21713424898410416,8125.267864851832,0.064779269837006,144.87576675528425
1380.4005489704095,0.37180320909462217,6454.299869714654,0.09058786326886059,136.09195781966872
1976.8003285106593,0.22619568259288958,5326.37192350829,0.0960265074305582,145.34073905932217
1110.7205933263158,0.4170006727445864,5409.119614229841,0.07061497929204141,123.13659345608157
1422.5484283119447,0.15218139487094434,5629.833881523432,0.09443971215980382,91.20609216616222
1042.0246751714053,0.40507446818184345,9179.215124340775,0.059946506106251636,70.69852232862823
1739.9041207669302,0.12734068594022652,8289.317528024849,0.061071353393008634,67.9996347565869
1918.0765521991507,0.10503704506699792,5322.612055488224,0.09230956882924019,64.49162483877716
1280.0373295504894,0.45928940753286485,6955.3443957571,0.09516288706703091,72.06096426415178
1858.341676799121,0.33253568677291945,6392.925864235328,0.061140288398133374,105.06360133473953
1292.2182304618977,0.2407307588347246,7890.200558144001,0.05296620949843056,118.37450632878411
1910.7701616439153,0.19303785478554017,7614.029748361567,0.05451620685276439,81.40565610162682
1753.961903596784,0.3467543133043265,7405.620116848575,0.06306904176881817,104.87469695078636
1804.9067768414386,0.3036008734146953,6572.561851863065,0.08807245385733975,84.12526594538502
1018.0065556004545,0.49663911021199414,5688.998860219954,0.07549959138981414,119.6509973673996
1962.810357074026,0.4932863946614984,8711.88191436319,0.07277944211213849,148.8486220320251
1726.6709920703233,0.3540098264566439,9399.283844213272,0.07920699655830005,118.90169683828834
1304.7510953861333,0.2771482024423562,9720.754546164088,0.09451115567310932,55.90305768376533
1829.394664858847,0.29645638765386484,5293.0948530679025,0.05452151897828288,97.72349578339893
1281.52119841493,0.3729916264947448,8699.543557944415,0.08473620638182908,127.03874926345307
1872.753839566128,0.14062981769415256,8632.517297034812,0.09633954228277027,104.22416062535822
1112.580390411937,0.23134082952428728,9735.548070727946,0.06066750208792,145.1063029722898
1703.6859774607956,0.13010889640144155,6264.572972488827,0.09188861579809172,55.477167920421124
1540.6984766449104,0.12934430380676784,8710.895191475782,0.08490123553797511,79.1155543295678
1096.534470195441,0.1783356967576935,5273.1314438324225,0.05072342680365724,72.07181076397886
1241.893828258839,0.2941013018372908,8156.228603808096,0.06158058401810641,126.76222017635888
1012.4040362773148,0.41390972846511576,6754.239120260899,0.08029223804479405,102.37930684840067
1468.7679654645058,0.29419835646634906,8844.547197737376,0.07512001697456058,63.83442113530058
4046.7156916238655,1.2981658268038112,2813.5926907075946,0.39641046988254386,246.95468087702125
1598.3574842977587,0.13294119613470326,6824.105211087581,0.061596521230341136,102.26593229963748
1297.2378077086173,0.32011820927325185,7627.930463496503,0.08375017353543134,149.61289812536492
1299.9191115069848,0.2085074345932707,5587.020311818,0.06332091854683886,86.42923574153718
1743.1931987316034,0.34597367116685895,7084.534826117383,0.0694717483239227,65.68260973396953
1048.1428359783536,0.4908750956529674,6804.001966295846,0.06844579579400381,99.70665257916579
1902.8949951919872,0.1445257285910201,5915.617298922589,0.08360125110599492,81.01863772330657
1852.2638743911816,0.18485015948877598,9472.39312383388,0.054512638084160875,106.59668238285482
1667.8046832264065,0.2892378152397499,5740.439190200801,0.06027709505200926,96.6710302785226
1593.2215701073842,0.4874455261383718,8178.696787650935,0.060024853534253395,118.94899217125227
1892.3024981396522,0.4087239105079983,9450.71321739944,0.05542123370578551,141.42907088675162
1185.3301795287143,0.4592916772651321,9559.842899316129,0.06037974894182296,70.0514350768751
1078.9691621908287,0.23348593939031717,8966.198499202841,0.08035301339616772,132.1180070368398
1239.510169909538,0.4968153895114379,5880.705669370883,0.08660840854370941,144.92657155485352
1794.5782787001904,0.14113312642566297,9087.157046069347,0.08301517234845614,87.36096815179621
1034.6702667264833,0.12118916241844034,6382.8240620781235,0.07375940689904412,61.36627005966988
1582.8068350834897,0.44224105082161125,9611.990137162546,0.05262172855480318,132.19111707828918
4639.69332242915,1.3621543297530243,2715.3100380130427,0.3268932372708784,256.47007918897623
1855.6960938375394,0.13623414301844072,8926.337805044433,0.0584038230418746,71.27122048340517
1521.4456890435895,0.1453709706983366,5425.162267509686,0.08342106852028355,94.52235931825501
1063.6409092866425,0.11326966310230953,7913.825567217722,0.09564453077410556,107.79922064898878
1831.3735143857098,0.14180302505708964,9105.710634493398,0.08488885479904942,66.98540866514242
1598.9785081772106,0.18376792672011236,9307.951763862497,0.06090248200944751,121.49128266295598
1114.9329970595668,0.4880306475640004,5143.158523668208,0.06578981493820116,118.98827413943566
1093.8572848233562,0.36714408889587224,9695.796162775596,0.051510293350554764,138.71266125116284
1909.6268194365925,0.41142121020741684,5216.6936665123985,0.08063791204210569,106.72729644281951
1669.2002629380786,0.4104557614766089,8072.593398374249,0.08064964904407834,107.43130306956368
1829.2867993167556,0.3140294999116858,8466.93763807656,0.08627502906881897,111.93873559693014
1878.9789002822672,0.4189955910852069,5536.726455839549,0.05054981446378107,77.37832613819066
1571.7723520483223,0.3383230129559879,5240.059328045963,0.09089206444122333,125.86058512780028
1517.4463517550412,0.22581843904134305,8924.560772253646,0.08693554787001541,116.24992612626312
1430.4274103209902,0.32444404350736034,6923.35312398717,0.05704433047620444,133.91456254609108
1316.9465877911193,0.31340343445380536,5535.562576575619,0.06738133046344894,126.8586004972604
1434.5959608587118,0.42938122150372826,8813.339081938211,0.08192624464521084,113.85722305040625
1773.8796557301564,0.4926908869526636,9245.815350718103,0.0747898437470164,66.0892150909599
1601.9234310151314,0.26441702616837226,7936.930953794037,0.05575471319506312,141.914732320883
1892.523289954846,0.40535627137654384,5806.184042173228,0.0543672687568295,86.72121813831484
1443.3800143791877,0.13990520161525344,5076.112357457454,0.08907281495540459,146.42985685167622
1607.0895787187542,0.41073254777931545,8504.012406509719,0.0577983559008905,90.18708020005471
1631.3075530919887,0.24856676479729287,7750.698374126584,0.05860463369652218,64.59382926831708
1591.6971623063255,0.11575606515587467,8253.985708600398,0.09154615626783788,138.48397474996682
1702.6337730855162,0.2452984714248709,9065.923350997979,0.08060698172816086,129.50587401287052
1237.4334683748064,0.3442571003686579,7171.138884964861,0.08023578040769863,128.62960561131396
1512.3637775457905,0.14770006707258665,5622.577344168102,0.073967288568167,58.94107507311182
1104.2248028083477,0.4696137969721018,9699.916426954132,0.07844975072011455,137.9279833051967
1384.5113276448126,0.13106896530913545,7726.310636234286,0.08008848451859056,109.64006371628611
1487.6670686212644,0.4720026879332665,8076.470595442701,0.09839131174217902,97.03557362729538
1652.2242595454725,0.38285500717427456,9667.057147758755,0.061148665373378965,141.31716214131387
1950.5310525862035,0.23188487016568146,9657.918281551316,0.060728120985022956,116.60413524819403
1600.6510665483559,0.2563001390836373,7860.473033640868,0.05286092438526579,63.303082385298595
1743.5939161765598,0.3963237458930977,6488.05712360713,0.08290993994046611,101.95371760567036
1506.2660594952026,0.3405884403524829,9985.568170063696,0.0774521090411131,113.66165888475628
1634.1040313763315,0.36865716858197806,8404.08544976768,0.05556196019233199,139.85506977316342
1070.9322161337734,0.25566584660539204,7042.1833844602825,0.06822694675590937,77.98941016749
1254.391580841847,0.2951253927230396,7799.184014267948,0.058933160266560196,129.42338856474151
1361.8530932051387,0.49594699361515737,7079.170251340149,0.06657408702004308,129.98129038347463
1472.4933550065136,0.1855691481998871,9441.525761483237,0.09756320846973052,62.804948482368076
1045.6487455023837,0.26714247460885254,7412.49687432873,0.08416594194402645,51.723318275587296
1140.0240975533177,0.21672927502958694,9117.641879906236,0.0503784550397571,108.14096958984564
1276.8143077913057,0.4060446041759399,9200.88148911502,0.06262540368920619,128.94788862909857
1971.5326909010505,0.40560505026628835,9121.661688676242,0.050518077353888954,105.44308243272971
1331.3470071030508,0.21697818439895836,8610.943062378372,0.08574342493843404,131.33474851998753
1482.0410581120825,0.13255612665319316,9274.388584037908,0.07347109010277392,112.2303140467514
1196.097712738393,0.10457307066888162,6936.147898114847,0.09970093459071946,115.32923616723004
1610.7800710757683,0.2709802132969942,5573.316030709801,0.08667916305113291,52.81544257625256
1280.6832155159743,0.26413503773430835,9212.271021862573,0.0758956471353941,58.85982029194261
1206.9925784384268,0.49535595145594524,7490.842078436726,0.09023527141040677,122.50296177158747
1516.572628445979,0.2879208302790719,5636.880162639255,0.0852401825617038,126.28432823762891
1005.5057991604208,0.20256734783016828,5576.562610910039,0.06218880888179936,104.21779780643259
1007.6640326492253,0.456491776412587,5796.211970049463,0.07651291374137584,109.01651274510346
1219.0688091018578,0.2964271798614314,8754.866298335528,0.07779993624170355,111.43658398450776
1036.7213625008212,0.3396702540842311,8554.283367331405,0.07256158493039018,60.499131885394945
1108.0257541306914,0.1382674841712851,6019.0934009244165,0.0589596311427681,116.79086042509302
1338.8606493387515,0.25316656293190964,9234.617090548976,0.061168452582894356,97.84699767620504
1802.585679579813,0.47768946978951476,6406.473977641224,0.06405237004779808,110.2522976687279
1572.0486433693009,0.3358021536701702,8964.927916574738,0.05051275746890819,106.31418288105226
1512.6677259564165,0.23780074205698468,7444.029538674709,0.09584719460847548,126.3000248454039
1293.4888232081216,0.3502668722526373,8657.743412692831,0.08430479957917394,81.85682637159813
1931.7537194328165,0.46416443583124645,6906.938315367829,0.08448086578922354,87.3526245067452
1397.0150412371918,0.20959624018903603,6735.702985473879,0.07861653069045607,89.16063065245797
1087.0927667957715,0.3020466873882698,9206.797994796661,0.08446554040805296,126.24560991740125
1617.0665161178013,0.48347626156470214,5176.511272570348,0.09909312749368182,93.11126218030353
1113.8383934766014,0.16895845731938108,9873.684736287538,0.06925801688172467,67.70747717000546
1345.2231428016921,0.3878655702386846,8240.897791326868,0.08562627934382819,148.30409704170287
1507.4119387178089,0.345792403281193,7162.416940997211,0.06797645021887641,99.33818639645477
1874.2225246851758,0.37187005245625393,8140.2726557521255,0.0927144399373413,60.924808315606306
1493.5465803401187,0.24048785226702787,5613.704732294914,0.09290143034450175,117.02749559927024
1702.2587660316642,0.22555174939350597,7570.262276467738,0.09511332127117425,123.91623575284837
1992.8168389990703,0.37368386823534816,9925.477616698989,0.05027316621209392,100.02228389088954
1131.4891198979817,0.18621731404181815,6176.347189233535,0.06490957224980475,114.64572182773213
1274.7315255195194,0.26786189794360205,8611.390495181748,0.05669621756007981,67.26748644827299
3640.7093100093084,1.1460426204755088,2721.993622146405,0.34793843069335134,341.5325499062902
1421.8281785388313,0.10332193644933191,8262.290742439767,0.0747724821339649,66.18286033716163
1411.0210752655457,0.48802294401522783,6024.436143458877,0.06279520214148278,88.72352563648084
1907.611002556555,0.27268119146256764,7352.324913088012,0.08617232460225352,106.2800522186919
1714.0326444668565,0.48773984576793017,9900.463569296375,0.06348848585944847,94.25394071819133
1607.9052140907038,0.15612940790713045,5976.435755080048,0.09269456876416793,109.32148407357406
1309.372717862782,0.3349467117829944,8182.225139243786,0.05888296840708934,100.17591733685518
1823.7903842212947,0.18038961311649584,7877.988743833977,0.06836176473826419,81.78143734017563
1955.060511484989,0.41602965078530996,7825.257931452017,0.08111188792121526,64.34159981210121
1821.1982825502264,0.4134811955043901,8075.616448258086,0.08026675352316268,75.26728614212772
1001.5651051914729,0.14504285961572472,7511.189868441141,0.05390145560025718,70.07132518945998
3158.9762601017947,1.2523625782488246,2150.1641517674534,0.22801307654846792,350.9762470217264
1051.1353814421007,0.17785185888128985,9500.484057315589,0.07990324667148876,131.99668444123807
1257.607220333722,0.3451909366357442,9134.894137420153,0.09349297743535842,122.03886052994257
4969.715062962285,0.8505402153348045,2970.0502464215115,0.34244342086088897,281.443467086778
1603.7954529493877,0.45295861390654557,7066.365886894346,0.07729593451875155,80.78513538137696
1686.5899134926067,0.4826255714244676,8852.74490346784,0.0955390728655719,121.09855591065113
1114.4876380659052,0.23703950848724778,9900.311576936423,0.09242038994067281,110.50834599891463
1383.8388830449794,0.14223025688778534,9755.685232208933,0.09790614722808856,54.689336668762564
1456.236508955542,0.17533874931578006,9496.79599838087,0.09252491992797032,140.76121183934157
1369.0530217609166,0.30019795803064553,5791.869486495698,0.09106019255005748,57.995384110163926
1121.025000485193,0.4172918713093289,9572.375530045025,0.07346802403384559,100.27079041588388
1418.9477901874754,0.1600614576735501,9392.224564755397,0.06060155301889639,101.30691527190648
1751.1780478084181,0.36389261290430286,6884.749555831948,0.0955354366537743,133.70071887583816
1071.0076645332554,0.22943104161580474,6972.612972681311,0.08612745932230378,141.30675010423664
1080.1800140819034,0.2364808289568614,7299.544609775803,0.06408739320992601,143.9675791509793
1354.7712918359844,0.3647670920631706,8280.878154832084,0.06704978613778213,106.96721334789783
1941.725711618925,0.2867997678132881,6304.178079915078,0.08430392559286104,117.90422302116035
1668.5726467229142,0.4248133172103976,5114.742147199723,0.07389086541768355,58.851986241256306
1678.6699566725647,0.16236740386513082,5706.147622986211,0.054074128092318416,98.79160108440223
1361.919990837865,0.41597930790681537,7200.579537883868,0.057072397287282854,139.78567042422844
1593.6607912085383,0.12569409922296837,6410.012847131009,0.08728243417561557,95.56971510380612
1010.1311840277434,0.177621552098242,8822.58280518066,0.06642847642409155,56.95939354334306
1636.0960464095422,0.3624598858012662,5533.450352746357,0.07538247142010196,70.06411424164536
1913.2869475762368,0.4419702626044285,9587.32612777402,0.08833107391267629,92.95069224354947
1612.573468344819,0.20107185109573963,9476.635899719557,0.08755877968530262,73.75283049090524
3190.2109180321336,1.3405038271674776,2734.752943419765,0.2753310752957053,242.057138170163
1723.9730554660937,0.314848299314696,8698.049993016633,0.05491969321995177,83.2961875336059
1120.5584164036902,0.18462912259572095,5534.999857417996,0.0795576146482545,81.8929052815952
1902.4533072858417,0.42446250463500224,7190.687856847833,0.08708164369656199,59.11646097568354
1066.443844355775,0.4094546580023043,5657.026859027319,0.05745199609977052,138.27146910865864
1533.967472547764,0.15811668478631266,9938.495963805413,0.06859776436636375,119.27062534654131
1142.1371237934577,0.28553189272665286,6665.192116993367,0.09351389979838204,112.33819084691247
1011.7066107309041,0.4099311066618486,7926.652709450311,0.09721115707801606,110.64694080954068
1422.034260127639,0.23493181244136593,8896.96527122111,0.07270348804748422,89.65022247146588
3848.8772960716587,1.2767195334494095,2958.050770987761,0.3775374156500396,300.2924661411876
1486.000493797603,0.1200852485830291,8777.7386292068,0.06288482281011887,143.00399939279387
1577.1998867345508,0.34347550421172723,8372.518893831188,0.061648496015776655,50.56172489954412
1043.7390723089475,0.16106119200024283,7329.908910190757,0.06194818602705285,57.91984768380074
1123.0032951237456,0.4322333300457806,8027.00066875262,0.07469408526896251,117.49756173662792
1558.6423964504254,0.2421797854321914,5470.819044264149,0.07916128258457857,73.60667227230721
1343.1673531726583,0.21262154509127829,9419.612709806312,0.05612547943399677,141.17049987698817
1729.173487549448,0.43635559068459406,7718.886544199428,0.09446780032641672,116.74130651162548
1652.2916485919395,0.12005760922872409,5200.675252174713,0.08099869116405575,86.82912551587131
1845.6043629899068,0.2586435197337379,9599.510628299488,0.07986258651340028,91.52824027794301
1692.4928266692255,0.24800141623001257,7446.509869184343,0.09936394991921421,119.0882505246558
1429.9310773901482,0.21392014969982034,9342.945707805009,0.08140719887465628,64.09641026021433
1672.9666223944323,0.4647017328005908,9284.439771026784,0.09644795746505926,138.34118802466094
1275.3811742554185,0.40037135740668894,9078.757937285574,0.0643128486179896,50.477169843017776
1306.3134987782128,0.1255692656767755,5307.01509647678,0.06200647451732488,147.8946953303866
1788.9851599207932,0.38587497977398166,6235.333227121044,0.07582593434122266,66.76454803630942
1446.4195164015823,0.3109196532515176,9377.739362327153,0.07543044738183331,124.21113586138824
1798.3803405183526,0.46034715776063173,9494.95528026047,0.06132418247419485,53.992470704316055
1822.4223736682784,0.2251782469393434,7290.34431184403,0.08498278284499738,93.14288990430927
1857.562337661284,0.3296647998438332,7200.207338271011,0.051481690961834664,113.03136823141375
1916.6352358412073,0.3003021098963944,5875.703169430749,0.08453152362747263,57.0227457593084
1430.985220513296,0.29582436249104227,9842.053943455758,0.07285889430616502,94.32935288999238
1318.866818321139,0.28244215980688503,6065.692376795216,0.08445037554225396,80.31364031102225
1582.1987465941138,0.18225179021291252,5954.683921753828,0.07385403153207595,99.82436119671928
1371.1724234376275,0.4022839689969572,8303.644850745872,0.09886668914423476,100.45765359691481
1601.074166800233,0.2805344130957155,6214.221515002238,0.06673424755515589,128.52316058423088
1705.5858626438246,0.4834065100010423,9693.858055071949,0.09912864685011942,62.350452844489766
1688.4050184921368,0.20432337087711053,5054.534976588974,0.05324869712394877,58.27196010474665
4702.927600332038,1.1688638612856392,2584.1208632624666,0.2783995064140785,279.47054893374855
1166.860201698753,0.47628683185564336,7524.384007177998,0.07271096033924561,138.75199193765326
1430.5293384622075,0.365383329206437,7440.31229956736,0.09110688127648502,135.5269519672093
1142.5941440819088,0.44850916304695787,5816.820109504552,0.08948080348584991,105.99929092814091
1890.0970351838082,0.4309923839028025,7472.597814851422,0.09001050914379688,138.8773818971107
1345.8774607378573,0.24404708619560156,7058.305525849932,0.05473692996512599,130.5343597548712
1154.4597472233238,0.34004957597579866,9451.647626711845,0.09111828499306474,77.79394600930493
1025.447759905751,0.16250453592454223,5046.269601084818,0.060702007872188046,67.010628044583
1645.8223862864843,0.31421035307823986,9881.34902516476,0.05128401319295174,80.1156500976706
1636.9023174547433,0.1921687887257349,8121.963821479212,0.06088693598422057,72.71178784388144
1340.6041665812918,0.39749472598097824,5759.217228226378,0.07396425523499164,112.27187926586971
1071.711888847651,0.31122336875684986,5233.800069055831,0.0871055679955716,108.48991127746501
1409.628894895232,0.26449094505266424,7690.52829279616,0.060931624041642686,109.84373834527818
1311.2174950633935,0.20751883846679103,6174.450829859101,0.05565037740451357,68.93035364914488
1677.1206397350093,0.49947939273651476,6505.827685006296,0.08229836275119712,129.1862725276439
1605.7792494526902,0.1286842083539731,6225.660824172568,0.09919490181800089,93.36260835426313
1364.59372819754,0.11742427222896801,8250.861567862554,0.08004351510428091,97.2451920366533
1217.89255425499,0.18690296019754582,7767.644810580668,0.08455286820617108,149.69618462112396
1988.0359661555917,0.48842898345112784,5389.872117609058,0.078058372187321,78.22717859627481
4045.890654292069,1.2956855428783072,2909.510762687998,0.3774096901263249,216.2975332568273
1688.2742357802372,0.3619710939088544,8955.948827816499,0.09879022101047225,117.64632079040874
1140.5529675783607,0.4520426668825619,5405.972954101621,0.07720646147020925,138.04130201902413
1485.5896996593979,0.18558469233631816,9448.6948811521,0.0708395255871363,62.67810066840312
4477.237237144276,0.9899488473150583,2844.014368252299,0.272486069791018,256.94560069497965
1505.4551179104499,0.15711394005582588,9753.122346351583,0.09848641718799951,141.82805259955506
1964.0174071177023,0.14045007527266332,5740.706088611878,0.0564590820434784,92.2924613426869
1384.2067129858,0.14488461569890917,9967.824996766576,0.0789085482736939,78.67269229335176
1038.9960125749117,0.32925116930902587,8221.364329848384,0.08962299962729987,117.77371467749373
1030.9557909193436,0.41238976028722096,7837.470997405315,0.07666697025781954,74.60736512382915
1387.9867599468694,0.24666687114985325,7576.398120560427,0.07045984840964745,88.4289746547286
1160.024936463194,0.4911583951144506,5118.271865491563,0.08276149105677102,139.69133740898027
1023.3520963281859,0.27376805524733183,9698.19595774789,0.06350640472566742,109.03325525913775
1756.2136139501768,0.16017942030928653,8219.97236427099,0.06745668714691848,59.49772665998443
1458.5230088818907,0.2863866992744547,5458.1324224964565,0.09961383294406724,82.9697531446371
1289.2447719726545,0.371614866168976,5104.760851472624,0.08182326671872478,112.7265165117376
1900.0831830164807,0.43289031220175145,5253.918196183757,0.09364636491555374,98.14976371546778
1116.1389602005256,0.2835073159826372,8046.978817161204,0.09038842565185717,116.03393167515907
1955.9188289553192,0.337442730419667,8070.077074472926,0.08261362771970121,126.14414176803406
1313.9667173773528,0.20693788486354137,7498.336458907205,0.09203645412293866,98.06151202047081
1888.4036723086813,0.35836661056220565,6533.829103264758,0.06435792477167855,148.69516863019385
1602.9428764794616,0.49438877758013755,7658.713658073207,0.08185582244061493,141.46738756739003
1826.7073597414874,0.11962142903511755,7581.50910438129,0.07953017447619905,55.99074060686563
1984.0131632104644,0.45461226828206713,5097.077799382828,0.08112098003966725,76.64311377502183
1288.4054378187457,0.32491300110700916,6412.34615163749,0.058431596357338765,80.0543512309784
1961.135485407593,0.20083946382492,5265.926707335748,0.06386215199990343,68.42903566700106
1389.4818949024204,0.48195588400370315,9500.773757238278,0.06433291593962696,81.20165030504802
1385.5119047369224,0.2933417212235596,8626.115813925677,0.08009730812863816,92.48206329354602
1340.3871042545056,0.23267610066935426,9980.57585096456,0.0986273440219893,55.155097899245774
1541.4076073475853,0.17259905130833647,6510.8563165264395,0.09770337755910741,62.73002361324145
1154.1450431784872,0.19778088410266484,9392.429238784553,0.06135947764948483,59.62458787934838
1553.711485358011,0.4331396166365771,8015.2713396624085,0.06524226215333863,54.63169391466506
1541.704812410004,0.34576400372686633,7265.627034518025,0.05180309461395836,98.14970203016185
1761.90181260487,0.46529824779532647,6112.865556443176,0.06994077949296972,83.3803083226145
1833.6499619375854,0.19278738086311434,8691.960826430713,0.09173370608401818,143.54472296497113
1440.441350312424,0.1484554295395606,9520.7037445215,0.095787586949307,60.27605354417378
1302.3332493514938,0.102435012390236,6176.541990376853,0.061824823978397184,142.60353357356723
1259.3348973170946,0.30314481504639756,5876.951674868063,0.06328972367444197,58.65456173994592
1194.623836704872,0.4993227721527953,8481.109575024335,0.06104249082543769,111.9217346604435
1057.6475821990248,0.37798610752745565,9884.865813627595,0.06750517837872894,74.77303373763203
1342.4479788347135,0.22335783678605844,8749.77550552039,0.09023796992952723,132.68056464938746
1270.2476921307832,0.4507434332104687,6422.903695238245,0.082342873494223,56.147482703996985
1966.4173858664074,0.41268890639518385,7099.777120738929,0.089297045893185,145.25081557696254
1557.7088262500438,0.10616606643061571,6921.588177291858,0.07915155531676532,54.72572003329002
1347.2770390305075,0.426744192216409,9260.475090235228,0.06288665390295735,74.11132683013338
1580.4676009936961,0.2202107028953984,8856.85389436112,0.06139970901062721,96.418472606739
1139.1967013456956,0.15986938583344046,7944.877173807601,0.05045003529318749,125.60578865662154
1444.043749202203,0.19053233589482985,6374.795551984516,0.08904910684370362,145.11127175433688
1626.2343214210637,0.2874319217500556,9689.942638610282,0.0923560613082359,92.8042431294376
1488.8978317924514,0.26994717082720443,8266.576123845733,0.08841412998142081,125.73100938178727
1401.7788006543242,0.2155549197496907,9852.383232208911,0.05372010288642454,122.71625544452387
3054.905096122721,1.135634940292734,2839.415206774137,0.34536591222726654,242.87105964947193
1880.314762148927,0.4048923158568677,9105.96379181807,0.05228837265751347,119.09191761008196
1623.4059581594402,0.4960439134939668,9065.526896972635,0.05527965328531956,53.80666830661779
1569.3773611822828,0.4111166321678762,6686.64388416796,0.07202376864663337,94.15774008975134
1620.660479824584,0.2183747870686165,9820.103614786141,0.07380735044624201,128.58606940600305
1201.3121078224333,0.19792358456485337,5109.70733798782,0.09080593183093483,97.4221145002731
1395.1377432643185,0.18706635042637532,8843.554543837072,0.08397634460204553,137.35045842269483
1039.4595328908993,0.1546780297956145,9827.78542882022,0.05766600893156082,133.363787656471
1475.5460374868267,0.3205322198769205,6694.541016418614,0.06130733916144007,136.34460301723658
1543.0245839576633,0.3421601487813377,8240.55293895486,0.06428375941293435,62.99966856281994
1227.7497361032097,0.3822010642652549,7811.116249221053,0.05618363187274292,74.41411245660706
1964.0288471655138,0.3720853483734672,8807.536548382619,0.06438224431796154,52.95972732121304
1909.454610937242,0.216933324513353,9330.889608225261,0.08642990777698666,148.28007268630552
1722.1432354559058,0.23212440215873864,8015.22284649774,0.06207007350536415,73.6138139416762
3165.355716496717,0.8043752306390991,2529.773946516647,0.39413776324340993,338.1165252616372
1869.969159647685,0.23977905631345134,6561.427879446276,0.0734758497562604,77.49264472284362
1130.6523438234628,0.18504927584772524,6142.935293524084,0.06614678806221945,53.97936228454173
1790.5097942748848,0.24973446147869582,7153.3384476642,0.07062090522744366,76.12580096101084
1124.8208139668484,0.20883366303119108,8388.682997903916,0.08547483702967457,59.81956662077073
1794.2106625494055,0.13532508848743113,5936.234744693618,0.07583963516229952,89.42830863845847
1275.767568251357,0.43205556091066144,8401.760960759457,0.0503639331987529,146.68241183367758
1877.090581018189,0.4412445556628145,6970.468242860336,0.09611619232925375,119.82623720638178
1944.0420938253978,0.1879001200667518,8977.87636946316,0.053299800150092586,120.69007898078813
1148.7959694051156,0.1259088798100807,5184.179085516516,0.09693106744071929,95.31759332912553
1462.6756050653935,0.39553097494047185,8339.913189146973,0.05140764118100274,131.13040106894476
1980.9873781626852,0.1846114503453655,8249.111683249837,0.08854896674787242,140.82841669175588
1483.4074359731467,0.2573741957747441,9704.677380626572,0.07673373540916442,146.15500060838207
4779.228855806812,1.2649364084358954,2943.6240636185353,0.2657476774506068,221.19763434781956
1588.7315221313197,0.19050783390337409,8981.509482116406,0.05363892512720023,137.96440086464776
1375.3299079196017,0.4171609113318543,9522.955079265841,0.06193725051689582,72.50828835758608
1285.7835555258703,0.4217585787660808,8375.259591459939,0.0888773658532596,89.7266901990834
4165.080124384627,0.9273141984879913,2691.743259300792,0.21224967352138352,285.97659469597147
1761.798191377697,0.23436553804267582,9348.86899791761,0.07645593405264899,117.51300400867949
1386.540506823028,0.15369536763749744,8737.890597379876,0.06766716981812977,109.79245402337915
1511.2754622007512,0.12966905211396895,7122.188020004467,0.05299716040321054,60.910487476803596
1492.3254800011819,0.49686868577936383,8552.64586324981,0.08410892630331702,128.28226295145168
1577.2790292331313,0.36223758049793575,9338.44438590571,0.06392233053431413,93.96454018014961
1865.5771456245523,0.3168386036793275,9878.260656956358,0.05275068574960734,50.22218433296467
1980.7393435834294,0.40619940016211986,9761.757519795276,0.08329258645493111,91.45032668608313
1407.584208573817,0.4360308638750897,6626.639133820708,0.07428598967668792,101.63315757471912
1827.518922106303,0.422685907217891,7108.468568590909,0.0505981074850862,56.88746852082293
1764.5277946547176,0.10661577971595065,5547.683024886856,0.055546201955317356,65.11352594162015
1573.5289514555734,0.1747231592761994,6237.72143509023,0.08496009646229721,149.3572171490861
1956.047143611933,0.3619621208471324,9412.106042434752,0.05318356665328943,137.11954020224857
1200.4745155284027,0.2503037391215852,6804.249631396795,0.09329815324214952,63.33274193466478
1109.2642103096214,0.4929930604244428,8102.763292974405,0.06556631387099664,108.03093996962565
1853.9619669554222,0.36616191705530166,8329.828091535166,0.05443332352182123,87.92432972173432
1439.1498166337483,0.48261956349168267,8909.14637571656,0.08798786890840328,104.37404086999197
1846.9688542070603,0.18057859265831755,5914.000151228155,0.07622136172265119,97.05351935673872
1893.090205195415,0.4455828112460093,6524.065673072178,0.06533200161896488,54.81489250256847
1062.4575936190715,0.22854092232609013,7241.681707290903,0.0703049170834634,81.5420310990783
1883.4647629860606,0.49582592329512276,6824.2053061913675,0.0510706197802413,62.55205820281267
1448.3190553694221,0.16307546882925894,9914.526164298448,0.08313492687697145,98.89680922907476
1510.4324890042321,0.30653592753533065,9174.704016068561,0.06828868444817224,140.73167199795432
1626.5925110932103,0.4171378135348488,7398.43377310243,0.08570187848640648,149.5532772569544
1926.3826067300868,0.2730569922416144,9396.343130432339,0.08140855729762736,144.42530684824715
1019.1160944297641,0.2872336240750587,6738.264737916484,0.0825627092954869,148.569712497481
1476.843468317817,0.49454231820229644,8929.141619451322,0.08964463555022162,51.52463157803552
1687.7220424305606,0.27012326012046134,6118.377990532268,0.08155790391881255,122.94469784440278
1722.7069576982285,0.3416288402396255,8861.61022613183,0.07093629646209462,77.29488101765362
1692.532431537108,0.12181586427006029,7282.267015978641,0.06949637808673179,136.5617978269137
1134.4351294081218,0.436884032084104,5537.496604961212,0.055979105338242796,131.37334906240426
1299.3955883716812,0.3592672195918174,6366.312272777912,0.0889721706578121,92.36745758829541
1358.7155254170134,0.2616080411451254,7011.373120117823,0.0880554220877311,97.32606751031575
1804.437207679505,0.1064678159818079,8746.464558322186,0.062314918354276175,76.50916689925388
4936.200652838542,1.066211336852815,2944.4045939567186,0.2064330810889634,331.9316171119577
1210.704963867203,0.10506313139366488,8297.734975463198,0.07945016288953141,148.11744233604844
1957.4480190380962,0.10048144556360716,8580.068204664218,0.07393434211972837,138.88528886701744
1008.8632851134689,0.3464394248597419,8269.606849628757,0.050874815081274796,69.18689721149748
1997.8208556819782,0.1756068269338217,8803.348190837778,0.06913705929321581,77.5524677864933
1676.8212988573955,0.17675501988723813,5890.843080114191,0.08203353841178315,60.864799306226004
1828.469299449117,0.36130862633309746,7935.516775315187,0.05448739188441917,148.88707829796914
1294.6193963461933,0.12147887517574972,9705.7247360194,0.07297836544437741,140.7209850530548
1014.31527766706,0.22536222458982255,8053.921349022688,0.09967179756807981,105.20979869873975
1737.8695185615302,0.15977276085680764,8056.681734764765,0.08582693186045337,119.28931039471257
1834.1445970006757,0.33207054791861357,8682.198210566345,0.07734354437508023,124.79469395906544
1740.4761319535191,0.36470606189095833,6666.021160629295,0.07665164424695384,70.3811227460225
1142.8502873008385,0.38845434143961743,8502.379506607704,0.05218825411290973,143.46663373311574
1753.427922256969,0.2020924867674262,9581.169166566076,0.09786572187039681,102.67427137216166
1768.922782107641,0.1356999006546336,5054.477365126715,0.09640888301425216,59.24515375004269
1658.540515670055,0.13147346277675914,9350.565205544328,0.08412023553377232,89.70826078336691
1766.115932795586,0.27046061938028954,6093.091656294296,0.0549505824840775,110.16465561765669
1845.921439677732,0.47833776362508607,7279.616368501876,0.060391694837471914,85.28231914667032
1613.6041142374584,0.18709161369880986,9261.739004763189,0.05919547679377926,119.9204427751831
1088.604713969679,0.20269664053661973,9119.560637283146,0.07597892425506095,138.2049980407955
1487.6278096672108,0.1403555208423436,9459.63739063028,0.06039019372509928,127.18921243821319
1077.6493346716052,0.3422281095575721,9702.08396316263,0.08479002807720992,114.2658020097304
1407.543031032431,0.37194914957886993,7235.784783858793,0.07726149429846946,101.21574814116651
1407.1064891256276,0.35717248326430406,8281.819054005035,0.05088290885213278,75.44634857879133
1066.0098441402415,0.44445209721791257,6952.392202630534,0.08720286185178258,95.49461649974333
1348.8205339694794,0.2945703340104287,6753.583587460829,0.059441436832697425,79.2952907138177
1110.9980987913148,0.15378281630682578,7157.977052988348,0.09124425598403385,143.4023381089725
1808.235210009222,0.21576205228176507,8715.38067391338,0.06775227185614896,140.7311156986661
1947.6880259644709,0.3649719893685407,7507.203735707764,0.06693098399908183,65.58263833035795
1072.3164752579387,0.34524878949662396,9070.29837224171,0.05059086678891053,132.262022119422
1955.1152072917014,0.31240125189718504,8726.092385980779,0.09938644914615086,120.29146967557402
1522.5765993367452,0.37318576747547494,5102.3923056219965,0.0806002169585932,147.52117205606046
1299.565677953874,0.35495634014931976,8151.190785530808,0.07113650830929955,96.33065686001785
1076.8620752761635,0.45252995578598065,7182.855616542955,0.054831070223066956,122.21743714143831
1500.6242680704179,0.33440655099131866,7283.144945755708,0.08495740320755085,101.78839201283763
1794.5155444907487,0.41144054348022263,9091.865269349473,0.06413652349959695,56.94004966923557
1707.0864772666982,0.19948286238658716,7738.039930423383,0.09941404091877645,54.67647497367677
1050.2260114639737,0.37127303383562726,9428.109117294734,0.09752736795746617,62.211144287978584
1072.9018353679035,0.46087764735307035,8564.027961958453,0.08676483394013942,79.6191063852417
1402.873282632637,0.25429293115993334,7764.200043820264,0.09855359651414845,75.91131058118754
1295.2904940479434,0.41164167493545867,8772.689880755519,0.055281693122688144,122.83266687059002
1232.3843230560478,0.38991572047817413,5191.745254627036,0.06399576802682727,121.59227349221243
1281.0044989087137,0.123810478748729,5135.418274141039,0.06266216443955896,147.1394579849372
1803.4827432968846,0.33260332384962893,5416.74663460426,0.05360063292296513,81.03908254423962
1929.228053631854,0.15207573968032095,7187.826625735714,0.0986113298985728,143.84520837805928
4158.984509361288,1.4606713724217069,2224.6484522638257,0.26655349874344303,377.4461292954387
1906.111002132497,0.42456300108026246,9921.306472078923,0.09283444519971648,99.53087109901205
1321.495701247882,0.14388952049884807,7711.450695056835,0.08840807122884196,116.78413778132159
1476.4369863437917,0.14870079905907138,8312.078730405792,0.06879335437357298,120.27554515855869
1226.0289978159997,0.3377895419650476,6394.100681233484,0.05094036813148995,67.19290288592414
3862.8936490296473,0.9643378686295141,2556.643691420164,0.2617516065332824,268.37906373375984
1978.981115174809,0.11396234362924372,6677.309570705779,0.06019969203469616,122.51727644669765
1603.4930960433785,0.31665660313322125,8493.678525751504,0.07469382900168967,149.7532283948779
1357.814084113549,0.2551380398743388,7368.531038446543,0.07289549890925758,141.19477806724757
1647.8174459905285,0.14043059694869708,7588.418262650372,0.07926462882824638,118.46602316842915
1122.9206784653875,0.4207681569023931,7960.014910796726,0.08859796548303811,121.23637130966529
1888.6590802653986,0.4660307061115224,8844.058281191084,0.0688677307430103,144.59856338345853
1503.0839507798364,0.402637573605652,5451.848742562391,0.05801818477546587,146.7178272984175
1449.349742039642,0.428968924006511,8884.369561094109,0.0900024458414212,132.69651972151274
1585.8647884535192,0.18659622690644695,7816.175344375899,0.06663453406656054,126.73935455071609
1624.7838627894025,0.2054291803674404,8345.477224276287,0.06434409488966754,61.13658233648911
1071.775806226513,0.1834110161196751,6637.75882420381,0.08821560192146177,133.03221914806358
1682.6172212234023,0.4060253725462256,7046.934184082245,0.09670697190415722,75.31956784557906
1241.9316803155295,0.4791668315737988,6155.829098269602,0.09574806410053785,106.37842960192128
1713.95263250659,0.38673488269356104,9896.499987087027,0.05687212129285893,90.53724704378354
1822.5347943841966,0.4525867059518224,7485.014862551583,0.07515790767346499,84.5607300637241
1803.9585075525201,0.3554796379532691,9980.38457898299,0.05464351418640867,81.025000146706
4398.223067793404,0.8625775992702409,2048.004034914834,0.22105066117931438,316.2042426966958
1520.169892310751,0.2703046459721221,6098.756321920337,0.060761394293841975,126.91361206718442
1142.8759613394118,0.13012857286696194,7537.261983684284,0.05987147873828874,102.34487524087015
1775.3461504031357,0.11258287809841044,5197.977858995389,0.09444428365032398,116.44804938644569
1271.4093804467143,0.378190241675631,9523.849007109757,0.09839252775609825,148.45279503440088
1496.6954228179466,0.27537155680447223,9092.751255972205,0.08488161296476283,89.75351357779431
1284.2740929275167,0.3208860272218518,8629.102603471423,0.05605025168496125,105.1100606009575
1133.8283629996931,0.3230644990489665,8049.1335772123,0.0742927805270337,103.35237125744854
1629.5576968917367,0.2109503253333206,7899.171168351815,0.09083025470308019,143.5972375151735
1054.3320348229038,0.2903570043317963,9983.641070397314,0.07862385918541226,85.15624176108591
1748.6452341262,0.2883040886670809,6389.98717009969,0.05662974273641674,148.62547502177455
1317.5867952611165,0.2553708884911428,8898.42182682789,0.058594387475161394,80.46976135731849
1000.1346930044854,0.4282701533604282,7907.023851068287,0.09320708379174025,60.89070353240321
4674.202733260499,1.0559576416152647,2278.9028193024483,0.20127116133538475,357.12671472275025
1046.8519085276032,0.34145780980239515,9139.015916491262,0.08529183868833562,92.62213418642182
1276.1695578208994,0.4582080481523304,9992.625564947964,0.06865312631165324,114.97559498332474
1706.9764874557163,0.44649344914356903,7941.624972312232,0.07662427914594208,101.68252200240195
1062.6896216218659,0.4561688815116661,6022.719787724675,0.09885515701938459,87.62781765744445
1839.3384923560025,0.2080019985860056,7518.435178473669,0.0664851518484069,106.20332657067758
1003.8199226585831,0.11399299532322514,8555.555670252874,0.08373942637541373,133.88062763146684
1246.8238692019022,0.2044267199581317,8871.801930907941,0.05862527785976149,133.893102763848
1740.9040561520715,0.21148293824828346,5002.549945079718,0.056086994263016665,122.62278881822307
1316.270149729307,0.4637441306899872,7525.13544251147,0.0891820055629515,145.24484582433425
1101.8923880660136,0.3596970931351883,6176.172899853233,0.09220541049935829,109.0204667437838
1360.233918800428,0.13268158384089151,9374.559166273943,0.08341558476747077,50.7657637654089
1270.3932863845255,0.15415143840444046,5764.527220251142,0.057909791877223754,79.09296328121576
1842.711902160555,0.16227045021679018,8332.281247874167,0.06202939828212693,82.82227044901006
1313.347917585143,0.35216869926756933,6330.310951624624,0.09555878540475558,104.73260773033678
1788.9324717760073,0.3941656102028013,6782.710716071361,0.06443520243998782,140.48894713874822
1891.8721448107349,0.4438575642261585,9702.796303784224,0.09094302580985589,133.8114963543094
1433.8174195765296,0.4762546203224972,6202.240627040397,0.06429686444552009,73.21729853083079
1909.943143854392,0.18068182295457672,5475.013809114654,0.09697312846617173,101.93902359440692
1377.3180539631928,0.22390899388961963,5346.424507221129,0.09572264564185015,115.91486354289616
1964.0784164901083,0.19612915229793226,7523.075550497311,0.0521631586814394,148.75115406311474
1089.289524525573,0.2435046269864551,8208.55741142144,0.08852069934337044,53.1302819360308
1687.0192665032428,0.46586604296949974,6636.468217854436,0.05847308801172035,96.38773167703197
1493.8140404569288,0.33004502677574465,8451.298708965403,0.06076358129531908,148.810865400772
1387.648805455647,0.39527675892979963,5305.168592866189,0.0729922606165738,147.72057970280952
1632.711878748601,0.2960476944507128,9286.673224614384,0.07881590748747251,83.07265175976292
1703.857091634331,0.11154316533444981,9082.83604869619,0.0662899859485246,50.00167362579347
1004.3632696503091,0.12567819439912575,9927.481356960428,0.07876916827771047,108.6734584952334
1166.9530887471988,0.31516921250715435,9682.524904509228,0.058532918567056835,136.69388507928906
1713.0460506343188,0.38751561392801026,6780.98581959464,0.051116882719051855,82.42972241778892
1666.3854135782065,0.1861322110114926,6996.376920077886,0.07856121941808816,143.42699648337702
1966.0475051286771,0.3887638295969217,8729.824237391298,0.07587076299811595,83.2702437111263
1761.037790250783,0.42426630939340504,5670.413859774916,0.08448269820379625,111.02013199725691
1950.772707731338,0.2647589913448445,6570.0735512241745,0.08249110309839122,122.20460731816351
1702.540501534807,0.39856769313764195,5592.704684878241,0.09487431901169778,84.54157644953617
1298.052208639443,0.261611980131384,7274.432245364157,0.0729734310080773,85.220641201928
1105.3649222508566,0.371340251782008,7760.021399426589,0.050418473734647105,96.99948296837741
1781.8238633449355,0.4055988197278172,6055.802349813762,0.08153263407984271,133.5223428104575
1644.149221475916,0.4967706473232444,5133.158434570525,0.08375662148016091,60.08507675622285
1048.1860123932963,0.23815866482543846,8596.779158752615,0.07607474946979849,113.14793853987916
1360.0504659009785,0.26441631222984463,5100.025822130842,0.08446524351206078,117.734792930926
1956.7998154842862,0.16624802376406855,9867.01304464178,0.06617919066180764,105.78727599891366
1500.4011457102013,0.18162922336072276,6108.036283711977,0.05744041515955396,143.58383873756225
1432.7291360197046,0.37735800103935113,8319.500460581456,0.08322768319782034,110.19907169345467
1457.699605159294,0.4668182360617904,7173.758631199946,0.06225932146077644,113.45767510770375
1208.8827240051637,0.25784198066449626,5298.369301685536,0.07281579546421024,109.97600279148402
1368.7071708647952,0.1719377787342165,7360.918033172337,0.07458113653058243,122.2018774928167
1369.8132559871765,0.21403979975319765,7583.803171483998,0.07385997752341943,63.54094156538945
1052.3550201874723,0.28202068192325547,9273.416040464343,0.07992245718399779,139.4276323524307
1767.5676285179184,0.21626013174614736,8661.745348239489,0.051472685446292944,54.24923229190532
1416.5044319038789,0.19343163324874652,5396.512373766932,0.09948412474650441,114.07439600539823
1822.1798868164233,0.3943937955028318,6045.813417161326,0.08581552369692858,111.54809322031079
1850.3480011198953,0.10313796849624929,6559.4384210747385,0.07126938908993814,70.81211274266535
1211.9940546986581,0.31569221093459326,5582.038432324098,0.05956650151451222,54.07109736841366
1657.3534821701287,0.4175067228119016,7284.495354572453,0.05400886612216782,63.883539704810914
1472.2818041629816,0.2064913145269873,9921.545954312678,0.08360952103130609,77.16720549512216
1880.156737921485,0.3413166042448069,7573.063956188807,0.06584778074792792,138.2105690559044
1215.740679176454,0.3675600422474471,8709.410841615847,0.0614739229124934,135.57344041799902
1677.813200310044,0.36200987856203604,8414.688988496731,0.06899771935561667,56.385557426605175
1607.7521222527225,0.2783398536794871,9249.55717546069,0.07964615439038551,78.92680080306849
1295.3014775718327,0.2386311951503117,6078.617452328047,0.08358526083420006,138.93162432490539
1136.6009036511725,0.43436962921112543,8769.131308465141,0.08225850346772651,73.66590284446202
1651.6397604772765,0.40337838279994576,9406.776201528748,0.09316327917459868,149.59653038208867
1738.5974581323308,0.22850206936556502,5857.549114901214,0.06093787155350577,75.68401957873066
1315.62734376335,0.14120767777688245,6734.011098940018,0.08183730815985678,123.91132566709997
1644.8326040223137,0.12872301817818768,9850.508821657808,0.05505571880930471,91.70591735713936
1395.1309076115033,0.13771039115957442,8903.939229898962,0.0773967344949589,63.62445520445246
1713.2068832826176,0.33314774447681716,6412.954162687662,0.07919792012448357,75.51546133288039
1199.215274894053,0.12066487033159588,7819.708848222435,0.060811864946708684,117.51180756214514
1890.2150026361744,0.23477074998561537,7021.630614247394,0.06958465649956184,83.705640203645
1287.4095964655799,0.40127988076569177,7449.825881635649,0.09135964447919012,110.41282206004783
1367.785987756153,0.21773926660615125,6775.830956953542,0.05742045268764817,70.55310427689597
1058.0919520803498,0.4053232308720519,6396.655092651703,0.07172530988079201,94.85809721828008
1111.5122123212764,0.3981868152828222,8373.815206957093,0.0966366535605726,101.22457802842254
1515.8619027123282,0.19833085305328654,8892.709075430588,0.07520544638498006,91.27845633143244
1267.5926767279716,0.3915288720370982,9369.785613736723,0.08625668559166436,69.79180313505938
1835.4802257421943,0.39911065530884027,5776.64983659094,0.09134330197777756,96.15535246067375
1014.6933886549539,0.2589815702668108,9114.277618226202,0.060188718742274626,119.29005605390304
1379.0940486719362,0.1841681934966073,6274.004122385318,0.06091086177664662,146.4905662825861
1337.3455467690926,0.30850832275674767,7136.681949550253,0.08792957280491918,128.95216204779496
3451.1580667454864,1.2433423886372905,2580.146016651366,0.3180562816112952,290.2603099703093
1124.3683990005102,0.3558466929728248,7272.51800491301,0.053009166031980956,77.270184980354
1413.6426749186353,0.1691689990509045,5985.317670221581,0.06612491203474823,57.882389545335
1492.8645844474468,0.37310276989340796,5799.343276185589,0.0699266245954219,63.56495242600779
4244.127261953601,1.195679812688108,2839.588796248413,0.3808969072305535,279.9406434347528
1530.9376784120939,0.33661151894214925,8813.362119882771,0.07109311277148687,69.952736629822
1595.1316749056814,0.39362561400924323,9986.025719871506,0.0962964445201622,71.36492507666367
1009.9238211278356,0.3059789406057779,8937.043142154509,0.099830388857032,73.0770226439288
1464.0951594535038,0.4255935898293235,9385.059794714267,0.08903630828471748,80.06786957836114
1963.4992408875883,0.38886223172665113,8739.16180467444,0.08331933447836287,62.55860686267587
1519.0322801295488,0.34602933600740426,9477.17550378053,0.06959485829935615,77.7834983818295
1677.5422674589531,0.1603171263329406,5381.467716569567,0.05335197230260167,118.84118272820565
1311.8638579168833,0.4343796443646274,9649.657994908226,0.07865693781980654,73.64009998254578
1773.9913781527625,0.47436223412792644,6982.03076862828,0.06808524527719956,67.18384276526874
1772.9214818761152,0.15478604952371794,9608.071116402223,0.06754490379161718,56.76956621844607
1521.2960476541389,0.29529645177337227,5378.664187297378,0.08438546263547178,99.99714861970384
1976.0138232792137,0.2035554967882018,8576.21478560568,0.0731819679298318,134.19827278722764
1125.5502147626535,0.40180932297022587,8678.443743351023,0.0876046922385725,55.901664426374175
1016.947664889581,0.38865185440188,9984.554446488863,0.06990866113426897,104.23260272381492
1770.158211757096,0.1563540482281595,8844.27635344907,0.057543169274328135,115.06189154224981
1807.1555373648825,0.4508109085046549,6912.868529078033,0.07306737630951234,109.24616567788439
1120.2072291205764,0.1723892255912009,7786.242758092727,0.09755062571626817,137.76232035658512
1265.582832958606,0.41890361025924305,6832.754690832951,0.09007623145582792,136.63955802085633
1017.5523633666289,0.282792143851202,5980.093226524291,0.060287462753668336,55.73075925284593
1293.3086107805648,0.2313089174232605,6242.511637511368,0.06956502508224714,86.09439692236869
1773.1418739186715,0.1632957050696854,6110.052671371604,0.0963896047610269,117.08298304977527
1517.9605277125788,0.16704570245865175,7744.076650816065,0.05618495293632833,145.2444655492531
1348.0955931682881,0.36475622188036017,9530.803172659467,0.06269751209324681,130.4684796453052
1371.7392949063303,0.32017215517884823,9563.633130441987,0.06311113229359483,67.65893105338193
1001.3536257154682,0.1488341686604931,5273.818887629128,0.07854664378309918,77.92088377472994
1299.8005275652358,0.14507914417533008,5399.497004759468,0.07053666598556614,126.35938636237385
1646.4587416379304,0.1289242299091166,6225.5952858617175,0.053993533699814994,97.14748472726757
1974.194443816357,0.3975069389494177,6275.297262347374,0.08145907272885428,104.7302442022154
1847.0608269838995,0.3847528340917157,5474.445876196256,0.054953893226007515,110.89798201757071
1023.5949646455291,0.12337239634183006,6942.3167058672025,0.08032074659895391,60.32915177257394
1898.5606046748394,0.3241080302387892,7938.626963456436,0.0753504190113013,135.5962033433254
1783.1984132986258,0.13387046209707598,7890.811002997318,0.07468343303626564,136.31344393767273
1780.3761235709803,0.46149830824357674,7717.148406292963,0.05337481226496149,96.82394441283672
1457.9957590035715,0.462846967672053,6693.359624437486,0.08196102234417679,112.68452185006632
1398.0052929545027,0.379293195925252,8532.278426582903,0.07156601292946654,115.99041200254902
1302.9157288331926,0.47047556857578,9132.419704905356,0.07055530611428433,68.97225847298841
3715.8276048578637,1.0311753541835562,2923.154821961113,0.3149655900752174,281.0605384690513
1228.2353634936992,0.43141543037081975,5427.67679649731,0.08031240299732738,52.067294640375025
1246.6036349780247,0.32788314022797327,6481.651255459283,0.05075166478809943,141.28818267776012
1484.0770697102016,0.22242367928647036,5686.843272874514,0.05626129506016034,84.57132889446913
1747.444406596694,0.18711964604656864,7336.793636135904,0.06182591104223603,58.5830935011003
1473.8098283979466,0.2308800088155717,5779.675756580391,0.08389886666729895,96.57999784979715
1057.8444494471605,0.35139817203562485,7314.223788289886,0.07883705635148038,57.56251133461752
1957.7898009882038,0.16906261433295958,6105.014461623239,0.08788145661923769,58.52507528069549
1942.7243190941122,0.20345609465492864,8693.655527312014,0.08703039027719285,98.88853457045252
1785.1895431484083,0.2872243451181858,5137.841204179228,0.09265914346030754,100.88366597166352
1991.3279015642206,0.19322003940984622,7773.731519159628,0.0688407430636207,108.01430853279106
1544.482332800263,0.33545746788642467,5847.441374600284,0.06725319330916514,115.63114800086018
1962.768350253206,0.469270411382532,5004.959322348135,0.09155077015267317,116.82673701791192
1075.6050406167508,0.3992357462812506,9346.000440324035,0.06188007669335923,93.29966875515176
1365.6807482613713,0.3665706456595652,8357.638939070337,0.07305861868368035,114.35330585373762
1225.3812680067658,0.3330885903935115,5494.714110252617,0.05971628260111249,80.47397562145159
1195.83308413427,0.29517916370282593,8320.361838419278,0.09569203710696068,94.13081911551379
1140.802948892676,0.1746255438538639,8058.236663687992,0.07039015065483127,89.33270485322804
1622.4136415659966,0.4578841821707462,7366.783435216017,0.06062434491154142,82.91100012186365
1781.321855747305,0.19941440080513453,7096.29049212807,0.08460066952844561,73.85708256109662
1578.2983994203605,0.13652355103126432,9435.348814578674,0.06223223391052393,57.845900054087316
1146.9627095882097,0.40000607169147806,6225.740099487257,0.09717518015851118,100.59104777856957
1811.123769933471,0.17024621373246657,6991.550285066916,0.06838085074047058,103.72881862058948
1635.9547071637285,0.2487583998164704,6645.577064474136,0.08323203560509185,83.61550441020567
1388.1657061269955,0.1113139713163919,8856.005145183168,0.06726224655787068,147.5843863035446
1674.130295536063,0.15482717701617923,9582.326531162696,0.0903622791496737,105.69612103064583
1259.9049792428327,0.16928145230396485,9248.908493701152,0.0948461370511388,138.9010518915238
1345.1922084942105,0.12176405110007119,8988.519651498842,0.08939591797073931,107.00853095216198
1917.4858431319904,0.3626627826491381,9933.949727850415,0.09242495093637601,68.99158529716611
1290.5045056714202,0.43480311832124696,8485.722752051926,0.0550940413968818,147.462253960192
1469.9882681579365,0.2493261625463764,8755.26895606767,0.09620323385165333,138.53350104490477
1890.1411373960145,0.44983059068728026,9914.012698525094,0.08121503644376402,97.1273678437673
1707.7213502675274,0.1853386298240506,5034.9539269958705,0.09346087660830998,74.30578918073144
1062.2032261647028,0.2301561694244958,8170.241882181825,0.08422183820927077,72.26696162648508
1147.3030442789704,0.16029479721246737,8694.857659766447,0.06009238342718552,130.60204271662562
1007.8415907719168,0.34822367816759947,9589.135268785976,0.08047775508228383,56.91186114512594
1630.9217902291634,0.26794783634812275,9419.221520921714,0.05454731198615705,113.80603814135489
1447.6734254104183,0.3453133387367595,9209.803406168972,0.08478615151090793,114.01349235418353
1134.2748509022756,0.4046699621576735,9728.956359708518,0.07045005705402864,68.24545477258089
1957.9341210567704,0.31828120641317936,7686.895939568538,0.05758665865501045,120.4912368434663
1529.65972394562,0.3510521419607152,5034.600477924134,0.0989614907934207,120.5406289195481
1241.8932941128892,0.4741001257577332,5055.2719934850475,0.09505422121053406,85.00308674413836
1500.6035711547074,0.21962572384353726,7723.19527808929,0.0946771856701627,98.33759127169917
4697.6452366859285,1.2138757387301358,2383.303611547078,0.3190339822663585,327.32528182741936
1076.2392179735646,0.3870813446837348,7256.225266827243,0.08459905625717588,102.31532734672453
1274.703815047892,0.34452220682215473,7002.023686050185,0.08275397401461226,111.8157100984976
1806.9654908839937,0.17141316181588595,9588.629045456179,0.05530469188519277,91.27696504862779
1459.664870402661,0.2504589240041961,6795.851755848949,0.09502831176592272,64.9599089164902
1546.577142032295,0.287135205249886,9281.134708815416,0.09405641981523052,149.8066631634091
1432.8160022094694,0.26775593518735574,9514.323968958204,0.08739263132624267,103.15365202826075
1043.899942643005,0.17130992332881634,7497.508849994774,0.09636574795375613,83.64464614205107
1165.749779820156,0.46977203671370493,7234.690186825442,0.07765417256989961,121.3787325993134
1445.541638741891,0.4049275046775903,8805.103021077233,0.07238211673587777,112.08217666615022
1209.1854654079277,0.2925423328431409,8539.857538199412,0.09839737010831394,73.2908280299356
1049.9790286596788,0.37202441132273467,6642.67558298103,0.07320655938988281,137.69254993975534
1843.6496640518237,0.4589130688542088,5512.740629623233,0.0820662220533579,57.09029369212368
1981.192529164116,0.1544696569446285,6324.262000912402,0.06865310734292196,110.56982518359032
1793.1428739967396,0.20014922028279108,5655.142529061495,0.0818163113009864,97.78884914783339
1853.7849217046669,0.317080498902658,6473.661378883457,0.0860049497812844,81.8198413785322
1241.9771303170453,0.4196041485409435,6309.107827903996,0.08123277626442753,132.63801282602418
1960.6269755131998,0.11450195817661096,8188.557119433568,0.0757281470608099,115.62770742892631
1196.9257044534284,0.4936072600785443,9772.480142273898,0.06500553988126165,125.94994968775754
1951.4298103618323,0.2819626411529589,8428.718661652418,0.08219228380681118,91.46587426445214
1994.8192939659511,0.2436924562486892,9633.247040322847,0.09542144476306814,144.23983313065105
1711.7228057460488,0.21708977513590877,8920.661293042216,0.050345629558483374,84.4723422719
1981.143731791822,0.16974268306034868,8639.388110355867,0.05669645137148452,103.10449244556457
1569.5397795671038,0.4166295635720112,7070.309701066707,0.05598865792499279,143.3650111811559
4940.771079381514,1.3789626841420093,2624.1693211540614,0.35719237741189924,338.4308189197702
1436.9958856656208,0.2654579019381593,9231.386862364596,0.08313738444813074,60.88104371669577
1593.5609353787859,0.4809682779013825,9526.966164645026,0.09758940532350753,149.41877663234675
1073.081562027015,0.4295190461740137,7259.412468254661,0.07914066366062142,147.13911569556598
1622.343264617246,0.2924204509905273,5045.3154909332225,0.0730866448579627,127.17016058371362
1981.1778367622946,0.36961047165045313,8962.655294532353,0.08961714559071812,98.41882760711647
1190.1076497837275,0.2739936716681852,6425.344202361458,0.05804711337376123,100.60608486364433
1792.5951162883835,0.323489363285021,5049.439325084603,0.06906690581586608,75.72128735374356
1907.8987937796194,0.12321853480740153,9024.942794880611,0.07331371202671119,93.2731036135325
1943.7015928202209,0.3785053901202132,7587.070944084491,0.06492291972560592,93.13493778663323
1960.1356044054473,0.12112985779365469,8426.053731692346,0.06856428062042393,53.60900189267387
1521.459638721472,0.4268339787678598,9573.449105722388,0.05390525934622092,95.31582080336695
1977.3079079915037,0.42997877178422306,7705.869150690527,0.0598991794724779,97.97944085174672
1757.3102071344388,0.19483091502248584,7515.970362894828,0.06677483601654642,116.57831742298627
1161.6714362369619,0.2294651124143201,6453.310606741317,0.08979452166165672,101.64529133876775
1476.90010646797,0.29252415142331734,6525.969172199763,0.0591248677421432,136.16829323752026
1718.331175372004,0.33866516277299263,8982.71033014823,0.06733201869921124,86.75618252418238
1247.3403158190833,0.2149414646967987,7245.146227929685,0.05324601440984676,90.97175912056022
1640.6151835488872,0.33699456185277,5817.631043040602,0.07785521724133031,107.14825136560745
1666.6004790466193,0.21911482929171955,5472.643820002478,0.0805625444070464,70.27227245112795
1162.699743808566,0.12219628842842428,7364.600584308897,0.09327582317310835,89.34980855822195
1565.0853124527562,0.10101101993276358,7324.775118088652,0.09095579992509821,118.61674717533278
4010.7748988137387,0.8400939241129204,2695.4995674265992,0.25195555580494394,205.25476656032055
1498.895664535942,0.4169002800656073,7355.337388725704,0.05684768445949299,140.6616510009958
1012.1031167761074,0.4845725249533349,5717.378520671074,0.05780415911052019,111.5300520940443
1009.0384690792922,0.2707864797124877,7539.014423992568,0.09844819715202223,65.37677499213642
1357.0293439700122,0.3050735813799771,9533.947019430125,0.08366129070036787,98.74443409893614
1926.194068431782,0.15873926762937046,5797.207058101062,0.05212853939016197,126.47787455957659
1228.6767796036088,0.32041254107206285,8448.773204888745,0.05683896275225473,114.33451653065362
1634.3636888716871,0.15786196080279075,7969.296324827633,0.0742900032550478,138.52635736721197
1222.0758706933207,0.34448573247953207,8742.928633559013,0.06039144021465599,124.99828965226166
1321.6699896595487,0.4733034670323416,5753.001367137964,0.09018294925000095,56.161377260988665
1848.042089601484,0.17827941572121586,9708.026684529974,0.07866085587846824,61.25126492381554
1728.861442269947,0.40582548722284084,8104.832138835793,0.08063161038946492,114.97486987710982
1095.3992773132106,0.10940096912732962,9235.355688455684,0.0731412774024606,73.84079585119386
1428.7020209864336,0.2501988965286484,6233.033818401178,0.06280313877131578,108.78349026392374
1029.1697636452645,0.14429940313220363,8697.064446989807,0.07947018066012733,129.22175920939765
1480.890146603009,0.2409901766382798,8905.153521669596,0.08584850230803659,107.6931587807052
1662.4340117010681,0.16941476785555343,6987.176361935379,0.06854740388150835,91.54885700062894
1118.5026235981516,0.24932199604915498,6919.767264417111,0.07524718153089177,114.62703111127189
1288.8849389091656,0.2670091224430121,8288.981325128747,0.09198419852360167,64.36194442746317
1397.836625502157,0.22023644911236737,5467.03840880108,0.05743408809112302,122.32079955032818
1919.5310246560498,0.3626487797892517,8678.120751087545,0.07726122096370502,119.70251137120222
1993.2550154229639,0.46754082050356394,5214.433799197054,0.06742063309146142,101.4403364952289
1044.9112989956159,0.26023814964210895,5952.95150560413,0.08513973791086152,77.88134950131723
1761.0079234953919,0.17693726259000858,8320.718786206835,0.05094051215811973,129.756378662975
1371.7240664023432,0.20828910327839334,5491.618335459819,0.08352366499015944,101.05503032280171
1392.45818622948,0.44160032939854765,9859.21045738395,0.05514488670080937,55.91769058594688
1754.2649733470225,0.32865588930805917,9341.981047309502,0.0532383876496829,141.861255184066
1918.4264321454086,0.2820044129227829,8131.511662033683,0.08623116504793066,126.77164364868919
1950.9285945025485,0.1598546886035707,9095.28727834675,0.08201710764520367,108.48051476826816
1577.1225860383208,0.2798909233295128,9437.900242947839,0.09474679654463294,93.68255172829012
1357.1211593005028,0.2113968013429547,6297.378247859092,0.07598274779003227,145.98996980416908
1787.549085858779,0.47726525114133966,9247.057939746597,0.07650122127635836,127.50205742654013
1251.0013832623004,0.4536280437662925,5973.968918188009,0.08535089177882753,103.49930672868365
1564.0740288335178,0.1335610167312792,7066.711320744076,0.06616987881766256,115.31538951838861
1358.578461524873,0.30666139570449713,7791.298156242997,0.05184562277109663,78.07504017297991
1656.631073707876,0.19002333820586884,8569.454815370162,0.061502291285952894,69.57159427488848
1240.3989128935068,0.26431083580971626,5150.70658861264,0.06190067059481833,77.33195473040786
1191.5929457348257,0.4507391993005826,6452.547063890945,0.0667829425139097,79.31360992827268
1918.2390866754372,0.31100580795541793,8042.595491051951,0.09717313665202315,123.97384506387108
1101.803682949537,0.23368611734830394,6786.843395745594,0.0902421399331574,64.00610407192326
1505.9579077349317,0.18315534164199884,8875.125278147467,0.0967978122602596,127.75872017176788
1220.8527829630088,0.4201299437625957,8258.260805753582,0.09993047950565002,102.33953133612124
1038.9299633256674,0.3498072061457389,6172.007268618679,0.07168895020435223,88.45731043768018
1036.0188182914264,0.2872261841704925,5729.644897961665,0.061353665834015234,80.03961095936887
1175.2217721058273,0.18699374154519122,8145.234967935252,0.07800020806276246,101.32006045467551
1866.7703545060003,0.23369854966285253,7252.336638523789,0.09405672069740595,81.75184626300495
4685.576429970327,1.231971548073491,2147.606403162179,0.269641766077497,243.84689768297335
4690.897065583871,0.9951125258289728,2269.311953655125,0.32898478740862325,314.87609497355805
1581.6222929891935,0.2602797124973012,6515.233741592932,0.05672195529639134,112.59985063531505
1436.6141897687662,0.3085688169393296,5540.659861696876,0.07102277462838806,124.79823764731832
1580.0888346694546,0.4115954023598435,7734.54509632614,0.06934974049042891,121.29736896431221
1516.6983852262679,0.23604357460114753,8818.243169562771,0.06758442514327248,131.5072493322922
1758.7762537573253,0.17148244837304355,7877.334444264935,0.09436493349621,70.16899597067129
1282.4960659728522,0.3339744473356191,9131.456824686762,0.05296507166061665,149.51229994733012
4323.967384807734,0.9194554289847753,2041.1014470151474,0.3278177958916466,301.8553145145147
1894.0943025332508,0.3850872011834199,7178.059289111119,0.050412341263656804,121.82329380808706
1946.4565131504055,0.4527950363064519,8047.075518290496,0.09727970069749045,117.77501630013217
1892.5582274864746,0.24846964827564522,8380.007804709538,0.07740237514192719,106.61500846170284
1419.4479939573137,0.13014195849155674,8478.931532117134,0.0851222622200058,149.58162186058675
1780.3655030068817,0.48333943345237695,8644.827135489406,0.05935664248475617,71.73158496368865
1476.3357333010988,0.2740047709749901,8257.149060980084,0.08271057695083035,92.1728867279028
1497.5398521461022,0.3493030038692525,5471.140444704338,0.09409788342638664,62.77305592254319
1204.680109057284,0.3665221292513169,8476.528388011482,0.056974006991682584,68.18354719825494
1591.1303032585165,0.31860548348048146,8623.913283871938,0.0563540806136645,121.29640635767666
1186.135897753348,0.18210301189450806,9967.399671668136,0.06519889545747365,50.484267876328005
1331.5646990671937,0.4020572200464566,8466.81218350563,0.05808629462376991,138.98206513696505
1855.0302016199353,0.42150078972163263,8434.151978757745,0.05553229240466736,113.31844832686517
1207.0758092108551,0.3211902344069759,7574.06645090986,0.08391595179926459,94.09050537163301
1071.158285173433,0.29542446423393665,9339.61454292557,0.060691330695624546,83.13611072469256
1069.0075926128163,0.14557527325119413,9984.17380980579,0.08335074497009931,62.62740485999162
1940.784520503108,0.13358066459991355,8895.22435098716,0.09309646135579082,142.15625864538754
1506.9204379618345,0.2358259382254115,8062.501889289042,0.08260123957065002,121.23223250352605
1409.4120718170184,0.2243384622069573,5394.7741346578405,0.05596835349577005,83.63929989260411
1810.8785810079185,0.48146258038530854,8633.695658648137,0.07867887870237225,57.093617944062046
1835.825927910516,0.413449096977372,8542.807842909751,0.06968143421057754,82.56828315410176
1332.1910331156046,0.363969718103624,8877.840739047158,0.06716854683612475,68.46342948090835
1693.6180574737953,0.30705923560704207,5622.776941997447,0.06592657343149161,128.62733132312093
1771.1228158518866,0.16694701229066056,8268.662500630717,0.09647161119098228,121.95986847563597
1654.6506868659544,0.4913826688737136,6478.619524758373,0.08712537283388638,99.81606273229251
1151.5950748000994,0.25001627929608405,8801.356217014169,0.056692439479014756,138.58411030910088
1875.883083517057,0.14277024097889793,6201.869770157331,0.0738002739866232,68.0680688139084
1539.0945527360086,0.29751955828629845,8419.893384102053,0.06591115376269599,95.19655854334945
1282.4724263700036,0.4495992046452333,6474.964734919899,0.09889691562729791,121.06203039641204
1425.2281854376938,0.45491640071093176,5044.971464087155,0.09890144864765849,56.78023497186791
1037.5710903989075,0.10438636642257891,8166.789559865478,0.06597672371665175,87.2677360894711
1127.8668012224175,0.45451829790055986,5566.345415794612,0.06760565580727274,107.16648021821803
1765.5467505158608,0.2085936869999434,8296.45736394107,0.07997071035682729,86.68035387370236
1000.0116347553661,0.11558894558736924,9628.047241784687,0.07396535071637501,98.01989892727508
1416.565828482292,0.4391161081451498,9846.229671055451,0.06065504360792207,110.81183493670719
1522.5101810855886,0.4455467023952834,6179.615436638063,0.08302060834943056,86.8390614179585
1054.6344200009723,0.33849243193694,9046.266138253275,0.06670643219376193,60.60143559224682
1973.0781629723328,0.32977350291854335,6767.766384362201,0.08268582491660839,63.94444973421324
1226.125331249672,0.4252481090485678,9502.285363739913,0.06918407611638999,102.7003969554197
1304.1987196362809,0.4145238210841119,8937.447843146869,0.08501049469281358,67.47400256318973
1303.9425122550274,0.45604218937708163,5369.608583228818,0.08338997354448252,138.98336721438966
1230.41666211735,0.3210989790386814,7035.684969386386,0.07544063779605004,133.4185685123826
1001.4738220863114,0.4870588370931235,6686.589130048371,0.08523699953554154,84.90320690060153
1729.3447940879964,0.4984587323733354,8925.905103616386,0.07304828381160076,133.098717199493
1966.8454997992853,0.14661784399945305,7051.428553265796,0.055806914982506145,103.31878303410949
1224.293483285045,0.43981750382164886,8422.941988265418,0.059105312666867735,65.9050928602941
1663.0471918034223,0.29992890309943565,8012.176277952202,0.062299656708280644,111.42118545413237
1741.8963269587152,0.25502653531993286,9878.19359548817,0.053161446411284834,117.94511172164064
1848.4253790905248,0.345228923953086,9688.924784008075,0.0855690610315335,58.38915784701586
1422.6291970136092,0.12238622290480282,7138.497573693594,0.06836951134158092,81.44530904220382
1302.9309056404293,0.302584447506832,8617.891058205747,0.05467616481634987,50.53839876119189
1325.295134023031,0.44835622801066666,9147.30046990611,0.09099790603627902,81.64288033561263
1712.6213330985129,0.18538460645558752,9494.428769310725,0.08418271422317875,83.54453329192486
1816.779466505636,0.2705559579077701,5340.671318882419,0.07261121185638506,113.02086267790848
1181.6139677566027,0.4757923550859502,6510.393996367484,0.062371266754636716,69.9043279649165
1370.9410081577653,0.27142553512227896,6601.150204842609,0.05758729468964234,53.00909867277927
1901.94019674915,0.24334705293295933,7172.229756099393,0.07291870958775311,81.56345334932814
3348.0223712375214,1.2395183015477158,2160.3497311438346,0.26560895771567894,225.57641299633943
1984.8584027624759,0.3077811066070225,7481.02939975004,0.0594197661635985,89.91452055578262
1754.2482596820807,0.35279653765258756,8316.071636492281,0.0784329614495744,91.50937698340198
1393.1952010279224,0.4202771203666925,7486.819601083589,0.0980842997611128,96.90275628466023
1590.6378339946377,0.2808408823057257,8328.96547598808,0.08185582873823065,125.17888308099865
1661.0142542473204,0.42699237403605617,5332.208159089501,0.07199823650779343,98.00248923785719
1078.455816317124,0.31348826454083223,9379.936658537052,0.08581864864694543,59.12827525367824
1544.496959103865,0.2353922041471911,9695.345960505343,0.09122889595093533,70.63997995996496
1709.3208284726097,0.3631803312477657,8089.537120593243,0.07952581489434211,68.7897366992575
1167.3213040010603,0.38708890189739653,9406.954993184485,0.09359161794964964,100.78633184043358
1780.631717425557,0.32321959025179503,5657.230083241062,0.07572958796878689,52.99294650652252
1583.7727805141117,0.12264598925388936,8987.244600381551,0.09150145011031284,78.36166085127635
1952.2217856975947,0.16795315006432998,5595.74096736297,0.09760096202028476,110.71949410431687
1042.4222982068918,0.21411908835609128,7040.051157487684,0.07506217335117586,85.46506755316017
1265.326137555467,0.21305024238059725,6619.092672791376,0.08025008577926626,120.77121584188217
1601.553879299824,0.3693683200987482,7927.9591261022715,0.08047337714749175,89.12213368567905
1296.5599122059307,0.10733946466945304,6507.5726761976675,0.08907174317991454,147.92575283777785
1714.424164071242,0.402272710819808,8186.568148335664,0.09114829200887115,146.5356287058314
1759.005282521931,0.2061369899227733,6836.936445759789,0.05136146581030304,129.98407144645913
1102.5159640664745,0.22400873848644098,9303.951905152322,0.0866679782045194,145.4390528051511
1513.8544642067677,0.3111639311775697,8169.419201098058,0.08919076223151189,70.4778241617663
1508.890555591056,0.18637024037558303,6076.49148660723,0.08502147197291185,125.09231657963402
1369.280770215541,0.4537885254302111,6680.647110140435,0.08568478296615481,82.1658633319457
1932.924862569672,0.1341475117306261,9237.10443813328,0.05207014295921347,122.52943189429237
1827.5063198732212,0.27775294492042596,6932.398749937292,0.07210193309744531,87.38934616331993
1697.2093819096367,0.439768907781956,7678.995327828226,0.09090898248608703,78.94206597441855
1714.3266357349976,0.3463375577684943,8244.709679761663,0.09670035706475519,145.879509522166
1461.716143813119,0.2169318063370534,6739.048247929584,0.06147339602859674,70.98854417558381
4324.727607684312,1.4335812791424658,2167.562773955763,0.2522986131408594,271.67445431033764
1694.5954272532854,0.38267775213700583,7376.274513040144,0.0902165119775292,117.46721632045552
1728.9810616558166,0.4893042973455598,6074.404860463946,0.0876203821429593,80.34776418080642
1861.6909037873452,0.45725548735177346,6421.052934595317,0.08094450584900396,95.83430174922796
1274.071589342191,0.23697312335295073,5310.39242016018,0.05093455941310002,64.29430959243292
1807.070903866703,0.49927915171514303,6519.8513798550275,0.0861942920055783,142.12086043707228
1195.240602956492,0.10140186541242331,6603.520466817847,0.08866212516394076,146.81198015274305
1345.3419522448878,0.11105190232336604,9809.165831456598,0.08614247533128175,123.24630317513596
1335.6104542698426,0.42953620606847753,7948.6441273294,0.08829045807449784,134.94203438326298
1978.5254683891405,0.1797850747332208,8936.912127079027,0.07154574463394302,58.261743080131865
1856.5372237479269,0.12430770735849635,5226.886263901612,0.09968760729626955,88.39686179563915
1701.1698615902596,0.1948592292946009,5532.68346804186,0.08853934579363296,83.08111148822148
1727.05676161539,0.2704400615923441,9072.684804312961,0.07893400026399928,106.4951565619069
1562.0727944025712,0.3922265081733619,8117.747747088179,0.0967095634873312,68.33552946741845
1947.090667108519,0.3497342106204822,5954.910152701014,0.09540991697290092,106.33813206269977
1496.2587528823615,0.1950484870241682,7023.977029308691,0.09072835326671325,115.43653655765883
1380.5177098698946,0.3013081792402338,7693.362499908114,0.07818474594918833,63.23530918572627
1163.035336931591,0.47048564215942756,9218.049145687208,0.07635505095733568,63.1720708865444
1786.2056522610578,0.42600311079350306,5302.0599584724705,0.06643539659872605,53.54233898431511
1734.4439320755914,0.22927591393271737,7983.611446836812,0.06254389895519742,126.08924496241443
1384.355038524135,0.4929058245422785,8585.17960793342,0.07561797584875433,83.10085368388047
1025.1934139592295,0.38344816017405237,9889.459289552298,0.07888908808559869,72.54204557448023
1838.9973277180106,0.12497974226671271,9035.800391460922,0.06222632157294228,127.8094395045229
1011.4179834540736,0.11406428531545548,6381.136567826367,0.09613006218267395,64.32556900895395
1703.699779629051,0.16736317960401198,8547.895969391326,0.07786369983671593,92.71834270973049
1970.257109726057,0.3911423472200587,8816.389424634886,0.07632526626910734,124.47866755185272
1437.6613281482034,0.17349557033697116,8648.677499591977,0.07178191941830701,107.38323175871766
1234.9734049959527,0.3045947076835334,9100.720339759351,0.05290356478584303,105.40001434924231
1704.8710100433818,0.1373040480723327,9518.649881068188,0.09412006672299247,65.74634107160252
1817.1281420155851,0.46835446313207807,5492.149344946702,0.06584971132215149,68.0932727834741
1546.4303160778472,0.23758424543342704,5523.819288405594,0.08212301672341472,108.25587939097412
1967.0352752561462,0.4632528226242524,8981.99994385323,0.08037167794850178,52.35668610806601
1051.6687216579612,0.47795025676421776,6261.862382607354,0.07922434126922634,136.91179889634105
1504.795598304528,0.10245145892547232,5292.7071097503895,0.07628561010057922,85.04708006409749
1718.45394732255,0.2856540748794928,7006.145904903029,0.059071991671566404,91.66162170173271
1862.6404711491791,0.10986242228275717,9099.38455913039,0.06403028705239829,75.84323347326
1179.2556119077901,0.46347710652116236,5632.825119069902,0.07620940356351501,137.66710992631033
1800.0034817636815,0.30736301789383036,8359.209859022338,0.0894671225798463,114.25040728059051
1552.7070757185452,0.12997760507939873,5018.079308857838,0.07159944853252094,94.99084690350668
1396.5536819899633,0.14411069131062676,5548.687236062249,0.060196127652306544,108.53087956597412
1131.7150285790935,0.25340360979709564,6754.251728842434,0.0543972212402713,88.0369595975391
1865.2957589089124,0.47609367714915585,5418.01140512207,0.08315055017470122,96.55824782844121
1157.2732081797153,0.3771636606272324,9229.508337185565,0.07116699853105823,85.76321934142845
1309.7878592090992,0.44704754647565303,9320.352515727343,0.056268544631132095,91.06747942108353
1290.0455319624368,0.24658265853599187,8777.853515497622,0.08372334399934919,81.49765440094303
1871.4140341908542,0.11728547981999933,6212.398156978087,0.06037893654271866,57.7641077546022
1672.702994208898,0.4897270548817657,7616.235376199899,0.07545080241518386,53.73462781631688
1796.6813971913723,0.10686919626494783,5920.942627616857,0.06530939875384303,67.41062042677386
1250.467898792499,0.4790606612324356,6406.392250365554,0.09658450322170002,75.16377438287304
3236.9241438952313,1.4111903602858429,2623.0972790518704,0.3402033789966358,349.4524816069494
1571.7459831437486,0.10403616200875261,8675.069042303989,0.07099592607710142,111.12486545231047
1832.8303767882712,0.37566289268980335,5473.271901968195,0.09797467984140029,145.8297169623991
1906.0870604812606,0.4922161216125417,6483.483488140431,0.06593625899691577,83.96468601956296
4465.123649257584,0.8766606731377472,2896.176632714528,0.22728542836434398,271.7689824120911
1674.0199190587928,0.16437480448096736,7145.616588909441,0.06583635218531626,121.9753227589857
1051.835799119729,0.17249912242646198,9694.348369546573,0.05553374895586245,107.79020776340305
1548.858665077356,0.32621556584786404,9957.00270776068,0.08137736163421463,102.78800803820985
1287.6327290436782,0.3549219305713298,7633.2991305570795,0.09580157676426702,107.55640415639252
1306.7765995221412,0.39576716546634627,6440.220048924253,0.0726282333617046,108.41353122764598
1352.9585034523566,0.172420144188859,8953.884042862896,0.08130882713462337,126.57404242045314
1621.2924490496102,0.4836028347057738,5796.553677625075,0.08044492066283115,116.8082027315009
1334.0499656687693,0.3554957025156952,6260.234298360352,0.0707544851313938,145.73142486820683
1732.6990505902804,0.4388187675482219,8924.39954749641,0.08074483193823653,144.7963018056433
4843.365959002933,1.0888052700403525,2054.1983858220788,0.3798325884829572,361.3441510134723
1068.3532003099585,0.26571073903595305,6007.689684938334,0.06890189523015261,53.57226095119104
1783.7598424841071,0.4908731626379984,8255.628724761622,0.07211594281811876,51.107478221872725
3485.551210607963,1.499957787232003,2144.1530999849338,0.21140970643856746,280.35142488361146
1432.7668795992627,0.44674943311967164,5625.356197252845,0.06741664474166276,57.489739889809556
1685.4438832219016,0.481316958546516,6384.901299874671,0.08175685240579132,87.33660489708686
1332.456157148712,0.37014185080346373,6106.383776861167,0.06067019187094494,55.28745988840029
1056.5856561467156,0.31957547140747,6899.273143812261,0.06262848645269634,112.49140361371181
1373.9210470128137,0.10140434036426026,8817.224477880322,0.08242144377299888,69.01742259952772
1944.4485826943035,0.1160078562956024,8568.54051137162,0.08811549636833019,101.39653185695876
1641.7343972985582,0.18034048642044653,8312.61955191852,0.07310585882631408,60.30787826337352
1671.479148667207,0.1744033727423981,5031.427729342956,0.06675498483888834,132.7729065828292
1632.2821536376398,0.20190351807993814,5710.716566901947,0.09551357779661362,127.9958828193316
1198.9921389594367,0.22197385507906434,6116.487745510334,0.05679039075245214,88.64872210513954
1418.3338641022801,0.2440261974202913,6359.779230194248,0.08603571188246736,141.0593332525584
1750.9397983633182,0.2682150760275506,5732.1327082445005,0.08450853748735515,68.57006461853771
1101.3728975531592,0.13954653538240588,7051.577757369449,0.08451225813638971,131.39367052130362
1277.8527760897123,0.11694477278111282,5375.90292507013,0.09677102222117623,104.5855434376638
1276.3191084658536,0.36957777962920935,8750.110951938903,0.08640951504903961,82.95800682987405
1432.018927594506,0.3149339299372311,8938.603936480526,0.06507825947047921,58.43609349176077
1980.368740942185,0.2776576808880479,7871.3334480044905,0.06767046121161546,67.13111264077509
1067.502546683822,0.35377597646734094,5448.524385209839,0.06955554865999472,136.28626053556877
1518.7009943805951,0.43107176288141624,9450.415847733791,0.051540433704905304,110.68860751917154
1179.3646820122106,0.2710771636464818,9828.179143540572,0.09567551577041286,73.70955583964995
1970.676545409744,0.35644778602079175,6011.817801608947,0.0536776301932402,99.58528774555646
1113.3035047274643,0.4814288895340635,8523.199097203598,0.08498971410487358,60.78366698252419
1403.6010023615913,0.43584979834462434,9209.693153212429,0.0865080502421656,59.88424916685927
1737.8849848346063,0.2704003242009638,7699.217612713512,0.09218575253152698,140.7764651637168
1704.5544280274453,0.3578867351258972,6616.615497633744,0.07766811277977613,95.78562892629093
1422.7286368939322,0.17082836876637592,7392.7935754017635,0.08626322119282684,86.1567153951137
1346.5241679527182,0.324208873958036,7561.34375392226,0.06513614622329755,144.90718266442607
1397.6123785528705,0.4925313164553772,7003.1852209401395,0.08727920054563951,89.90006786071697
1264.2762631586393,0.3073260460810089,9649.21246816853,0.0671707868630943,83.62421280535804
1205.3329387067997,0.47105531967605896,8719.41555471251,0.0951419239213348,77.29861711578423
1483.03969755889,0.2629339682013043,6206.50821127482,0.05816909038831914,106.50628207470953
1268.5337560676073,0.49953793087385245,7927.785936599343,0.06578786553369768,105.84105922757115
1287.46166489725,0.3316880140910231,8443.445754655837,0.07493847257775654,51.61941759969616
1656.756063474557,0.11690759769437382,5700.782108510652,0.0887925278574049,115.40623239573065
1968.537331699892,0.33470191867655524,6792.128711900744,0.08743995525515161,128.83071030264534
1603.637200559375,0.20982907827183866,9527.74140801958,0.060535843716225175,111.59645424303895
1076.9794670649662,0.1129925288143579,7835.865500926007,0.05721178483058982,136.98881382840375
1075.583613854067,0.42834132187786533,6084.988730301584,0.06519848021470492,77.6416361036676
1951.423220845566,0.2102918547923024,5613.923990595754,0.07418770758379513,69.19794027687425
1297.2907903073337,0.41861942161859944,7591.134467374388,0.07695025224128754,119.72780938199737
1092.0669860824755,0.2152870331823468,7738.42861514572,0.07145687954776396,68.85591022003274
1599.0445871503816,0.17773054154950974,6672.072256773062,0.08315450583240036,59.1104879375263
1623.6487782902661,0.489574229641771,8152.080142095592,0.07137794717986189,59.66150685396619
1648.5048201186883,0.24465813110200785,5343.423431096943,0.09731645049693974,126.8393493225718
1267.4020278575413,0.3405504845772642,5725.698466330703,0.06304844239907681,52.87373016681044
1015.110684214475,0.34399259712578867,7731.369105056296,0.08136860603350474,78.94567048392
1965.015369454472,0.32418939286940074,5309.07846922227,0.08056889693300659,62.91864099440768
1250.8930456911025,0.46587829740848585,9404.543824955503,0.06407873609411421,125.49101467995052
1676.0262880525474,0.3697764285467474,5710.731852282584,0.07058438122570138,100.3493085572984
1706.6298698787095,0.2614932016419721,8369.599370422682,0.06827368097199854,70.54924144976673
1610.0074170794855,0.44495215380970965,6956.017208572126,0.058624953001024466,125.04108986512672
1312.9073942136483,0.17242515964638577,6998.938737711242,0.07386476063157721,125.03665091381635
1271.0962537640658,0.317694703044167,8824.447643055719,0.06933311265109207,102.30226470686506
1597.668282702703,0.4802201487775025,7497.31067086457,0.05891586800335797,77.58497870552097
1866.0956336116915,0.3501590519521651,8628.277318219332,0.07249400227088808,108.62770992622217
1946.7337289233956,0.42678738018995055,7525.956143763846,0.07109219841293696,143.35301007541918
1105.9058044037577,0.3614242902180772,7964.526707026317,0.05656828388297299,55.16363876262188
1154.82861259772,0.43574834541515617,8803.57313934832,0.056559377095900545,76.69498466217924
3994.450805393784,1.4049756110519014,2477.9065412017967,0.2573801334813849,371.36033451478625
1736.5352283347925,0.20916869101309474,8078.075546943943,0.08532904023585519,113.18116635848827
1882.993824829773,0.16786443250268757,8946.097957137972,0.09705902099544525,115.11643966619472
1202.632634135343,0.29359630013301596,9745.434079096867,0.05435023452305499,70.63153949437134
1587.585871109402,0.3807449707296864,6883.580769676684,0.05589307461891268,71.61005976625107
1701.1395944174737,0.19087650127288647,7885.585786129756,0.052590906423395554,142.82126845191695
1680.1118854469728,0.10164058017206684,5431.365788667728,0.0766114215378465,125.62988176628109
1408.1516908666981,0.23717404633468214,6794.019402844335,0.08113733071476133,143.42696985317195
1015.3948916913084,0.4875437341871154,7060.24612944693,0.07017617259660788,132.96629881626984
1582.9260568042632,0.3779869842423387,9176.186584120256,0.08989511104805664,90.21179802636985
1253.1015391796088,0.26053017757648955,7566.962010628384,0.08433497180019,62.19076368451681
4016.351363197475,1.1131019045082982,2463.574074819148,0.3553311215180577,331.91927226660755
1957.5810150838174,0.2424358695018988,5095.037000128357,0.05689474916498394,85.19910622576543
1399.0353176424346,0.1679357733204992,7322.4633481415785,0.05291578321712507,92.54119905918185
1839.8016066644268,0.14252232852518057,9506.58832581792,0.06374018527846939,92.58797409440582
1188.5406057492512,0.4626969490290216,6121.5695465289255,0.0509525097658422,143.65196216642127
4438.602639117697,1.2528518257192738,2664.5121820614363,0.331389836771227,370.384848331432
1977.0069544389435,0.16564577583831613,7167.043668567382,0.06519758293440878,69.31037614697384
1101.8931008729369,0.1218090235513119,8522.159103237977,0.07762150834857295,110.7942871014942
1008.319942227192,0.23189244285848495,7272.317534207348,0.0659034816439371,138.37580658868933
4650.895345012835,1.3838526855403954,2470.7591389100257,0.39502012861036273,283.46188028503775
1092.6254830513672,0.1819284988303418,8349.025206191598,0.057618236198744004,105.86929265149303
1748.3843496762315,0.2205699647194234,6271.944041415245,0.06601829601645678,53.456121883439664
1914.548663848559,0.1803482942766631,8759.448958209887,0.08077094652039873,86.28810343394738
1434.0209727087588,0.4097042273729805,5765.567654528667,0.0985810599843764,141.88332921726789
1258.711642155441,0.38503117729890435,6978.7530264299385,0.07790460201835747,99.99440859730925
1434.4033190066098,0.35398060630439276,8280.040542354589,0.07663545330495027,122.66132791834842
1723.447817850001,0.2548871428316819,9141.84503615099,0.05176315090525735,76.91934204494947
1009.054161580371,0.46361637652569443,8957.655355825276,0.09200495078338464,52.50069703359056
1589.453989484697,0.487813016614008,8608.427996538489,0.05224206874987866,107.83601862282242
1613.291684887379,0.16945572505016482,6795.481917681956,0.09531161370517396,133.49810044364204
1637.6882468959357,0.18920505656475123,5611.521581468619,0.0769335862678359,149.02686968900596
1242.0220799808772,0.3102524112001479,6084.171088464953,0.058423330261701774,134.66271078388726
3479.587682434973,1.1832286488991943,2028.4389412417438,0.2807979259486832,323.72291622263356
1091.3914863317764,0.27457935952924517,9286.656850663298,0.09974922403415992,110.8727588800538
1199.270336466801,0.33271650591108404,9757.80426269508,0.06525414260220466,132.41640398711655
1877.4700466544818,0.3088294284549332,5379.943259477708,0.06347298842742893,51.981069682761614
1738.7231507265665,0.23236343323121045,7684.04542638728,0.055900294752125296,145.16443481944646
1013.7455540113452,0.31697832243088275,8243.415224521168,0.07985711743954195,103.12212458482315
1248.3762603698,0.48352038170353917,8553.286885334282,0.05446134995069815,145.20522444899208
1214.4064829931644,0.18240696171655044,8219.31617505215,0.08830040319020387,126.45181665808313
1270.8063280369724,0.3619325433576015,8850.05694951141,0.0959611757165279,65.23176786147013
1247.5597702798864,0.11735867766242075,6797.357881446707,0.09659355556077498,66.52598146396274
1062.5262957428458,0.12656656179257397,5897.16386067741,0.05539581264387189,85.36459760127133
1458.9405165968203,0.320731289689434,6022.916860752192,0.07791312986764845,76.39880219357973
1732.733474786165,0.1419756721311798,5059.893447350822,0.054855492745108335,93.92987592975263
1606.7317247174365,0.10893871537074294,6751.609360531112,0.07860080707421487,110.39038708753898
1672.8716685980799,0.1686051990592089,5458.7202543998865,0.09074902926047906,93.65794994867417
1081.149178536239,0.3259396683998298,6607.4434639509545,0.07688950811516423,55.64205847072188
1951.4907101767872,0.381336381807573,8141.050385831239,0.09360269130533407,147.5631615150902
4168.935022826072,0.8886130557032561,2531.850537649785,0.23384062406516398,301.00536002601666
1805.0903184956628,0.3673037748832698,9198.027254952583,0.06382741749699643,135.10750043217206
1822.9838050417675,0.17299053243969176,6263.371059787884,0.08150511414412209,57.39542922611521
1932.7105081327613,0.3453829706525029,5670.415710990234,0.05037060632380658,131.0064879716682
1544.2539661136977,0.26478387195831954,5965.361368983657,0.06980209579624322,67.3404637711305
1200.2820178676259,0.3615198037334467,9854.933259518035,0.06189800838921476,117.94049429969621
1616.783607852541,0.49802110099169894,7747.372398427454,0.09685581729717431,116.18066962550903
1742.8814936679391,0.47512678609302483,5912.511115002874,0.07026945058615801,140.98067182668595
1737.9173933540255,0.10171270313444146,9203.730773434076,0.08270322142112403,82.06766803507386
1521.44902416688,0.45417550574492227,6975.956221562775,0.08659908046368037,60.895975991564256
1068.458719333578,0.12659631806990662,9496.110759873636,0.08866062693407538,136.45658162598755
1371.1129384301278,0.481218634463938,6303.385634172433,0.08678875960087645,83.15775296403672
1920.7666084633574,0.2127302716398739,6966.108794021181,0.06445825304938674,73.25337890604693
1584.448909757426,0.2528139321645084,7524.738813950423,0.0843033848364611,98.62086119883625
1538.3319432557134,0.13665528207029115,9463.076670445158,0.07745047411311418,64.61356900117899
1268.8535143821935,0.14490910333156384,9343.78715802528,0.07986863323987595,79.6963353071969
1368.448919916579,0.3906962260917278,7871.775351519389,0.05004073086543775,88.52806340646531
1895.3460891531693,0.47773289429931665,6108.877548904453,0.06291288004764284,77.72552934910694
1666.4630475268357,0.3442993979817238,7016.784858689376,0.09653418483578279,95.02595007430821
1787.387026752333,0.3863400062107244,9878.165326827526,0.0645038041652863,88.46506722841247
1454.3454230676552,0.4047878978388614,8038.86611938701,0.07190077611248213,127.45910311105995
1630.2472194561578,0.2051257098211767,8905.488775620983,0.05933369910978706,141.84086769247097
1248.3836087432076,0.11809185236808598,7249.323476807098,0.05693012759518449,60.09232167478525
1705.4608302834863,0.10074909756766744,7660.036377334032,0.06043344843193526,132.3302543444191
1427.6013337033373,0.24025971318160746,7144.770561162721,0.07768236644334865,143.17712077019354
1442.5455148147455,0.19658569127968645,8514.60499030984,0.09595143256950542,118.66131459686758
1649.3223245768818,0.12492709001967427,9257.355069434387,0.06630995899480951,149.64196761706884
1936.2806214689267,0.1718113169974667,7536.817716122818,0.06617039761039856,83.50429996648921
3710.151426165575,1.3805910073229564,2262.2526762240723,0.21956539004874093,340.66709254508703
1824.7432373470076,0.46595135224694817,6701.432335491985,0.06783713588465677,117.37025046768889
1292.3831104121932,0.15610688538366757,5885.483471470419,0.09552080239919941,82.34287871974576
1443.9194545063779,0.3150593855950717,9696.238614375543,0.0688924021321131,120.46764835103451
1021.913328775009,0.33724238204486584,6580.3985933975255,0.07452211262597336,100.96218390575578
1301.046077834313,0.3173957830834535,9003.457317871427,0.07666946419852055,68.89738907971226
1502.6312426301306,0.1396225736863952,8576.73510643737,0.08910338975652357,67.38796824094626
1056.176077347439,0.2275193447002205,8954.588001390646,0.07819529697074419,121.3398846765848
1491.0957293831652,0.12050813298526131,9683.840666860513,0.06195775500736621,121.19304623167335
1927.1106288584274,0.2582679656385264,8116.853801104486,0.056199360331318365,103.07737609614335
1105.3932181078053,0.17543957250863682,9489.751716910223,0.0968887273344482,100.14156672777472
1764.4407280755045,0.32465301331375196,5838.486614561469,0.09007814973195538,68.00384456888618
1409.6710533759926,0.3771233575396402,8133.562879783938,0.05114826051444579,92.9286123004305
1655.173714524338,0.3128479440818826,8861.378064573064,0.09107644921617739,137.13975210311008
1260.2365979852293,0.2736946786445583,6358.20565372087,0.07952988969523844,135.4727306095151
1159.4922625413583,0.254933368342677,8703.769006459825,0.07594471175174718,116.09189018080987
1160.4626142712264,0.4366767072388015,8892.384145581185,0.05061145895117795,149.7356677969733
4399.246154468794,1.4309220229168242,2851.6170954008326,0.3347538842354636,395.7183960485112
1185.646704901243,0.3936873358115476,6564.414562979664,0.05990325071206251,64.52304235681021
1664.2193849889682,0.4029929298960476,8408.032950841545,0.08639906065970396,89.9136403093703
1881.6906118435081,0.2676800029082938,6521.266417048811,0.050793412368290866,63.193748475927435
1814.125685591162,0.21892023969025576,8695.201937492277,0.08981768248330932,96.60896164292032
1685.1343098744842,0.2882165944183901,7314.868325728561,0.05115197341775203,127.6382824744832
1110.4318634111028,0.13728557035707942,7987.7218726361,0.06179464520362596,65.57887099287595
1289.18744629595,0.118372012891636,7079.199907152844,0.06341391062563567,138.04220324199034
1309.8068753224688,0.14464127978075672,5809.914634649122,0.057875431905346324,106.90575515405064
1249.9569463976213,0.17485801258489048,5890.147648026818,0.07405290980976846,124.89444547972451
1515.0056597097232,0.3016707281352172,5387.844536310672,0.06418439798083544,54.51558121076003
1535.5538148796727,0.43965465446444885,8090.36339860831,0.09966439878636284,59.38381533508718
1356.8859751711102,0.1942569327998748,9243.191989765295,0.07899843966827196,112.08611863976603
1353.789158736436,0.47406480429871123,5104.184131310405,0.07832389125271202,133.81919129287877
1828.5555979060814,0.4819631635740014,5331.197510441767,0.061043481505322766,137.38650845252175
4784.657527376372,1.1649477997384132,2572.2545517420526,0.30881785350338475,341.1360155258773
1307.7958316807458,0.43502509387052957,8688.603680840946,0.056198899718,70.09387201473434
1913.7884438732594,0.24553001631908825,5788.538223559756,0.08812646261251932,69.50217146606967
1952.815017002506,0.12907356440104922,6358.256597745969,0.06655796230767386,138.13627473571538
1326.7425420300408,0.327527492706598,6160.031006409035,0.08759829166966052,61.32353855172754
1354.424948793055,0.3234725775748935,6995.256093355771,0.06858479999647378,118.60708641084764
1505.634153421959,0.4399903068438382,6124.993385087856,0.09943786200574228,103.35068390367454
1941.1208125336734,0.4983964203784421,6762.993392723765,0.05855608111273109,92.14200961370855
1876.3194331423115,0.3032629226240591,8642.71299330972,0.05007619469416657,94.03345661638556
1102.5679625835899,0.23808161241591372,8055.046242270946,0.07974127706891929,144.52073627351905
3792.7591209773473,1.3909363429113326,2697.0672722235736,0.22209461735406805,231.35924311279618
1553.371189749772,0.1019199299269483,8188.728331228589,0.08235270274529896,136.4983863881746
1503.13247255154,0.30364547699555167,7385.385857796067,0.05428617613740905,90.66183081436222
1193.8630679368925,0.3222074666810383,9672.827873535694,0.07702401912331128,60.69812087373073
1858.8167711681547,0.429975391926959,6446.521585520266,0.09547434680688638,149.78394331176406
1676.9407829968372,0.30183078715712025,8630.8320984958,0.05032530339400064,64.53430872554816
1837.9083748518037,0.4665873394664226,8654.304115222849,0.05834561064188994,101.55823303286579
1858.7642793494722,0.35123339062857417,6107.503905045936,0.09072807780513083,76.4619188598392
1748.3558536657397,0.4361344952884333,9516.118124854682,0.09469535532887415,101.07428616499084
1439.2106012497175,0.15932069392309886,7455.916002148015,0.08535803104341355,80.4933194102648
1610.5467550154244,0.44213445212092595,8394.416834446512,0.09957800818199104,139.68866406209594
1160.365406119743,0.37005754177753936,5729.277794417523,0.054510796479328466,146.83415957088596
1673.6454174749078,0.16809321297533222,6289.019584959846,0.07728382579182802,91.00642826378831
1179.2532557392808,0.17590542325840436,7930.535589686115,0.08424973613237932,57.01896405775605
1693.9495905101567,0.4706002476176886,6595.136341866748,0.0851322360184544,116.33360993454819
1229.5981607539686,0.11288614418014915,7498.464592854867,0.08967423076720914,87.66255640484682
1117.55130015022,0.2850139773182825,6870.025996866446,0.09588130225496916,148.59686559564273
1165.2844901429573,0.22539011597364064,8202.76898322024,0.06808207228085573,58.937477788492046
1001.9921352190703,0.3660309759993713,7435.726813904044,0.0521481696403818,61.912644069516276
1718.7396178535303,0.43585175502759677,5023.0496798658405,0.06812209572404793,119.9423114186547
1732.4010490583792,0.24415124862262783,8248.40418972692,0.08358073816936175,125.86496023537596
1514.9333499132595,0.2707608349291349,7110.607785250909,0.06067280436668218,97.10964042905634
1161.3628010553837,0.4927671138005657,6708.491702451114,0.09049864757793552,77.72646024401361
1083.5543375106897,0.4135666038716811,5470.733761416118,0.060988222886141544,80.98100491304523
1019.128966437287,0.4588816523727166,6101.848452832457,0.05050317011900867,83.7972966421271
1165.7481769652206,0.2755048882606519,6118.861457904267,0.07540403871117897,72.5281990641373
1890.8555349831468,0.1936304815936461,9676.847497023646,0.08632307857018101,135.06425481473494
1241.5368417016819,0.26474538615458065,7162.564873732734,0.06748276702684171,56.50772075547975
1354.2713272172157,0.38643676713260544,5210.3292360758505,0.08744478997683934,90.72778240783146
1105.3454844813332,0.14377216193439174,5694.083411216605,0.07192021670605042,124.76031448409924
1222.3613047481704,0.20818764224660355,5395.163378664561,0.05858573086533678,50.38254744467267
4576.460603647747,1.148563133455624,2487.1927084006443,0.2366687574035755,207.2092596261632
1607.7526830956526,0.2729390953352526,5933.107457834134,0.08552935824536737,120.62932123793644
1245.352314166211,0.4309782943918453,7492.78820140888,0.0692857393801439,57.3373956834068
1057.7321592251171,0.10986547531920432,6850.310314349877,0.09563868839618853,139.49965889944383
1391.0328691273987,0.3701294107228664,9019.381885720997,0.0770127529286975,98.7304992630818
1234.2033709263342,0.4729983498054958,6602.448186326811,0.06742162091103514,115.22393338903115
1219.553923229802,0.19477114460447292,7291.327411984042,0.06744954634948616,138.20333745188418
1959.8628027134553,0.3774539362910593,8606.42774298913,0.05657189322263246,138.11623446894652
3544.5875578155965,1.1968927788180654,2484.5603282999755,0.30232335034924485,235.24642989028678
1556.878443172096,0.4849112240609853,8966.077680065946,0.07910835677051611,73.76894850249342
1415.7751035233218,0.1939716772116573,8308.421781183324,0.08999968459682468,75.74215443461767
1428.9443334301443,0.1401324212848275,7052.6455697335805,0.060059848123353805,126.59415863837279
1540.9050038380808,0.15931301515836638,7519.909628431813,0.06453948212379138,142.94303610041405
1696.4298070361074,0.38081426739285684,9836.017279210966,0.05486189845477909,57.223067331364994
1702.1460961818293,0.39030355018131024,8308.05748254196,0.06476711011344534,51.50197280740137
1171.6939077054496,0.36969462465127967,9524.976129861625,0.07140510578772004,132.29350614727406
1500.112752076627,0.23443135509689525,5893.792517355322,0.0982014202976992,88.66026032540583
1411.958095034102,0.16791077590324888,7416.180781225759,0.08265330014374567,77.6449244958161
1870.526966269384,0.33230443678090127,9543.308349225252,0.08914369648895978,68.83738476158419
1631.4189212183765,0.29347217830314665,6613.060307207088,0.06627549426102451,84.64806098282446
1532.504066415982,0.39153365884892144,9838.320990732103,0.05722564064040483,147.1468089278008
1115.3946421789174,0.27654403147424855,5485.387452368287,0.0628359970956665,147.70797745436968
3486.5163949898206,1.4770045918138925,2402.4773130892854,0.3026394417459728,343.4733035007679
1117.2039056802334,0.21739143094360577,7226.060610329294,0.07915576641467137,146.36901182891154
1337.206575565752,0.18458812801989863,5368.720825705804,0.06707355662275144,79.9863449739617
1142.841964814332,0.20629855047466458,9397.607962930437,0.09286994321666395,135.44810952670724
1692.073647024369,0.13793217553764056,6259.701062045568,0.0994272259618249,71.20042091547596
1206.2521138361526,0.23874280437155582,5111.250627476126,0.06716492026317243,132.64875883719907
1391.859373188026,0.11462792494518328,5679.035527845961,0.08525301368435054,85.37303975571834
1895.6747776187785,0.17456553886653073,8295.573709498807,0.08287432909601844,69.57235199429512
1204.3163833989702,0.3987081778477717,9889.057445690974,0.059723124386614077,143.4779907423631
1507.805063958779,0.23018759547064907,5557.310697917584,0.0959004297410317,71.41843324286698
4279.697492793595,1.2282915426468382,2487.757344475551,0.21994676247612843,396.6634839017107
1018.1240410457298,0.38675367023891094,5903.182754737662,0.08684785658348494,60.85738923884898
1792.7581135728128,0.33247413709284546,8725.18267050796,0.06738048211371563,51.00207833902073
1069.0459063145997,0.4834790965461594,5590.294498809071,0.06835407835044857,137.0793546077083
1474.2550209769536,0.1085759466492453,6199.208742404448,0.07277245264444802,108.66044083084812
1560.6782949389499,0.39546106023525684,5982.029838245357,0.09322539890275698,92.16263020750316
1628.426456614587,0.4835146575761632,7762.59890183489,0.05701259707556061,58.19639255320942
1688.6316293078755,0.44490869174117575,9365.920460003163,0.0527284788917377,107.4892530981694
1253.272383522715,0.16715707672200533,7555.4510057820935,0.07010204094568907,89.37255852358996
1009.9787766584494,0.23072812250069286,5291.217263857357,0.05277925495710441,98.36219129886828
1723.443662354912,0.16898073595058616,7816.944652984156,0.08438004415287204,113.03918614022083
1535.6565993475785,0.34052334552588165,8987.604996590046,0.08801625375136067,113.99336056305631
4902.2193930676995,1.4468169828938056,2241.1820771456228,0.21365954739577964,200.43735922658303
1821.3883629006941,0.22682950774522329,5363.556071722958,0.08719211227417985,115.50534134393448
1843.3261677878832,0.3158026295937182,5939.038887787845,0.09581756968463397,83.9404140182231
1485.0946599795402,0.376368228028478,8730.431614108136,0.0874150561361611,82.96328277650784
1333.6283958368656,0.2685359266444194,7958.402097660008,0.09680378199392009,97.71609529076524
1791.55820259137,0.44160621218218377,7702.973269808745,0.059655539710468164,75.9327699868183
1451.294113029255,0.40861997411512685,6247.399473158842,0.07499315664338652,87.6438978126289
1183.4421964034345,0.12586621754022828,6661.182976234297,0.09969652998524545,134.21127719298337
3523.5576585272756,1.372138952324509,2014.1519040953026,0.3572962838061431,351.1903805889343
1882.5598767723473,0.19413022038389985,6203.126133646929,0.09393205589946288,112.77924782003404
1466.30975614017,0.3230073058669101,9508.227116275442,0.051519689691642764,108.28409419940833
1075.6997273097875,0.4827553770531865,7902.657522288683,0.09358789492842187,92.70998317335292
1387.8260899169313,0.45162480182090003,5616.482331856239,0.08488566172860489,113.58989155688465
1803.5376594626034,0.2618065612460527,7336.56189077534,0.05853777169938554,130.60533457314898
1901.7740285462287,0.21660554333774137,9742.74358680438,0.05128404782117983,123.78470579089803
1203.4727424975958,0.19376229776330361,7092.827990686793,0.06299632890628265,53.54595156776859
1066.9736120252714,0.31300594790260805,9316.932823946812,0.09578866794963851,123.11299986056335
1877.3504531328385,0.14569938130322255,6282.1434732585385,0.08340664693501432,121.99476671750017
1389.4049389788752,0.31971000325129945,7854.6107590018655,0.09597345521416623,59.89905366887026
1541.7609642675634,0.10053345579631681,9219.260291009869,0.07230753912471298,65.02473645891261
1968.065812050759,0.22953985229833795,9603.442205848478,0.09683135476176205,128.79085111803272
1066.5647279142229,0.18797372553223252,7429.116835756504,0.07314799077225029,105.89895782466019
1648.3180074520956,0.48848751598431284,8198.440510727145,0.060212736220916725,132.1628990585662
1074.1054225748671,0.39089692782799157,5014.900653911654,0.05756967320922237,68.47441349059837
1375.4689284665003,0.2398613521848951,6266.116537566948,0.09969059065175222,53.061476470633686
1803.8145451934467,0.13713803461224822,6393.560518734729,0.06669313307372855,66.19417546711787
1433.4722327556344,0.3067202378762496,5467.465058272154,0.05800265126587939,95.2570045283019
1997.1823539029504,0.18537915253041692,6398.475066784883,0.05042042154453761,102.32927556099017
1559.059284946602,0.3145718183593431,6605.6101652906955,0.06427847832648112,135.77011220526668
1321.1621526359536,0.43414494167155704,9843.830197840965,0.09445580718012696,121.62005298520636
1220.1113259047531,0.34631702084055416,8343.011902804188,0.07670046603386509,149.03906405290797
1350.5205342861618,0.35351536781800086,7130.025397081721,0.08162175257624775,57.871959137536386
1372.5332737595509,0.3164121156251246,9940.272303477546,0.09611955519452665,63.02210725399213
1068.713677723961,0.47090625305256373,5766.161601173056,0.07564199590535146,58.435559382056965
1369.5741994267732,0.4727610737682414,7380.255969652422,0.09191399229263074,103.84580465781377
1464.238519739225,0.30508928042942085,8235.311035245246,0.06619166390381769,76.6860770806326
1722.7377522388047,0.2223037948574018,5277.903172420385,0.098855093142061,118.36329400971047
1656.729484721608,0.2838348023517776,8584.994290415594,0.053940693675622625,63.269088845665536
1708.7656552291542,0.17462316487824628,5499.33676460995,0.08624147627566323,60.31913995621263
1008.3636818768571,0.3545377261272358,5701.411542998385,0.08302831433801472,96.01654699929477
1217.667399580536,0.3000369343128933,5798.447562310421,0.05958357529254085,87.58983532633239
1661.6842883998565,0.14132019112531197,9644.449133277589,0.06944219994232681,132.9164915995099
1483.989368179747,0.17905911244784614,8416.177725690839,0.06564145583885032,133.75540750429985
1005.313475668346,0.2918527824798107,8277.13750551552,0.05472464341662477,61.742866787347516
1804.4946424318223,0.4550355962875433,7777.467482324961,0.07923940114754206,131.23227798420453
1772.8095732903375,0.326556288252439,6464.029993475514,0.09968349227825828,106.41649823786211
1548.4191629935626,0.3726140000833883,8104.448522996758,0.07797940705266947,100.35582738767
1066.463325776272,0.2356114198975639,7050.748599443199,0.0772629953439681,59.47633762446147
1766.5150495325847,0.32856455721769373,5727.080750463075,0.05201568536772742,123.96307689945837
1583.713587731364,0.278951929055227,8447.986451638666,0.05696101116818453,55.963378239739605
1781.9599771579592,0.36365196504926434,5647.910839649614,0.07566095445511306,77.76917696496
1751.7469923958404,0.12023022643160415,5953.3429051058665,0.09925892820920357,59.54315347640231
1803.002071957837,0.29732008649558367,9088.496559238029,0.09383038677309295,103.07676098409237
1518.008066404625,0.2183970500575868,8300.58548062577,0.06701045606865838,114.52300587095922
3584.050631311269,1.35122291366694,2222.9674565333667,0.3081634961592318,393.6776640865561
1671.1574733796888,0.4843669726232246,7091.01392171362,0.07763511111270684,123.38719209962635
1620.4737850519705,0.1730779250845531,6981.402591196856,0.08426803063810917,146.11043989137667
1742.2531871990873,0.22449810103143877,8451.313045927007,0.08438910206195693,126.09498328844452
1169.8810060507353,0.3039570302923487,8700.02769304523,0.0894896244192987,79.80731032924517
1194.9751999002892,0.44521077925984953,7551.066011821553,0.051248551241984124,104.75848105631655
1890.4095172193283,0.2666680332825482,9846.346221742631,0.0971840095318723,95.79396393200159
1749.9777984520708,0.3975461123552685,9778.49779459436,0.053503102299462334,106.59687236373443
1908.228488700323,0.44254963928592095,7062.147450063793,0.07380800557384701,107.20893394123924
1758.7153211639206,0.2240065423287396,9103.111271415768,0.09597896381795214,120.21010854690262
1597.1553059903017,0.257100073415484,7716.339207992077,0.074383441461554,58.30438146455643
4915.644876414088,0.9398192662992276,2985.8286139249826,0.33505985233470315,313.0780630629882
1889.12792394001,0.4331423234471684,5274.820306893259,0.06146200099059696,64.37436132332573
1578.8067545119407,0.11773874478144047,7869.873552341551,0.07893333776842114,52.620730492001556
1632.3913243283873,0.223368435531472,9502.889652815822,0.05439308089494846,101.89055419614621
1156.4767160036006,0.371763423038052,8900.66924597546,0.07118389655086482,108.14769606621968
1473.9212201161026,0.3261773998261371,8931.585723496311,0.06645466330957026,53.485107011702894
1716.397111958099,0.2745157437174777,5799.645192881696,0.09076038139121198,101.53711147800229
1270.9426983163653,0.31597929088855375,6792.247235667818,0.05550659691677246,103.45702083654717
1202.2541805245348,0.17903383433132733,6166.024583251179,0.08413992250793931,55.24949012649812
1313.8268082244156,0.2722866486432042,6579.57641227818,0.07032945354379547,121.1585285114676
1241.5006279928334,0.30068119367053964,7897.696717468627,0.07938753402361644,71.02897017843873
1214.9126370363958,0.46047564878184066,6823.919066851239,0.06027658859602724,129.4459213825296
1424.850842868087,0.20433406512159055,7803.48908732133,0.08048518423808128,81.0822129799892
1907.8385138835342,0.447131400865973,7192.506241372885,0.08369888637080564,97.78925314642169
1507.0596467387184,0.35769656033039277,6433.077792248638,0.05351157823305389,139.1850879418867
1187.920380815323,0.1081363324270404,5477.017171025793,0.09121721337914686,130.61794668525476
1076.9716693808741,0.38985253475975745,9459.192286723912,0.09306270564441207,128.18635785854553
1696.1561451379253,0.11422075101962204,5056.866830023243,0.05317770278413974,66.04341976154215
1382.798764436388,0.4989524507255253,5008.262440709856,0.08015937440486429,54.81423866996088
1821.8309465853592,0.4490546750764791,9133.98869881773,0.07970057484861136,110.57589506806042
1659.51076864077,0.21893749901601828,9984.05470162895,0.05062292059342217,91.06916424888479
1796.2414505413685,0.20296449207868217,8635.51413856828,0.06711732069779758,140.9077276430474
1271.946039418449,0.25257643284224357,5076.369190314424,0.09844628913568738,84.95932635631019
1692.3589224610582,0.2424667861257772,6133.451133342567,0.07777253761343715,91.05483509979223
1264.0619846937188,0.24893512735415244,9859.113501309806,0.09666059013707526,102.60005430489196
1939.0684794502918,0.22731061844779218,9043.021260869175,0.0837822317938692,129.64006656321118
1636.3742815333744,0.3484533627393326,7833.999219023555,0.051419525911163826,76.82990541008024
1324.5118001753422,0.1657054654882496,6184.303547201795,0.05388565990241961,144.18206571623742
1269.5118622922728,0.4383925169784053,5071.8510296337445,0.08610894776837115,103.99211127215382
1190.9265850716436,0.42496099361252615,5104.307363187045,0.07772838951845097,134.0977261174409
1694.6409588937277,0.2905932831421082,8059.904317651133,0.05635758322999379,102.56184834560187
3681.1475156518304,1.411219781239058,2879.8688830342526,0.33310401349472374,255.62741068276281
1595.303265927489,0.19885802801211733,9968.150709626863,0.09051436802840981,55.142075248429464
1264.6350269253574,0.10702618228158678,5916.919167468691,0.08764912150663061,129.92124816830136
1661.9689447938686,0.3476831700119292,8553.536809346388,0.06230812300160335,102.39594298099423
1814.9397285405394,0.2831637627858862,5775.298607062067,0.0629097483328022,94.94155881865825
4907.48775526648,0.8964011590361551,2912.441088808055,0.2800406079141045,243.92344429288602
1760.8513309307818,0.45973576360736124,5403.056442331088,0.09437024010763581,124.1562538908513
1187.722405692252,0.48797022942637736,8833.892122666217,0.06591686572154361,63.116365250413885
1088.3849469845186,0.3537812559022412,7924.6054736241485,0.09120272448345043,69.2317812803993
1698.9488284873855,0.40562223594097535,5430.833467007075,0.05808692648662728,62.64232557096483
1368.3472137943513,0.13352337339486572,9242.930946000028,0.059842055066328226,50.65756077136562
1432.3462264033474,0.16428623395660225,7735.09307388351,0.059059802692267266,116.19137800671837
1031.149092793391,0.3932819219811906,9607.96155006659,0.05438603875067576,77.08440447716065
1259.576449275049,0.2725461825552008,9583.116868390563,0.09273390580806777,64.94704591908013
1033.676403874464,0.2783861081617623,9602.538947432913,0.07894034491022878,81.99724825143326
1879.1857726012477,0.22344307265417465,5388.92600100234,0.06294780462469693,99.90846915466773
1243.3966832185306,0.3429425533910975,5604.788808772617,0.0924327516363797,100.3412520884286
1557.337169573008,0.17406601816648104,9938.52904858099,0.09013233796964101,86.71960083319594
1038.9793206611305,0.3507665117255583,7438.0041069935305,0.055047575906387786,99.4932271041429
1666.8473913056582,0.16951954285409587,6191.070264145738,0.0822069686867486,92.73414577949941
1323.0273457540939,0.12553041388388544,8848.32244249329,0.08609168007628853,132.26652469844856
1897.9191869576657,0.23214307547962443,6321.42610606241,0.0857913668492982,52.961396749118194
1888.118188934036,0.19245613680393908,8636.078440093212,0.08615713539269687,136.8030133323047
1325.2906183617479,0.4555966554225329,9186.428889248806,0.05847288928245187,74.39152556786254
1900.9608956904679,0.12198138154745064,8921.316886476403,0.06575432271343848,122.17822150362505
1996.1576734987789,0.17064547702964916,6370.239040989677,0.09220892542522313,90.5039616340506
1825.415664123948,0.3194878422332198,7008.092870396185,0.09491958751137748,79.43329645047861
1844.871347755229,0.29242687633898945,7066.255016166382,0.06395944432824352,111.53473729998845
1249.00873610909,0.11834080734988062,7456.364590522359,0.051150975808887625,126.88844188631043
1576.7023988577562,0.10290097120605779,5836.86425770068,0.09298834735830541,94.99364531036038
1067.2559139673679,0.49522717678445993,7262.350252071712,0.06885459189125413,96.6553843065481
1094.9179368216696,0.36353388014353527,7553.914952577399,0.06647317779799683,55.88564847676795
1998.8926120332906,0.24616245236062273,7658.544982905262,0.06734998398443129,142.39959806278438
1326.639249425911,0.28817289906529653,9099.502149922291,0.07078482119838209,134.6896696446259
1748.1839120488464,0.20662004818171478,7586.672492397476,0.06891333108274605,89.79927875424357
1806.6650530268166,0.2379495134772839,6153.919612568376,0.07832154495667802,126.49506131605584
1858.0232710072291,0.35961778690728563,8315.643691220936,0.05394701392490951,81.32791757084593
1997.6282974021565,0.45312471954694833,8986.570720433127,0.09857700971542577,123.04217930127749
1241.4964852568678,0.17365200923247395,6596.858332191308,0.09682255172360807,101.66917165640604
3944.5121675204564,1.2018504247621933,2562.469927924228,0.26187559286209244,395.5659728759892
3042.958099279194,1.4253914031310275,2775.7478193658512,0.21677212747379998,376.92942687315923
1130.080669828947,0.1859968894353565,6709.63152289032,0.0830163151090865,146.54219218088627
1022.4258891620551,0.1148701152198584,9546.119647748172,0.061055428137421625,133.74089698784204
1360.4268271414862,0.1563247448371998,9556.540815812854,0.05247417435731862,129.33880679864467
1783.7382510752363,0.46692125818562025,7876.622893715318,0.05496605323908833,80.49161976537242
4927.323034921449,1.4628205230880078,2732.57286289294,0.2721371070802335,292.37408901103856
1312.777989210354,0.13106634471134143,9270.077076029707,0.07519415127478928,107.31930965946492
1654.3420054927196,0.48389073521558457,9792.765926563134,0.0996626535592397,134.62231962261487
1232.0181803088108,0.4515969231034601,7449.432201448848,0.07177217458972997,143.46284061686524
1014.381446072085,0.4018730083472565,7807.878683130171,0.07623230452456885,76.89290260078056
1764.3533864364274,0.4733891167790232,7078.207833239151,0.08475786235940402,110.74148003194173
1623.7430848640092,0.18805176833430567,5359.909685282144,0.05903669852238982,122.39027998934652
1762.30262450096,0.4345477172040345,7114.0173622440925,0.0966413500781128,72.63921451832239
1038.9380166876656,0.37599647854172247,8953.136696915386,0.07645173029213671,90.74686302224242
1837.1196278306522,0.44790369982707534,9024.427489957643,0.06381281728008843,68.74742737136407
1619.5262000363032,0.4187646262970519,9461.885572966497,0.09675544931694202,119.89050777683342
1563.3953507126403,0.23859802527073,5257.333525879845,0.0812725309279475,136.3785136545198
1624.6140481145317,0.40975941480690226,7635.77294790317,0.07418448656246053,137.75343545516552
1864.4332468683642,0.20498252119395613,5537.122439685381,0.07900779549803871,117.0088870492707
1586.936506558907,0.23143686521122195,6003.710915828717,0.08741511094526133,84.71523601743633
1580.9503798881792,0.14316228688919047,9501.082511903032,0.05772690018464767,116.10403768542544
1990.6791570657658,0.4740306463921875,7483.956292148479,0.09324152153516127,136.42667271708186
1756.7301670685679,0.21640134536011263,8792.724604483068,0.09797534051491065,112.58558339357833
1442.2938054511353,0.30824898606858075,5321.920529643404,0.07834998258750372,91.28919402958655
3982.541592909429,1.3026538561517174,2337.197750852751,0.3681161307123416,261.51482880342854
1389.2304716917884,0.48397124823340065,8371.20140332169,0.09299167404231204,133.52165932694265
1228.875462483499,0.23401966837539298,5667.032406391067,0.06874053157082503,138.24352402478118
1596.8518768877593,0.4114183285690757,6629.0893955284155,0.09964158974411992,140.31920210402944
1928.1820981139515,0.442166461852472,5322.7390251194165,0.08402506846534488,89.38123076603131
1929.1395200154627,0.27424259899238634,8256.699704347553,0.07119993491789911,135.9639007507335
1341.9052781054902,0.25126872578117254,9854.456295290593,0.08386689875008135,107.03496712466978
1527.6774662216949,0.39909832837305126,9135.227455714148,0.07608400162567183,53.815897355404005
1211.6358985698612,0.46515839212249366,9873.115584037827,0.05558207857691826,113.58363565201176
1995.6311094988835,0.4019726932288953,9228.023975491982,0.08979326523846592,97.06189242944953
1981.1179078679356,0.19085054623674624,9275.979030984894,0.07821877901264661,77.51546591872975
1649.5089297074474,0.45532309897508216,7885.885976856713,0.08979227789369444,147.03831400470395
1804.4140596774732,0.25503266697473326,7591.261557066049,0.05774559701837329,55.50708582929741
1715.1001612837,0.3304917647111737,7031.271332139138,0.0769178578400388,144.58773907070665
1593.1582190394683,0.4325742477170844,9090.4744752294,0.08833121361064565,65.92670606346381
1053.3479969888976,0.1753579069601969,5910.338061390123,0.09941522837953992,87.69881793005322
1454.764342552661,0.4138040542710213,5281.124579120966,0.09421986381926294,91.72351754193494
1674.7863021674107,0.338465119164271,9739.469113423376,0.09321748135303197,123.10205186608138
1677.5316138836847,0.4573366567310433,5018.890926017385,0.0623730069073199,71.56092087367045
1373.1226184223835,0.1687881607374172,9884.146609379259,0.09189923008545238,148.61018432275392
1941.6919866580306,0.2682728948163714,8644.266849368829,0.058464063877148156,124.90118527640229
1167.357032236781,0.433137237146735,6642.494598489138,0.05990538322742168,128.99526383470547
1500.3594462155606,0.10769268138270408,8489.099215431552,0.055505837187173605,60.642877271489446
1690.8839765508228,0.14488054670625716,9089.375785925637,0.09287982653568937,97.63120095094501
1697.1358058918092,0.49622608510269395,6226.81027993218,0.055412724822565936,144.56093504782888
1648.6389567688157,0.21215767143614023,8854.47841639791,0.056905573987250505,77.00660715518065
1275.2882134518602,0.4902172774895813,9021.8481250412,0.062294357504119297,64.53836549508597
3459.612178042825,1.1636350701316347,2799.4416139340356,0.3773804590983733,239.31771560528423
1635.9403268267108,0.24443777720293425,5209.631771889917,0.09400900926502016,143.03930696512083
1599.3021161394377,0.4011477778014283,6020.611422790488,0.0709114077627784,98.67906244306272
1179.3560102892409,0.36311136289527146,6003.232044446972,0.07731429745958926,90.4834302919659
1705.1391455705634,0.33244895997162227,5326.202270877416,0.05832446999786265,115.02724367137766
1455.1719917336563,0.311959670322003,8630.03692327598,0.06329729279488959,143.68839988505513
1667.760591603153,0.4373761774658961,6899.874622292041,0.05669628812428875,54.905744920406605
1837.3670797701507,0.1939794251333571,9421.93083726929,0.0704959422433545,65.33955454766912
1169.728428576923,0.27698837079740735,6260.85552832593,0.07951678293390962,63.27543100442604
1019.1448679968366,0.16218091686258293,7266.160825499637,0.06420097650167271,58.53329822991657
1779.1025863957868,0.33837663829228176,8195.087144633813,0.09229979277873963,80.21060806483959
1609.6974251526158,0.2002177697085281,9387.32474835889,0.09906191755033172,72.930903312031
1699.6395696221216,0.23353682573735435,7623.1055080968745,0.05600774261572905,104.86912662093353
1838.1549749886426,0.2885002866494113,6867.623139061914,0.05089300280076621,82.72894217257033
1802.8109348245005,0.11070823428125115,9335.075392360044,0.0894888453697392,90.52078614578762
1960.9201469288246,0.13677517436833508,6551.232123438052,0.059532133890167246,144.18646904998127
1535.9350788521183,0.3743716882832878,5397.118498162882,0.06765732963304295,65.56556412694063
1488.4956326599054,0.2715879922870029,7225.2105375512,0.06971156091379052,88.84573267948022
1401.88719989073,0.44591608879995814,8925.46653248996,0.09582996944504724,75.70818405187818
1153.6910428442045,0.37786880145767976,5153.904158767616,0.08294191078830809,104.91659823577521
1572.6072328820223,0.10324037665892899,7929.41122494796,0.05203047451514454,123.63362265466444
3931.094998503646,0.9383736325243125,2547.716454985021,0.2061248774478801,285.58328404082346
1921.3075122129753,0.13748994642388657,9642.708817136907,0.05997840487651401,101.52966945173657
1583.1908042770974,0.41237327191619777,6432.324085725109,0.06590859704363558,135.49165915269424
1592.8401805081103,0.4966030753114008,6394.1830660534815,0.07422619170432995,128.50755078773176
1354.92466087701,0.31247951769660465,7202.418256698391,0.09189197061544278,65.70040614337384
1051.9893519777074,0.3731118000776522,6784.574507357576,0.06574088780173798,74.54287590199951
1031.7437653729887,0.19492566435790062,8681.729313446634,0.06882686096358277,117.1720528333421
1423.3351441531975,0.27503909750151745,8208.760385657748,0.06646689650048289,147.4794019740608
1084.565378097238,0.44243813289455347,8794.605189531332,0.05044826680164528,87.61297006000001
1606.846955540139,0.1669691790985005,9100.208955993447,0.097760076955906,72.98078406447407
4702.210262158642,1.1557686850889641,2985.0051532730195,0.31057322341750393,350.729870298861
1882.914816518722,0.27817347011441207,7154.683658923238,0.06438337391016236,69.96119595428826
1659.0454101322325,0.38489955673760556,9923.486947357747,0.05646516510482209,119.74082740498616
1211.231831472931,0.2503535819182695,6078.304067018264,0.07452715780783614,53.42490703558646
1862.996831358872,0.4710929119132016,8571.825809736643,0.09660830574712496,51.89805150979036
1886.0934353132081,0.1377828205074877,7670.046586535946,0.05503503588127431,95.15667139441646
1196.6535849529587,0.248321679017939,9084.502973424416,0.0720448461794248,115.65401275499032
1737.4260857706772,0.38358164937136874,7383.85260303213,0.051118742288578926,64.24344539587685
1286.519548927123,0.19039470626459698,8919.693176812156,0.08854491106930741,126.38824530015378
1802.6403123529296,0.3625652536918692,9650.843573238391,0.08206130717772125,62.87364824119716
1997.2378999036027,0.1656867832909384,8661.471330700437,0.08498493318535752,103.37078078716746
1030.0260053293928,0.12239211394467456,8880.47143109162,0.07361681804478665,80.82991922770805
1897.3658657909318,0.14840628669945954,5335.87715632928,0.0953816514778203,125.22532767832053
1622.630533598658,0.4719939132536539,6024.788311161403,0.07047787254363048,130.4116753563884
1973.382619164821,0.3207003531758206,9871.51870251797,0.07570425373935386,56.60912395624711
1465.0095175264275,0.4185383101918596,8465.935018936972,0.08476446111353148,69.2604569307465
1847.3879305713738,0.2330618003620205,7807.245086555024,0.076028032054773,139.26441095693957
1062.3940685982773,0.3370634591541787,6834.88186698225,0.0594667823958164,91.56128366008667
1335.2790500782958,0.29798085348199665,5221.94500603459,0.0658535309022456,97.67358653730454
1067.0165377512099,0.4782951837609176,6845.679539820675,0.05461472340694026,66.80238416625664
1975.3431334790705,0.3990298544216442,7494.564366447879,0.0716306748608649,149.48947965009927
3407.612255820286,1.2912877757161345,2049.62658596975,0.3723495958056794,217.0459996476245
1852.5474212459703,0.11854130777371182,5865.683956369163,0.055926497213457035,50.20246709822437
1937.9652314338941,0.31986786760147645,7542.082756787584,0.08152935607350645,105.0734682657885
1085.1034861197854,0.28679658156072596,7929.521178137719,0.09464360698760547,137.22673836031547
1385.5975925133334,0.47113690664247787,6199.589594272624,0.06688618664927598,93.05336062339602
1071.034889044002,0.2029367952758129,7936.947372281065,0.06110165481094099,93.68142585766849
1210.7931015500285,0.20793338131643774,9501.699819371475,0.09465030319209516,87.93471567262893
1229.3657770376724,0.26453849955260017,7365.866290106769,0.08459726179487743,52.88283351553235
1469.1072110475786,0.19734788536255043,9286.950847935906,0.0552697434028277,129.02833358537026
1268.5621674536426,0.1516735671234998,9636.357222666593,0.07040559760308662,95.67852033910947
1100.978106817761,0.4429659386603203,5461.970144685429,0.08370447998772744,103.10656384037259
1167.4910890941078,0.32331060976156634,5479.057898283985,0.07871919374877275,75.56851168066385
1147.275563552091,0.4445450875826268,7380.220914438007,0.08092735596749366,128.41184920668195
1973.0767979122984,0.4324539061614784,7940.512221588513,0.07835675869869631,129.3748546704448
1759.2925069184735,0.21281694191586845,7129.4173223251455,0.08990306826524452,105.29208168517593
1967.761465269562,0.31909497772970963,6632.253852087515,0.06602134783984893,140.46279258001638
1439.7404865079086,0.1332870810960282,8204.97058063078,0.08542311739496816,61.588423072664185
1278.3684816626567,0.4661007536123034,5010.407561749601,0.09955397212471422,128.66266646435992
1798.2931972091867,0.26170508602606124,9840.366404318713,0.06949794288905903,105.85841423206645
1326.2539180411468,0.2574704735556086,6160.39544094011,0.08955241572773966,73.10131670364493
1299.3833737053483,0.2211021482471813,9585.493842915035,0.062305461856808554,63.230378265189486
1232.5059922078312,0.28426549788428157,5545.07372267253,0.06409483561420247,80.10070403228383
1129.6789782242354,0.20070375461817924,6190.435910222863,0.09674319370917717,135.6315918101452
1256.463061016766,0.24994090911872183,6174.368505437502,0.051296917812434444,128.7619349676136
1355.3197484738876,0.41997881943395277,9980.764521003231,0.060871367243041465,114.51324258180401
1673.9942081457305,0.4337022014340688,5023.002728629422,0.07414603489060016,59.03270077836774
4637.142581446533,1.0953743563460097,2555.835723959321,0.2462578016720694,215.40630983027367
1210.506939665343,0.28760577222111516,9348.432905304264,0.08145848656175156,80.54401323754071
1809.0236402916764,0.4495279105120209,8361.368270123683,0.059636102518019096,110.69999833450584
1146.9219235837709,0.12106933273187886,6813.669091084721,0.05352735021842657,130.31018708054341
1342.6451465225216,0.4556579847983142,9791.546813514675,0.06846666989023786,63.2855834458758
1864.65892185814,0.1876737382609327,9467.603772945205,0.07621776210720906,115.21967422558731
1154.9253111434427,0.37141569768575033,7169.774601247589,0.07810009185424557,53.22959967042126
1082.7368356181898,0.3330206785538401,7866.642463055818,0.08007467617712334,60.17893115043411
1484.537995080011,0.32117629927570085,9837.595939026203,0.07743309978807775,122.3143634427142
1302.4195112785364,0.44374408990112857,9912.80180963235,0.062287598548559385,65.50821555727941
1563.4083644838543,0.14062885745786452,7249.116378589761,0.08822748679845009,94.35067233053783
1803.804890483475,0.23881121013025441,9236.750140715443,0.05438901308696993,74.83325507773691
1137.148488152743,0.3153010985379062,6509.901134769681,0.059917693977609154,92.12295086699422
3464.3124279642343,1.0884103128402112,2348.6145145975383,0.21117752504234152,282.8788098064045
1505.508760389864,0.1865772333646686,5824.109414951131,0.06398630670526259,125.49005440409894
1144.0787860131995,0.4211719365497105,6045.922963883651,0.07467367208047027,57.90411773941144
1623.9984855289824,0.2598553929975743,8284.366511296794,0.06635988704277795,133.791449736047
1273.6404178607718,0.17556554257347817,7553.908090035404,0.07534906058080017,116.26088641695613
1487.8343185440126,0.403594576177393,6155.6593031280145,0.06733278999736826,91.65855756642833
1082.272324277062,0.13635956058981913,7014.548081808263,0.09971039949530253,136.6486543470492
1459.584057213623,0.30590694963017717,6865.917299318408,0.06787387946790734,68.61312786763285
1306.4634680428203,0.12555031354475538,9936.801022676671,0.08135247086988227,76.45642274148254
1822.3812111853545,0.24256714206311503,9267.829186056897,0.09441716088254387,63.71236616592066
1056.9787269973683,0.3404307196025571,6939.831666919121,0.08189674971823752,88.1568693290035
1418.60727491833,0.32244621659488526,9569.582894480165,0.07829286275548043,148.67331847340876
1458.431424131438,0.2618621671618666,6713.176958140855,0.07846147273781041,66.10273778006946
1725.0060762991188,0.2716191975888463,8339.507563674297,0.07482303554616929,133.09764858657985
1574.287575090211,0.19070782134030662,9833.249983410562,0.09037902007022276,115.1880071673072
1667.2123371941811,0.2823530353696412,6951.394319942761,0.0525212039180691,51.581413061185955
1777.0492856517562,0.4813019422883337,8399.42482552467,0.09425649539646638,144.48901929377
1862.2029736581887,0.4401811671135162,6479.6190553131655,0.07931461101228214,147.10912652249846
1313.8754967224704,0.15809314763053753,6331.5615779898735,0.09244366106278742,142.49007018615436
1538.0227053639028,0.11191231492836838,7870.78333215776,0.05051963512721043,100.17396577070338
1840.1080784391997,0.47340972508665224,9896.32299016609,0.09346382019808089,72.0375182475879
1989.4511309650566,0.3106998999522991,7265.66924360085,0.05600687595866335,89.12646774704814
1889.519311043763,0.3151351292597231,9688.184851582904,0.08606090031961997,111.41915464162311
1371.4672626243769,0.41228719828260896,9571.817601223807,0.0708260696443922,87.88363809174498
1195.1665172186504,0.22587558954853063,6268.8130617249735,0.08405361955489622,120.81716508696829
3760.89258452626,1.4763344846485806,2983.658052362707,0.2243013214926296,214.2056000479823
1741.6414518360423,0.4874651652586951,8216.512392470915,0.0581698273533621,70.93928986480577
1492.5690707532976,0.3688594747729629,7590.229422056958,0.07573068822237759,90.49419082828005
1483.1808633136684,0.16149801279831438,5479.792649315872,0.06386152365972704,145.77443760260599
1838.2304210818006,0.15329069919374133,9968.490150635793,0.07802184214240063,74.98068012626379
1361.4037790671864,0.18170590333320216,8763.2700060564,0.0869001641526422,84.6447488594429
1859.7946748116456,0.406684669768287,7188.470191123559,0.0540629207290919,53.56605038519723
1406.8048009517236,0.21815080153624644,8090.842748331457,0.07578812117655127,83.23660411036013
1328.2331056783394,0.10855553867003193,5437.86408633115,0.08088149103811293,87.09313981041026
4640.565493666483,0.812311343976714,2678.5910992759777,0.21513791516118538,273.2212210040613
1762.4469586748685,0.16788536655796427,9654.162079087439,0.09765017413980036,50.14422499849572
1126.0020278639943,0.10382327445922744,9483.004790274892,0.07601514127534148,107.540548436871
1196.4192158720175,0.19485264095332921,6686.904227415728,0.05912585449229664,80.15266013287189
1951.444825663092,0.19401151484725349,7656.839319106694,0.0553894130899642,51.78238372600921
1175.4916273813574,0.2688021003382892,8486.917620438235,0.07708297745826828,135.99443039671795
1567.7273179310546,0.46815593260001476,6700.0463345395265,0.06876191905634646,108.4409677066641
1579.3144666619378,0.4516739671116392,5324.396090469692,0.059627354888419234,67.11683504918204
1489.6244620502448,0.28275782199297117,7527.208283589023,0.05153492433928873,136.52466229409765
1644.7452485768185,0.2643599619967226,8008.178679116681,0.07833000400189401,75.35859704729803
1229.8267257976183,0.3220036345899405,5029.208000607551,0.07993001184168311,72.7445731536256
1552.6622677767482,0.1973816047887063,5477.876867692653,0.05709013005907343,139.4634056997269
1372.173255246897,0.12087399678654515,6036.453217970761,0.08008690248851522,67.94578794594736
4652.502270002207,0.8053964581610991,2548.8921924056244,0.28813292155170994,311.5559749661271
1141.2235433731494,0.1746795939508691,7705.256114152902,0.09891478049948697,130.2973301247801
1570.8774168394762,0.17936029169828657,6469.214593798326,0.09442464682785026,80.97775408292334
1185.2703553833237,0.2889841315415791,6380.919072032519,0.09035392904178703,53.43970811531356
1278.6430631150365,0.2966453379361323,9346.74671906541,0.06046839183566657,58.25731035513169
1218.7098003235833,0.10737368388029678,5725.253204007131,0.05782175912479651,60.95282677695775
1182.837779868817,0.15918189550958828,7477.3006658618015,0.07224738011426773,139.0798835160478
1825.7109515606671,0.2512619274242967,9764.123584680681,0.08098158756592763,90.40359780374756
1285.7075676608904,0.37349227740421564,8125.0662455802285,0.0925339342004189,53.25297572864943
1927.1237818644495,0.19136738273277434,8586.027399472192,0.06159815205684008,105.65484620556796
1969.9265253451908,0.2692057784967051,7156.184956953035,0.07398239502601664,70.79922506069917
3335.89535681738,0.9777448512866711,2113.8964796922032,0.31920785198702983,293.02024223228045
1143.0011226657264,0.4554369978493168,8230.651841836027,0.07227969272672097,66.08417349180786
1374.5482433795812,0.23042820093084934,8159.62140714062,0.07270968385396422,126.20214623987172
1797.732263348214,0.15342330634539342,5552.138182316666,0.06125585805141395,50.06128938052726
1367.3907286970705,0.2957088903590433,7310.798568123158,0.09933304524555381,93.89841638968451
1087.0172183027887,0.39868864067362486,9576.644723328252,0.07375966417037218,58.687116640248334
1556.7849109281879,0.14394390282109337,6025.4241598598755,0.0766370972702746,105.23746010045535
1845.120851496035,0.2698733966787842,7305.493773170552,0.06092796456434146,84.59923461613425
1795.9263871435023,0.10711405650499338,7305.515926002602,0.07570683591659094,52.83515807764282
1175.1231401303532,0.11342367265890047,9053.807340738193,0.06276747792671535,96.09742311550441
1672.7646144124667,0.2931813452866663,9122.879351647223,0.060116812569173325,107.05854978648026
1220.504263435647,0.2192789192603718,8796.34709831696,0.06378611254714672,74.76540316627171
1218.2075345521723,0.4380429196021649,6827.270795941369,0.05013798242526405,126.55118970710588
1874.0717733051852,0.3408617224505817,5360.184625092601,0.0785075556000842,87.10487657942832
4443.941609740697,1.4517952719313718,2944.167819585002,0.33609089803045467,384.6397884906721
1263.2473465180112,0.26317414842171855,8398.956006356699,0.09493445095969652,107.90157290087677
1000.6533907612995,0.29889819207582535,8513.732872445382,0.05203535868062606,136.9253067986885
1870.6690341255176,0.11617553248506454,9825.001047383596,0.05216001504278751,104.69247909822715
1792.5948132091348,0.457117342568264,7268.206157218543,0.09429367586562917,68.5627193320706
1627.328935090678,0.4993212622935833,8162.177914701451,0.05633223211021707,132.25911942786863
1750.2657639388422,0.17259484994347946,7695.954353612658,0.050108005206200096,128.30352501747905
1152.048567424492,0.1481531859098479,5753.092800566187,0.05894569318565069,147.23558147343266
1458.3235945875754,0.15743098537943812,7306.01236066068,0.09119380875488022,59.3581919107537
1351.2193873487809,0.36441082329374686,7724.175773444971,0.09013570413800512,109.12311623058493
1093.7765262570165,0.36457633538030987,9753.748030211293,0.06700661054217255,99.16689839434824
1486.1304852149242,0.43916966491136444,6832.695272044781,0.0834015458629926,117.08721154801653
1920.7396503426353,0.4007305553705013,9900.49551553989,0.0753624853667914,148.017984812323
1040.0591190506946,0.2798758693477359,7711.500370120422,0.09523674949229531,103.22720771157557
1291.460913493794,0.3451421446261276,6212.346216515288,0.052821173770871116,118.57386349464292
1207.5409362057035,0.37531386814720313,5958.321935079039,0.0906589564368316,84.72134437220427
1238.1466536656962,0.30509458811409007,5708.4745863011585,0.058529933471373,79.89704876716826
1908.4345518793752,0.2902603937806547,7264.664352867265,0.06958104487158798,83.5296565683667
1468.0690542342902,0.3580389782570613,5109.632148944616,0.0595978575717383,53.86078935969414
1466.299412939819,0.3229898195902615,7225.226416574327,0.08513072047970696,78.4740645412595
1760.5756424552824,0.3575769221343642,9942.023460779732,0.08391630898766289,67.29463938072021
1154.4922040049257,0.3451419095853455,8350.533978611333,0.07739488008495135,95.74279798355568
1487.265354100051,0.38767862420546184,8798.930606002024,0.08490815184018277,96.08247638987314
1429.9852141210597,0.35712140351315047,5595.026953591313,0.08197823903023368,126.52298312265036
1596.910690546656,0.30789699457490693,7365.504307450454,0.0888221027842134,100.2291647892029
1999.5577032504386,0.37271872451375465,6431.11550512857,0.06197033256452744,96.3081588323241
1769.448894082047,0.27979278607417124,9470.487639945146,0.07144563074703603,73.16263117004914
1397.8657030174272,0.19666849038904044,5906.462360069562,0.05758132646771144,135.24800101446772
1827.5530522740469,0.10056728805356618,7293.66663568371,0.0714796782110097,59.100090568471906
1170.7083633124803,0.3239856588583373,7940.238591728188,0.08508458757101706,148.2295964979286
1030.4636863089602,0.3362620906434564,7570.205457892664,0.08456955803921759,97.60749958514981
1204.448372464273,0.48881958591028574,9151.217639852037,0.08547134516474714,68.59869995957237
1340.4115561142596,0.24459133363771024,6157.265856598202,0.06543837643221784,85.4328055768483
1510.58075745956,0.2576532971313247,6886.955552118456,0.0831106986895462,51.537018270878875
1615.1291405411998,0.1807198325368761,8960.421482869762,0.06837331597944692,66.65226792582368
1910.6057172144217,0.12821371809492876,7640.357058684024,0.0972246023052525,83.53398193126772
1509.8540095504577,0.4091217971446962,7010.586928239786,0.06716831829401694,105.44152787519874
1501.2756446257295,0.19987242573573002,5147.212573724158,0.08015091170221941,62.94808446448545
1050.2430098229822,0.34356194441201515,8766.927120078046,0.0875072857096088,117.59632961831156
1034.9115526562239,0.37510921421819265,9860.910389833802,0.09532037145131707,134.427648998918
1551.1599619163721,0.2884946749166591,8101.43504744255,0.07189643017269555,107.2339610473906
1438.1786132483444,0.4505408452108767,9282.706103443972,0.0680242554104134,79.69014472252242
1839.1803949802986,0.2775179363918915,7584.378715974631,0.07150140876582946,62.139232548587145
1160.679584711845,0.21396344921670607,6158.404827116823,0.06618481757748905,51.5535062983948
1024.9716621170496,0.4584062091846489,5072.210521175727,0.0826962245033657,123.18023329982867
1449.038767930126,0.4446257136999826,8266.991337949947,0.0966358382004292,112.84793683127238
1237.4785567522574,0.16561597883056522,7465.544241241223,0.05630355032446834,97.6283406035374
1049.6143733388374,0.11038440734156839,8910.490735438008,0.07804610323850786,60.199555222013785
1724.598286847629,0.13599422253984828,8473.412087176523,0.09488243626801655,70.70251812639663
1111.5929999572475,0.21461895942152684,9939.761841032825,0.05500572723280088,131.51723036866423
1608.3195000077717,0.4889039206966843,7551.562917060199,0.07469327053831405,97.98514680203695
1281.0497501668892,0.32340646126433004,7135.873948365047,0.09326147979302231,146.28328596193728
1173.496050355022,0.24930469281170753,6433.698447196475,0.09502261058560413,149.99721473679824
1379.7515229193175,0.45548643784509857,7384.306458956373,0.07571760805764582,130.07071263655877
1801.4457762229536,0.2812545325913999,9364.35739061461,0.05124759422338587,75.81836099070944
1392.0935769045727,0.22609545136040846,5212.198628958707,0.05528195892139109,73.11149621801216
1750.7696492110558,0.476487811498263,9889.500236430944,0.0793358372620617,75.36343204238226
1125.4862967991508,0.43980706647707124,9966.53597153899,0.05619293032331725,148.67850788165526
1772.771419665079,0.4374673501677764,7989.106892939509,0.05747088884556354,83.53404780682916
1236.9333249066485,0.3049138972200852,6657.7210184770065,0.0886058548891057,120.6446743644689
1677.3931298888729,0.41577535952618205,6115.244841610119,0.08753460292877502,145.9017709811361
1565.7815548409963,0.17174134370582075,6382.451978424394,0.0921386379712736,131.959614676862
3770.249711437426,1.3686943242516665,2717.004360674331,0.23846103134111252,241.46896679119797
4018.7746197900847,1.0191160641896817,2811.02425609113,0.20187564197877583,377.5365810046567
1066.1651888344404,0.21638337220718468,5286.621354322029,0.09164807149293254,67.49382446783464
1019.1554855512529,0.4177409316990701,8592.371073879625,0.08605438043488961,99.24230855683834
1826.8585609727531,0.2961913628832269,6859.64727766427,0.09029780639140202,145.1944495874243
1524.735637661432,0.11592227328883493,5996.823658735816,0.09948728374539612,140.44936957506548
1775.2440518349492,0.40520775912626694,7724.267789180192,0.09322158030778512,66.6192055454417
1234.4256000115147,0.16742765775684512,9868.796536215068,0.07602316254248802,78.7719744774841
1345.0837455132337,0.35258942685310013,8475.655245092092,0.06553840923986287,108.88113155559752
1030.103872211319,0.13426567761878916,7458.734250520801,0.07848382932873506,97.74304922529649
4481.630083837796,0.8765085364453525,2294.1006855463434,0.36734043363671826,279.67666566079095
4138.485079988344,1.0254601361918496,2522.4026908451533,0.3934494365131354,228.46408825069454
1933.2050877593063,0.19058587667095797,9458.67730528897,0.08854685187423393,145.47143676552966
1265.4964074290724,0.15165456162653373,6023.344737969737,0.05463768963289434,145.14422247445026
1611.4636112256608,0.4784008773356191,9294.38788129366,0.0889696425340855,105.94258810265916
1678.4999682926377,0.38476149697652207,6505.130435208494,0.05159992593409743,113.52613046772277
1317.5497002575885,0.39666435548723544,9704.994639125485,0.07489830303607452,72.19062808589575
1848.10923501563,0.2997618245520979,6405.325744733676,0.09307182317416332,124.19527264206313
1947.161462900248,0.28989111410819335,9634.24271581338,0.05432476370106988,55.24961871348813
1884.8551176960043,0.14400849719659067,9818.953572320399,0.07588694682470849,72.06821881639308
1739.0669759393727,0.32393643823359675,5727.456787285071,0.05796957194806582,50.588368766500835
1277.464679724954,0.19876659804351618,9872.499416313916,0.09474078750304676,88.57012587512688
1281.6160421056318,0.49085813312016235,5428.614842146411,0.09161727635168151,135.0261198702092
1963.3603204460378,0.41863237600605896,6092.83893306261,0.09669586216467439,148.25064771099696
1010.284495935692,0.26519682407715506,7220.843904364023,0.09374911707650468,116.77559753805572
1716.0499732421445,0.16053650347661322,9967.98682855855,0.08682766549329954,124.48666854264324
1706.2461625552623,0.41413267645551366,7442.815255826897,0.05924445977942514,76.27495782149401
1622.6895409497974,0.1488215068325264,7752.047215892429,0.06512513078344503,102.03326934888148
1990.108846086866,0.1757335013988282,8472.124747618243,0.07484275791540038,123.65778988253649
4080.7613735947225,1.2608339537459268,2777.400808505488,0.2346670615857321,290.01527758324784
1339.9718637932483,0.3227562553092378,8916.757000621223,0.0891091697656605,58.85463921140459
1078.9394029465554,0.41482266159614656,6120.770022118493,0.06134798140935305,124.08641931643092
1442.7981365437374,0.2257259514898769,6514.954653321774,0.056413869707348165,71.9564391874752
1261.0485262348482,0.13386792571011577,5488.141198042622,0.07413050852968181,59.76976709376558
1343.386702177644,0.2858153854097677,8222.2618208237,0.057892070543646035,97.80579488253821
1834.5717902556275,0.3992440964639742,5903.701532696108,0.08468684011647862,57.46090777996131
1935.484513527496,0.18866553723495533,6287.024442396829,0.07878154450458587,112.94436669816537
1185.7330720051857,0.1879698192157497,9440.568275901885,0.08705538985094424,114.04732503132452
1372.5089315534658,0.47889081093868435,6633.778376660076,0.053171827982755424,75.67019731330092
1928.6305621153942,0.4816614908476712,7833.233591770835,0.0982348780222102,146.45344218075934
1061.8084606892226,0.49618629282463056,6987.830043945885,0.050000276833786904,132.445158674649
1092.3605281113785,0.4230638406299121,5370.156437029568,0.06627212075067675,60.95869578997275
1162.7909892062294,0.17527366766717822,6814.3191494835255,0.08398173966831199,124.8512127339095
1595.212834126875,0.18479260831970457,7040.341015179654,0.05225710369310595,85.30746876098344
1150.4722710059975,0.2360900966089568,9478.505509557592,0.05416747906788035,125.02885216489588
1968.0763814507336,0.22725301253339636,6622.253268231698,0.053834071861411016,130.0794792352609
1446.7145272585203,0.48261109963120363,6896.205598810339,0.07907548633604897,65.13780560604616
1501.5179603501665,0.41562959315267745,8914.483843361671,0.09479626575192691,116.18419848379025
1246.6586158054065,0.3896035168646216,8794.78325605799,0.0777718488856131,136.27299604893085
1470.9602524347335,0.17438528962325273,8991.426383242455,0.08017856761398359,82.33736240506734
1661.9136326370117,0.46381022374493186,9768.85370038002,0.06730008256039947,58.03283041809644
1751.177136954043,0.43114815180246957,8977.78749197392,0.050937057932776614,52.72674799391987
1753.8680827099129,0.1654567365311695,7038.041016089454,0.05108073588756082,61.000096039672854
1577.8911126940884,0.448468132784389,9107.54258449046,0.09441549832404557,50.42059212830139
1904.3597749938572,0.20889901454818852,7543.373160449692,0.055128621935982336,82.69459423928282
1817.4078473061095,0.13234789833284244,6388.570162592827,0.09998946859062977,79.9328587962448
1757.0481146986253,0.362728922605684,6514.585340655061,0.05822113057556391,61.034126768741814
1055.6055216804607,0.3615218637537323,6119.211942816992,0.08373172219775948,115.1117878102798
3488.3351742555387,0.8909409722819102,2318.5916951465456,0.23459037018575882,337.38812397511504
1212.447277195473,0.22754072357463295,5922.452059268252,0.06811446388210132,140.09264148445885
1663.5235939134523,0.4971257849022155,5315.890249769097,0.08672165943739947,75.2850599677055
1411.1974888825457,0.37137066680349473,9442.254324661932,0.06754283217211676,126.9981632971547
1402.4062592993118,0.39203006664133166,9655.039048245617,0.06524705283807228,143.6863263285019
1884.5868882296136,0.18516691424172227,7933.851962469478,0.060090204128771946,140.63642370455483
1895.5628481318386,0.13151282840156575,9202.447783043426,0.09104674534494323,138.45495213112883
1909.1752640535856,0.21076067589637507,5917.855513265736,0.0628693531804574,128.64505121775935
1313.8780765150273,0.1995593540772768,9508.369126134927,0.06415790814529289,79.29914761110474
1691.055812739262,0.19381764029922124,7531.807798152542,0.09994848710993888,58.35630662107923
3290.7546105999922,1.4162997627118257,2157.625926650238,0.2663882269259008,237.6965109703557
1190.6098330744499,0.32990227626216173,5706.563722470801,0.07113872444160245,55.479113435633685
1184.6324573473692,0.23124139033672872,6544.882303934086,0.09950277288874175,149.8473684535029
1342.107620863594,0.4281380060190122,5217.787901773757,0.06846501727087131,85.83096830647384
1429.9576197798217,0.1735789671389536,6546.466890087218,0.06830760036179336,145.8339918388894
1830.9491710550683,0.2858508283474178,5299.652165594459,0.09138572331069302,127.31209919009157
1119.891093472712,0.105463134570432,6180.138025964126,0.0655965184243846,91.12909536907998
1734.9258473948942,0.29267292898207686,6328.348779282208,0.06168930518212036,61.83114127160396
1531.4549141893053,0.12233528835058977,9971.84488183397,0.07116051275876611,73.7193090344716
1287.9453426759924,0.4910894047490575,6177.733368818323,0.08503204002880964,117.30445761494025
1492.8195845328246,0.4162368514601652,6195.932244692902,0.05216215124896327,132.9935203378755
1299.9420697770227,0.29604459065458216,8433.944841791925,0.06869580136092834,147.94404918313177
1596.081955238306,0.1346349432717401,9296.78739258226,0.06731224509729203,63.21621840137045
3117.408839256022,1.066034178652454,2868.205757720231,0.2731400228250781,204.0839100060599
1164.4055290788788,0.40350550028075105,9378.090099703462,0.08271436679521725,54.24394766901464
1116.5830745556968,0.17628690120189813,6700.710103738786,0.06449950402068387,76.03645255021887
1546.6956820721302,0.32728333631499634,5985.079398075097,0.08033657795040015,132.10674388113108
1902.4130332861034,0.4256843593531472,6648.194121638618,0.07521684207273135,69.82568567309076
1343.9576865576855,0.40729911105852656,8046.781869639962,0.06085949354129493,104.7864749895069
1733.0001072226232,0.42119680714686114,6835.715796560369,0.06332830285210908,94.640719800602
1658.661354939767,0.4517293699478879,8364.469019946444,0.0585300026653282,82.5826242340136
1931.5549143094809,0.4750728408637881,6184.679397112412,0.052831460742547895,111.83464134544641
1820.9810172991408,0.26220846208141435,8504.964469945744,0.08095942315524558,100.23257893301955
1566.605258905463,0.3275076410091509,6737.1918162423335,0.08363943469571672,83.47631734845821
1657.0304982341072,0.41626381041824434,7279.341858009673,0.0582999996804335,118.8850885120005
1898.386466584035,0.37885592557831327,7788.7257022144795,0.08076961923430367,77.996819103854
1399.5187845869348,0.4982080913057515,8431.125015929969,0.0991042370028789,114.3183339794481
1326.7947058577774,0.10547106044185767,6193.568459243668,0.05372010474689111,145.7245868341551
1010.8110836351964,0.24205328612631627,9179.727687054052,0.07451854362494319,122.89519791815164
1826.551074191464,0.212411170508081,8609.2137487762,0.08665191068219269,91.8399559636328
1800.9807004033648,0.20492634006621385,6170.489595119998,0.05230045989148635,124.7559321202525
1104.4545181001513,0.18901191299955433,9874.872813014552,0.08891367469988079,130.924181680015
1576.8573811327,0.38364953632609167,8323.984955152293,0.0989755618546443,82.58404669979754
1463.9816981668873,0.13390378931012875,7262.134432333528,0.054424393176637664,120.51322156582887
1118.7090955091114,0.3966435335773354,5787.636627767582,0.09111149527329628,93.43961960734147
1980.5682270607235,0.37737033680650944,7666.105011540657,0.06892907722560472,131.85224817818687
1214.6958874633553,0.20032165300035856,5823.879434135591,0.05720581012170059,79.53775951753607
1067.234180090561,0.20113351326606452,7147.458393489219,0.0746596604598174,143.77596700244328
1594.8473795019095,0.3515442341378009,7043.562613697594,0.05357593678906079,107.47869372639735
1738.8666771330327,0.4048684421934712,8599.6982217373,0.07610507040835922,85.33033139357153
1032.443446047187,0.4505942452349462,5961.915906121249,0.05096783940020248,91.93712687118222
1658.7176387270222,0.44085582554179037,9109.35677435423,0.08643057208363651,84.77986133140325
1532.2918759514546,0.48595319766554124,6630.661635080829,0.07439848429057944,64.62463358571553
1103.2650088750484,0.3325539581346045,7219.943134843876,0.07294698304675903,56.84923968874692
1172.5238769463622,0.46346222453614383,8861.704877769213,0.05980957468710418,82.1778695138261
1567.9742973160805,0.4234053093041643,8126.9619985675745,0.06806315778973829,95.869044107819
1296.3576135132885,0.45786704972560544,6540.126759009687,0.05909347162108332,86.1816939436019
1938.315728651316,0.10465064051414666,6931.014622729405,0.08676950502678696,51.39195036673122
1818.7402294840508,0.4863611967463244,6528.934069948051,0.05995126497165137,107.90062459524785
1983.567206513663,0.2894120651385913,7973.850836385785,0.08083766635258575,64.48164798909407
1259.670838950414,0.41927319582993716,6663.122666034198,0.0639803750533876,71.10052785616159
3657.8665757535346,0.9098599941456718,2408.8217906896743,0.371806677295916,328.5698785742416
1431.233869791558,0.25837643832558965,7898.93579291863,0.07702274794606712,102.04327300285169
1347.5187953137547,0.20858426520839637,5728.533058737545,0.071171931582636,59.515929241402006
1050.3495269693533,0.21666350820037483,6551.343093399412,0.08365004167052358,75.63572491839128
1052.7652578596026,0.14930224798035271,6107.237209550779,0.07078610358041146,95.17087176199931
1692.0112559466547,0.42230553301720286,6951.566062757427,0.09106853012875164,66.77088851718712
1457.928994434028,0.10369692583243127,7579.920431046816,0.08647992291176329,94.6241361701833
1226.5216260361058,0.22500218279408102,7533.814286420549,0.07703194972565407,84.27351257173919
1613.9703063252327,0.16976421728656602,8772.618382816445,0.09385303412929985,136.05971773696058
1252.8581182501111,0.3356155762433362,5945.859318008546,0.09144309107340279,129.49032126282893
1577.6317543444225,0.20170096104581756,9732.364146487234,0.07659196973102497,149.28545834655316
1359.2087469826904,0.20359938181123988,6714.2255344108435,0.053422384685039875,102.89117329654475
1823.5522266118192,0.2953352575981275,6501.244234580692,0.07829981760996221,107.53970935575501
1820.6961607667793,0.36107561573637026,8425.8928909011,0.06776284947801428,144.66458481157326
1477.3503981224012,0.14852188182606546,9027.583143415311,0.0770056471401867,89.95922146875185
1350.8191093350156,0.17020458098619845,6892.3588240682675,0.08235652302487967,105.56826845081923
1362.5597965590946,0.19886989783780706,8734.234874469887,0.08224192874253199,87.90854957254737
1805.714525668218,0.48949928564718426,9418.679780680273,0.08367620217590008,104.58607058980928
4808.894353465235,1.1105619014470118,2042.216455206495,0.26521342587855856,205.7504047380406
1209.0593737068461,0.33959603625241064,5170.982427854165,0.05546407093567521,128.37940933437312
1084.6883418753068,0.19661712508639118,9136.84455683094,0.05958561652286468,148.52799474290438
1466.6931208844085,0.2961838100629952,8872.404792271836,0.08152705022711755,56.574040243955395
1482.1320989198418,0.12964766975438324,8346.451190765929,0.07040861943655184,130.10397302314743
4511.94881570652,1.0948020042083342,2226.439341309165,0.3273081106675668,292.71631927104556
1221.238696446064,0.2874934107285841,9897.126979159693,0.05624546411314161,69.75470532769813
4951.147752474346,1.078576324395558,2306.691989914384,0.33413460778828274,259.4610923388342
1808.4057388936908,0.1547521278767311,5336.116174772989,0.07792323212182366,54.41322485565817
1823.6236107489735,0.3750405715682935,7304.449848138584,0.07503740096339494,96.32393472523603
1384.6110759787682,0.4971613963597058,5232.16827695524,0.0633198576988345,50.14444659153213
1459.1240232866808,0.25825872847868503,6471.252040442306,0.07041716217525792,105.43940286464739
1303.2858908492829,0.34982345436695783,7934.398958983795,0.051749063902832654,96.20816677316233
1932.554878419312,0.48519037694579426,6548.114464630781,0.051851905399718706,141.54826066806726
1118.6437657415804,0.43261398897875014,8426.976229547694,0.054746350141243585,122.02719027844154
3674.5409310895548,1.0378746148162812,2584.722859006418,0.23658841784923695,389.084449563904
1683.8664518353432,0.39499579378396776,7102.195896397685,0.09318582073065769,85.45399597519473
1531.5721526867312,0.1512540161002096,9500.689756465017,0.06301116446297876,143.15797696788118
1032.659060784496,0.30484154218551973,5399.194656752001,0.05169699148617102,122.53341472740897
1475.5961918220082,0.21162411087197464,9200.565821002248,0.08543135510261562,109.4275114986289
1407.7481050027322,0.16446547515846444,9142.865727196495,0.09276761195025333,105.90715907869017
1161.2188119751227,0.270512362501814,6609.969481633824,0.05690863926315509,89.80984664038773
1656.4096035006569,0.15240582177344578,6493.575935623075,0.06928738479702001,108.52014626689775
3824.312307502729,0.939473273345758,2305.7424247799513,0.21720910828404816,207.8688270014501
1562.188811064525,0.28249601762133425,9056.968561722055,0.055317871530468264,62.75376763563675
1714.7532764439457,0.31245785302586554,9158.267438050974,0.08240842692371872,146.98306396481246
1068.4504525660168,0.1585503754672628,6648.612294138338,0.09837682380890657,73.93648690889745
1417.6669958169948,0.15590866443739781,7962.951737222309,0.08390828128103811,94.77426814373749
1116.358485164496,0.3333661741040497,5694.666147202272,0.09924073314038091,52.2715624647782
1612.7958355365104,0.49400389913177856,7343.89369140511,0.07171976380351458,105.03459229584854
1938.4821582141544,0.13850023329509026,9993.964254277691,0.09489348944136801,88.18668472616238
1661.7777324716385,0.21429257142631253,5794.195738531234,0.06025421123331523,74.97558722729983
1076.8030483144216,0.447783646615155,9737.813199800294,0.055895218350539656,148.55242537823557
1354.666204985083,0.12890880490209478,9121.273609825039,0.08512600254562182,92.81411426722744
1550.6633794408515,0.4503542885467805,9861.07325473135,0.0685704165431318,91.42963635938972
1403.2077561332521,0.3097143933499005,5897.893803052665,0.06588438013735509,96.31032644809761
1833.6440104751723,0.26330670957057034,6067.592452216821,0.0835640288998829,61.61537790661613
1814.6710047099891,0.22387222574058235,5084.335908674293,0.06667420208847441,89.30961098149452
1611.8310201032214,0.21884686325113678,8623.509064578027,0.07862790861242608,83.64042591055613
1373.4579451327054,0.22232103297979153,8220.473467180927,0.06497275531306522,96.51244587625544
1255.3363737632442,0.45392123238407833,5890.327191623661,0.08918787941056258,135.6621166841282
1105.8743182131293,0.3895180920699143,8955.724827710359,0.06561941702476577,69.27853945591067
1354.8976834865541,0.3678892031324602,6495.977530658627,0.07674970722481102,110.77393257196226
1413.1725172077195,0.4194996595808004,5674.977846653176,0.05115880418485059,53.76370897519281
1675.8229251040736,0.202845865201658,7112.81332509674,0.08958653916791964,81.6792502100021
1658.1598242975733,0.3472171248327023,5454.849242134281,0.0810168887410988,97.26576190926924
1070.108139641257,0.2840264955831804,6316.218281366233,0.059611853349644785,57.42791507975564
1395.2593154311578,0.41297665408007733,6856.666792136731,0.06076866880455126,104.39679346235009
1181.778867217362,0.2237024441893142,9259.320872570748,0.06312464592524111,81.03256210720801
1156.8127053168057,0.3572714467479583,8962.743706466106,0.0788265052297781,149.28100135923128
4485.260260806733,1.1991917239527732,2244.491195506772,0.276247470935806,384.0583807899198
1041.9152167162574,0.2608601904779715,8622.875288761938,0.06369318598209447,74.41751960157174
1419.1828759021214,0.1266488349469846,7843.248180895025,0.08470311459885019,60.26732454475355
1168.2036557665183,0.3064203289367171,6704.20927539034,0.09445205829668657,54.071977937153946
1879.330215678474,0.2383889951228104,8629.371717476424,0.052175773882676926,59.07732643752116
1557.0405132750352,0.36889015221887,8417.49577233189,0.07085983189113408,118.00595270289335
1231.380636376848,0.4804131698994425,8095.47221096801,0.0796760059272405,135.499227599434
1502.4272871663763,0.2942433271987388,8089.7776052162535,0.07932176017684997,65.67331147110778
1731.4863597031158,0.2864760920622136,8414.909961634883,0.05097676734947554,90.21344535527544
1958.1180089194338,0.3618339200765841,6922.727563212691,0.06052830329243025,85.42353431958915
1220.4460042454189,0.1413990014374271,9345.379075338511,0.05309153606560608,114.45180911880726
3334.44720761459,1.0501324847401385,2959.035624897787,0.26256084224531995,336.73246449848114
1934.3041141674903,0.46759173020015943,9419.42731619577,0.08226949438347336,145.33193104475114
1916.4205445320663,0.36797704534550657,6711.409215159972,0.05798710817117388,122.85563818906564
1635.4143568619097,0.1053776175933665,5625.158078043112,0.06665055596710363,145.5071878884645
1629.8206544347076,0.18185018902360794,8000.13701339565,0.06649018716880106,77.73692449533664
1403.2106331838227,0.37313490641155966,6879.933345352027,0.09099011657948917,108.77156378585556
1752.3978823037878,0.4057596810250297,9077.498635517597,0.05973297022645667,123.22679371103355
1531.2940183509318,0.4359438290696168,7153.927342643837,0.07741570606628292,121.09562227677338
1677.4380712282946,0.21687072135281796,8342.812627810548,0.08914677562504422,52.13460994283635
1428.4579038487955,0.4724114385110251,6541.2899475241275,0.09147890964485239,149.8289163489885
1731.496464043139,0.321178757431157,6047.2618751267,0.08332830471423666,142.8059972768785
1824.471517604549,0.3786156089551572,6940.245154744119,0.06497638761309416,61.97520812726107
1146.4362566028162,0.3386955451119632,8034.039173012167,0.09115232874144281,104.35667742951705
1832.9297155742279,0.1490960218698482,8284.733696056759,0.08710830135500633,81.45564553194161
1540.2965317903072,0.48524586375395196,7891.033326490092,0.08522345669146347,137.88940159242867
1844.6659090902244,0.14915023195766108,9940.278593120544,0.05336676994425036,119.75196305881542
1431.3017063410146,0.20195278256447347,8455.450932475826,0.05216324403257748,72.35171567323931
4086.906427771578,0.986433692184689,2935.447349078725,0.22260205084512746,351.8423381083909
1915.0607325172223,0.3474387846004406,5589.665974475873,0.09723974006169654,79.1741802614774
1251.1692675484014,0.4352596661505428,5306.864649067395,0.08868619640315098,53.81372728078381
1844.2123252861431,0.30629447534961796,6554.973510059768,0.09157377832468444,64.13107129983624
1484.0205725094042,0.25079729414665397,5682.9446918821195,0.07724911404248952,113.61380416137114
1514.0954425512596,0.468738199819114,7629.342641141338,0.0652293072044037,124.50850681180249
1308.468281489484,0.11450092700591795,7594.906267616394,0.08388684483834422,96.80169000057595
1573.0422006190156,0.4424520881412184,7875.235832219751,0.08559854377463463,110.02878706941286
1325.2111962762112,0.19232711407511266,8726.139404155363,0.08376789858470035,65.58850362660095
1039.2694142416524,0.4394945311015871,9856.6485010616,0.09733545283596604,81.67951705327071
1271.998605344356,0.15567864536675424,9391.293457195732,0.06835895166322783,121.2883847277754
4748.006250721297,1.1323509111781798,2896.6346284391548,0.3192324221543468,364.56881564943706
1978.3547870568566,0.4552431676045888,6692.568443853286,0.09542221763787048,84.88112235877895
1965.7472098197475,0.2894158587595562,6279.11512524021,0.05802495594270407,69.39926370260457
1395.155297472305,0.39862666952135717,5884.086788898964,0.08486591696937162,109.48248760652413
1728.370854339646,0.4218686471422234,7723.624383278922,0.09366022198863422,130.9538606019198
1345.806098410425,0.39459768348671165,7766.3220101636525,0.06550706990073177,96.94450286056357
1671.0931570859761,0.4701318947498393,6136.224139440306,0.09152076204274633,61.55392564710892
1805.4300430459791,0.2787336922079715,8559.486251533428,0.06660290631357221,133.83674319094496
1946.7562446922407,0.16925017566606232,8664.571495847526,0.08971289641181249,57.13971046015334
1400.212275849672,0.11912442548099192,5104.899974169666,0.05349149314868629,97.17273732012006
1783.2979829560477,0.19858394785500205,6978.788518611583,0.08276214993354639,76.10773361572464
1265.9284506321187,0.15727900155209684,9450.703206008106,0.0838569040289398,143.63181563200845
1990.3323037936484,0.3231794965737922,7601.593041219191,0.07457129150404783,123.75431979485396
1025.769598764351,0.17397813488469283,6738.139007194972,0.08435454319313554,106.64089829679203
1603.528806501121,0.11557348291574848,6268.38075797565,0.09615918352769205,116.77554406893562
1659.5059816513271,0.11439593154746715,6216.772599591412,0.08669274124841139,103.27272628124905
1688.0455570741287,0.43262779934594464,5498.840169254032,0.09806480144923299,64.760094521941
1120.387578789089,0.33657997257720995,9086.13209546546,0.07243061569260359,120.90986799965383
1938.5297834731305,0.2432341207573513,5433.2870269708565,0.07641453658519787,99.26739522694913
1181.1832790500828,0.45769121709609883,6461.4738293090795,0.06318693486188534,113.43092713227341
1622.7534032398412,0.12807864456308546,5228.378692831766,0.09928008339004343,54.520166397726996
1222.676079123085,0.4921288290911304,8906.932848618502,0.05275683675806362,64.20347925632531
1307.216417021271,0.3465167161017844,5196.418411133953,0.06793102088084052,108.93704759319903
1546.4585417281244,0.1733857015875394,6541.505519341043,0.06488485823843065,95.94289030829493
1417.1934185645764,0.3716276395907875,7866.486850433321,0.06932558565640277,72.6873668953654
1160.2256009765063,0.40535250391342503,7047.806801467219,0.09588589302599329,74.07609205335548
1170.9364024208483,0.2717371133483098,6411.355336245502,0.06840189370342575,113.16583125559424
1418.1447881627996,0.444653042498219,6375.945362137709,0.09584883263500003,55.8967026929074
1757.2829782755007,0.16029296291858813,8988.951530031247,0.07116694308316014,93.42583442235733
1897.9646468477886,0.21153503343104335,9869.890475436227,0.09273843846101042,102.31035047266093
1084.1276622593828,0.13739694463359592,6740.205352243967,0.07608750492503344,80.8142602742334
1393.103907559401,0.18435113624294086,5195.727568045083,0.06556764217141575,132.05498284923362
1100.2455637228766,0.19549152476445802,5182.828889545543,0.07246748994839437,55.67695825688435
1016.5924806325979,0.4670532763686841,8796.06707605359,0.07121905394891018,136.57827852469507
1661.7186826439565,0.1312438755004625,7761.849108045635,0.06299570310427755,122.32629928877708
1602.4494419665878,0.2709660480750838,8917.963287086652,0.06448193649959534,94.62543789331968
1163.0191138148862,0.3129594748907652,8487.485051442874,0.059322696065552724,142.44673902125078
1233.812833093064,0.45947722152086434,9537.531746326982,0.06680002786038042,120.22382964947168
1023.7077536445183,0.49907848746448547,9429.121455233118,0.08122029016245856,143.10453496590438
1834.9472056944037,0.40135524596793437,8941.636978105887,0.06932790843548156,97.25897794155662
1974.6905960485515,0.4883163962276118,7375.9458002107185,0.08561616054631462,95.2973100995386
1135.4595367946908,0.4148404530143496,6540.632038019263,0.09934890848439766,103.07426314461787
1231.4752137652981,0.48528105638856667,7535.1339372232,0.06885505397422426,56.54267039858026
1868.409523946934,0.38290829037778207,7510.358036599118,0.07313196070448086,140.8494251336636
1926.4637979561849,0.13190537018042844,8051.377744446689,0.058205507847404886,116.77170516418508
1419.6273828068104,0.26076807479707065,5930.487838914521,0.06961076428896582,111.75856779093687
1050.622472269074,0.3586389135209882,8278.099402224943,0.08634162253953398,142.64635364705634
4672.624822445896,1.205841605240059,2977.042236519681,0.2797807377654544,300.79959057557414
1573.9498660690106,0.20935356724551146,8101.024159704296,0.059102702432761466,66.3393390658477
3869.2099925569505,1.4511657926608346,2692.495348035891,0.30150260466942913,281.7065465043987
1028.6524275776544,0.473400750680974,7171.974469386774,0.09093247428588658,107.99451744883862
1583.2523923125568,0.11399274940646142,6051.006072262601,0.08118285948557417,96.09971885902796
1011.3025365890225,0.4076924814165751,9376.525783784007,0.09787896887933033,147.76126016471454
1787.3719581492728,0.3890909112178509,7439.805225207688,0.09522702174638129,135.02630111551133
1306.4328227033716,0.4855813701553149,6124.90707786906,0.05755685984116212,119.67499840934693
1040.2580030092322,0.47228448893301744,5206.043478707731,0.052127638730360734,88.26761671901394
1588.3522209831533,0.4048930248176772,8378.69332326771,0.06995473670973772,116.60408041546843
1397.6844144330548,0.3081635058730395,6073.223569948778,0.07610397394093199,103.16941235594035
3012.9513542401064,0.8002262621765698,2557.6376141129367,0.313318216179407,261.20562888572744
1544.198662503702,0.31809428733022976,7668.501867075858,0.05670536338855277,95.0381323145674
1275.2391810370082,0.4061407975678616,6444.88498124016,0.05624087160773052,71.22119681017124
1709.4388646339748,0.45826768505515725,8288.387168963152,0.052343037788960184,100.04202932051845
1271.4920025427114,0.41588480368421965,6376.099617190428,0.09254299630277002,122.02380759451205
1904.2432914075653,0.17810677407642161,9101.371469548732,0.09738720690340895,53.6646223819129
1374.7219705073765,0.3398745256912238,6541.180254649709,0.05578425101089859,126.53797093186519
1549.8685627762052,0.23286938381254282,9941.238661979547,0.06065611842745558,51.999399200834326
1050.5731038242288,0.10368226695625721,8025.723927226468,0.05449314423674552,101.72777029593253
1426.1212379522308,0.18008837431546643,9222.055744713318,0.09387510855704176,107.34767071501633
1832.363539660995,0.1452882599733797,5364.077347892111,0.09793543667681205,126.12434596277909
1805.648805363342,0.4370876494157875,6741.497086930941,0.06308982883604451,126.10288233408168
1224.3185588535262,0.2034025008591248,8687.435430830748,0.06517919149676875,91.74554458429063
1226.0790710105628,0.21387918755502222,8275.295086702914,0.06813348422064698,56.63725108984347
1817.305312213237,0.48397462871955377,5971.215607168789,0.07512318796903657,119.35001527758172
4227.579406150218,1.1141404170085263,2049.450395319522,0.2631310846370575,308.9804765421219
1095.3609212730034,0.10383425605775783,6317.217037437705,0.07521952916273121,83.30584566631015
1450.0586394262252,0.2135384593384546,8066.850848809215,0.09755007908381207,73.48737827529905
1337.454278964229,0.147719832240725,6722.841147293875,0.05499467292607493,61.975821311047575
1870.6884554574394,0.14112342469434158,6545.271210001749,0.08993027561375316,79.51424972086053
1083.5249146800188,0.1309949160542998,6036.889902181709,0.06672415454067356,95.8489625125293
1211.1259425580374,0.33730378807015093,7045.135604573242,0.06887738440432739,97.76091681792522
1752.4683375864943,0.17573908945194347,5977.5129509827675,0.08544147218551126,108.2738931414786
1051.2938489812157,0.2444971176164042,9812.847936888162,0.09646885549371895,86.24685693540505
1492.5353807142892,0.44480708645200673,5772.509057476517,0.08581003892767884,141.98978692387965
4143.724626237415,1.3198516419612223,2954.2767205832047,0.2703633063157519,255.55426023321286
1334.4011789887486,0.4662765400206551,7142.36549078291,0.08753896210793995,92.37250401184556
1394.5723153189238,0.2991752213582425,6889.32995780861,0.06604893029918625,54.81679683514831
1529.940586930233,0.2595346459359023,6156.599004524244,0.0878465216591124,109.90150821328838
1161.367358388383,0.4001555708362806,8178.781671837596,0.08922603801099009,110.28689360667185
3119.6348502757796,0.8487822186237395,2295.155783156113,0.34681529438517067,264.1603797783425
1805.4323292999863,0.13579135319296698,7337.854811262087,0.07683781193334083,138.75969176082205
1760.1609297901591,0.36078948556918433,5278.534478467121,0.0879860401531242,126.290083258929
1153.8999046937738,0.2947762852956993,9592.550753442749,0.09085154311122037,136.74056195924268
1149.2494697414738,0.41616610012768407,9901.645664381904,0.06685977210153353,55.94225569099307
1268.1743677449133,0.4665083349374126,7155.217076059174,0.09007811087876454,81.8126432254842
1361.0747263410371,0.25534675106861904,8068.304037046635,0.09071045033377056,81.87119436947047
1408.4555814084827,0.33856401063385855,7251.493131218734,0.06170628204592897,115.70450577686199
1679.6972168333452,0.30027865111812396,6609.398254430603,0.0858475372658358,94.86150487045103
1056.6804321658353,0.4926442622569732,5386.593964289038,0.05932669609180792,127.74726032520418
1034.6727042260663,0.43243376294263813,7280.338651986494,0.05465245564940646,88.44305666556947
1391.910562943909,0.46469508331094145,9091.922781797257,0.07872715060251138,72.16075773124088
1697.1636921379804,0.20173603503104168,5085.157305440018,0.09543260993916995,79.09510682942783
1193.4353429564826,0.40901056926503776,7910.538415901112,0.05177295117628816,68.24697261508143
1641.5044812562517,0.20618928999905958,9403.860543633444,0.09132508187974608,69.78926917629
1259.8281379402995,0.18349701337135596,6087.74715007179,0.07532356053517533,71.68389154306514
1886.0861088135164,0.4777064638622204,5916.279323445311,0.0930447724360615,51.609471150722456
1895.6899442666165,0.10772176668714667,8861.383128509715,0.09217384675855235,121.60880347625455
1297.2872042813265,0.4861554814653719,6275.432155596467,0.09376434024081444,89.96023422711355
1229.9937539632406,0.15970475879552248,5959.921337803242,0.08844369774033367,52.26713318818289
1411.3039720662314,0.42777523271730733,6889.946252846175,0.09214961772734975,87.00075444658403
1240.5315851801488,0.21036902122724124,6962.5100613510895,0.058801260360060184,140.5368127115412
1672.3838432917037,0.24028093097229097,9370.50531508283,0.06519265744374708,101.12443169674448
1826.0646845482856,0.186703084528794,8092.217359668384,0.062124308540364825,148.67520113463507
1673.092130911217,0.3342056169924319,7029.807281697947,0.08712141518640303,103.99594318780561
1824.3504472493496,0.23923821900314965,7671.939821428834,0.057682155968356796,146.2798999051064
4331.372068460082,1.412588482522535,2655.4946499121675,0.33143194861306846,279.49970900766664
1156.316970708861,0.10625892717682639,5566.073383049477,0.09394823603609713,78.99348127193676
1737.9509473975922,0.12574995340601586,6038.577608623457,0.08529410964564191,119.99701101797613
1360.474505141554,0.13986446109249948,9812.643532932776,0.09376899889595434,148.68216169994466
1671.2708252291325,0.2675974741240924,9786.62424263602,0.05696776291303453,132.5297411019376
4147.360884937632,0.8759874471144675,2338.7213661717556,0.24016191129644734,232.79521127380548
1081.2296348066727,0.45527116415135305,5725.544085626491,0.06415755850381588,58.51526143589153
1992.5817954877634,0.19792429602436032,7105.4256716930995,0.050484054263982475,86.4379109999794
1156.2015079305993,0.32974788969560564,5248.591462439846,0.06422614802193535,58.642570059659064
1988.4209939634811,0.4073459970770402,8274.5176614257,0.06897916259889397,81.12813618665044
1977.2799325664473,0.21553177196784348,5387.480108308711,0.054610981862135595,75.87921006653245
1793.8181039080396,0.26360309469450927,5290.148135471403,0.078324377891341,88.85552966367183
1659.4229620819974,0.3095896810742856,7425.934681044246,0.06915863312363166,133.7276589989919
1577.8070502510845,0.1539499385632191,9788.933180550506,0.052323083113877275,65.037667131038
1866.1015453778346,0.11039291749031213,7133.979680315798,0.08519894324339884,80.60639488536076
1289.439521619488,0.1611223237273133,6782.405793302755,0.08646399169205518,76.11172443216076
3065.5640948812575,0.833938119625963,2943.9930381449262,0.33490705140540866,389.0807983703763
1619.3899693665019,0.12944730461347267,7659.844803895918,0.07427702999334913,86.06234748070922
1411.1904758694911,0.17587854594005134,6876.207034451243,0.0984329398667255,74.43117499336384
1427.486454090268,0.2351415542781215,6929.3040667080095,0.09570320722662283,144.2581272223123
1330.2846675020844,0.13114802572254655,5974.797480167553,0.07756758125500658,92.01017139126546
1564.2318166845362,0.17667970846465378,7561.115287237695,0.07224759655347086,61.41132651972681
1850.574528015116,0.46450791559340443,7194.275140840029,0.05015172139514615,96.7658610027321
1201.5283780063128,0.10771965289079391,6353.976481737067,0.0855497265869617,68.44319018613587
1934.4330387534415,0.36137276966974485,5802.700433008798,0.07824772520248456,71.613064250132
1689.0876537482295,0.25376357236607394,6556.194343337768,0.09687720727430404,78.50414176448328
1823.2732126800302,0.3690594957729485,7543.416638438646,0.07971160626206221,62.475985602594676
1556.1906926300117,0.3354766881453618,5291.666361424009,0.0996428046946365,122.11189325800001
1779.5167014240635,0.1893995017418577,5768.720142919779,0.09269096359316453,129.1946474731249
3696.6949238143243,1.19396342405182,2221.026775452018,0.39918508381899087,201.63380055041412
1818.3804247795351,0.2967761530437427,7714.276755156695,0.06638313856425196,118.89925394335452
1040.1388590853664,0.42901440756538867,5317.24651830019,0.05746679973836333,88.89542901706956
1889.9133763628624,0.2624050144752877,8465.438793847865,0.08984360568975627,66.4077323636364
1991.9627472386433,0.4938742215660956,5309.014350395174,0.08930985514845663,89.71680613312783
1294.0674621767778,0.40819574340051856,8694.371135231864,0.060572446970278165,105.69873954816394
1210.3185562857936,0.48638008204502936,8749.813608600134,0.08823723270674565,54.09943140768889
1765.3633638580407,0.30573059156394355,8255.394878746263,0.07909866790207032,115.44843906823702
1253.0263409202532,0.2894764529162802,8661.022723096748,0.05547625724508365,124.26079690047855
1865.5623831722035,0.4021815237301032,5439.828905065288,0.07508917987851044,135.9970257708561
4979.44257829868,1.0017911093691048,2719.837532546991,0.332100015353951,312.6352439650199
1125.9551963793583,0.4856583183462232,5683.441598619414,0.07532287727226145,50.00935938582723
1979.1515551006155,0.2298207624129999,6697.5295363592195,0.08943494947767361,57.32663690221624
1673.8388982700046,0.4194818295370556,9713.726267503163,0.05144549933209783,142.4116803786108
1846.8872244289528,0.18425823905421468,7514.3773882957,0.08640407064312969,126.5555721041261
1324.329377351518,0.3182297386981781,9837.132160415069,0.09734186930687387,133.54356467611672
1676.4837495206043,0.17193925936367965,5444.612294433688,0.0749763892446468,101.70137971659723
1594.2418273085973,0.23895894470013557,7387.782997815901,0.06688549565127933,102.67198745638754
1603.150120122947,0.4725433468825837,5312.0116013843535,0.08233252524434487,79.85055898391845
1682.5324595377215,0.15843627990923445,8151.0513119964235,0.09581306075466098,134.27530519681636
1575.3591731290985,0.35296035805407866,5393.535006842582,0.05883848252666715,132.9769583083784
1429.062369302666,0.33718170917096135,5876.8390127018865,0.07018471050113549,89.21713457221615
1275.9226943805468,0.1482953410835946,6294.1515503464025,0.05781451404909206,82.92670704714739
1768.581330913202,0.23039161750752488,8743.719258322417,0.07483271161099464,123.8373271253025
1226.2724300031862,0.3251926018061063,5819.810594090373,0.07702110065152795,52.61681383379337
1692.3543061544142,0.1748714435953961,9233.16026646534,0.09721018073608301,135.9948898518388
1233.3328226493265,0.4202494625651262,5659.519694154004,0.07062575768838138,94.62479893141729
3934.2116173019917,1.1417006301793022,2764.1740817909777,0.381996463677244,299.38019407396376
1747.078267129029,0.18590375998498884,6975.227094848339,0.09426312870270762,116.90778473873947
1218.7138889065393,0.17476478591623038,9897.208209856475,0.06607025000880794,114.57493603105314
1059.9433008613082,0.28197402871897786,5551.711138943886,0.0837081934483795,76.59740660563668
1130.973742994174,0.3991061108560129,5508.592220198145,0.08785809244110483,144.32786045140966
1605.9969672710254,0.21264024409410057,8755.83255397812,0.06652641173435048,148.63299793326559
1849.4464062257355,0.10795196347891217,6560.808469967827,0.05821705927653223,102.59890142961851
1044.9968212354242,0.3164882512131576,8586.408086128584,0.07514547709511367,106.13807981703471
1734.1512590416462,0.4826402271069231,6000.052947216816,0.06784008650666509,105.43179634236236
1341.318645950052,0.25651074216277825,7300.359970990814,0.0633231215896107,98.57874081782609
1478.5283699195224,0.2680538216732402,6326.44938874459,0.09867106553470525,144.51870536778256
1928.8595498455657,0.48756068684561515,7257.641074395435,0.07510765093507667,74.47524489774122
1331.9715047358454,0.3778430446506914,8845.48546292652,0.09282388469217119,60.7958176255389
1465.336933939486,0.3876687691368501,8810.049702388309,0.05976587052716796,142.95472843248314
1013.6824147606811,0.32508080214842705,7578.861438368618,0.09697213824495654,71.30383142111526
1081.5987200048385,0.4898436843452967,9641.859218605256,0.08972157172845109,124.9155353542086
1258.591591134784,0.3755465937702225,6318.92051224137,0.09043460780945713,70.38733092321151
4604.749394292696,1.4239704969980296,2156.9499113191005,0.33723419675561134,230.90960715631343
1631.3753260482508,0.37975154629328844,8069.032005877169,0.07428184965388432,129.11217703373094
1426.3983568016224,0.3940463299361584,8106.485171083945,0.07966771629493401,141.8718172114859
1548.145202728022,0.2161643688568986,5232.70019782487,0.08948827681025324,145.0984820111659
1174.6471858963296,0.2213914792055276,8038.888561934487,0.09245283760302189,58.44243842689998
1295.9320294366162,0.4131938598304117,6872.180786745072,0.05390226546759672,93.33888558249475
1663.824474852725,0.21868251566795985,8737.212626602795,0.09520311937665873,114.81003370283095
1965.3027236303997,0.3251080283206127,9040.528322726364,0.09687483262521306,130.24561041262308
1050.416773602209,0.1997409243626808,7760.769097735183,0.07964437021783928,74.14717444144024
1890.3843208552662,0.4267933523236278,5008.525157511325,0.0593375306627453,141.46048593892885
1576.8812013112083,0.144200540491076,8181.82905083321,0.09092074163517448,72.09763290981346
3852.112989551776,0.9112205938465884,2521.7758379651614,0.3050426682275488,338.3214776900917
1500.2785352077603,0.34109192020304074,6244.916331157571,0.09085982268581899,101.271257966419
1069.3940859041834,0.1747638139308309,7323.230005703944,0.09074040632946584,101.54221718701896
1089.8768517361607,0.3168141542024473,9828.63311705894,0.05433646578428963,87.40056154819912
1600.912005659086,0.21299953473893618,6490.577766970518,0.0803510714185332,60.35052314186905
1340.9585714355583,0.22938693389219866,6115.766255208704,0.07415721496343607,84.70900631195381
1917.2680665776807,0.24061121663875215,6054.273952390051,0.09730597349997588,92.6736714982473
1406.5905373594724,0.12532769878892838,7794.004171769981,0.06483206459626982,97.90210565529706
1143.281458702641,0.49438467376056694,9748.935506540032,0.060300005309546253,123.90952904101334
1714.718833502036,0.11261385125248964,8043.450646001773,0.09485434280095774,85.20701104650587
4496.922609156198,1.1832703402705416,2911.7619976646065,0.21781925639501593,243.52151338345797
1525.470307355893,0.24849105910297223,8192.84889033727,0.0843259729362231,140.60986023221193
1697.83278550517,0.35840411637867964,8124.211487988938,0.06500099069209055,125.25672946335956
1900.2641112020704,0.24249930123503352,7984.625678648272,0.07839228777487389,52.28557695037915
1792.1911948016761,0.3695002585035435,5797.13103444151,0.08081097164206306,131.20887577230377
1676.361067872724,0.3916942037873443,8172.83399672497,0.07086846409789835,148.99439243503593
1679.6331823951436,0.3762210561598579,7150.822262572498,0.09874824901185479,143.97677413678218
1945.9246440320867,0.14558479254326093,5092.960293115167,0.05659165840424896,133.59558994960898
1295.824097496536,0.36275729386187383,7698.822435737476,0.06956995445183786,112.91737473372672
1001.1120941961874,0.21199501978163893,9946.333726092089,0.07151976634371579,77.8192122165261
1271.9545593981986,0.11152054822773341,6748.697954219918,0.08155234744980908,115.44306113800963
1217.891379626744,0.2659322687555816,9827.79609159329,0.07036298790972596,119.55924708758644
1661.8345851139982,0.27341724112152044,5481.028708312972,0.05485180056860817,78.15581610306705
1633.7115997655292,0.2868696533409786,8662.25057933653,0.09737149990904131,75.53296244084396
1593.4613827047237,0.38192966615628654,5571.649973314176,0.0708039540819343,89.69238590922703
1016.2434432094537,0.22353752365698365,6367.857867776371,0.06713368636085364,114.1146969033535
1728.7780544506475,0.22611220524156905,7854.204176610621,0.07233610620870023,79.3062269282374
1323.5304124854915,0.12422090249650425,7963.898469883745,0.06082978410644613,105.56665221785336
1665.055989006631,0.37472848639691836,8876.056586170856,0.055011084233432546,139.9237401854183
1556.5784285021532,0.3271304365598336,8076.5570361371965,0.057428923955443134,79.51003248792495
1342.730925427907,0.23977004507751523,7968.073521902804,0.058332741350177984,146.59737361275117
1134.5762671041077,0.38207559156694193,9561.765434945692,0.05988367191079476,97.33479786732156
1094.418897660481,0.31494309969075085,7260.803761045786,0.07099801061130961,60.09083376458939
1831.5183331122234,0.28769797834821587,6126.328893475275,0.08119496345220768,55.50393937295737
1918.397542081558,0.3045298174644506,5808.942925118151,0.08144439190133662,83.8674514299315
1649.7880467642995,0.35453925010682263,6999.972984047499,0.05000487847809634,75.8758956729873
1103.4341148604833,0.36400104182983983,8563.763775968479,0.09604788334492,134.37133272032523
1402.0272168882407,0.21558312765628687,5212.717424649504,0.09114235902661609,123.76384214169565
4503.1292320059965,0.9573008270951893,2419.324237493772,0.2624412216589087,381.4537611538262
1779.820884010068,0.1626536724762075,5530.567300518197,0.06799931723650965,108.92534982118697
1118.2186222910886,0.3557563543612007,7926.250765257294,0.08323996383446985,93.54572475905007
1000.0307188453825,0.44914931430685046,6214.3232526563315,0.05840103746280486,77.0567928085737
1712.137045880605,0.26379851133822074,5831.297141506982,0.0908516513610168,108.31088344232496
1356.5961759862057,0.16780806413178495,7963.853598715112,0.05806838614771845,111.8024778236153
1254.4813316182604,0.4026409993175418,8806.549577261896,0.06629928504038748,89.29475637418665
1012.8974697895254,0.4329957897677794,6660.774582263322,0.07454174279734917,143.65954218273902
1540.2994067614995,0.4522329772483866,7891.023028382981,0.07972658344263753,113.99545883495158
1851.1507354259818,0.3427325715654933,5490.6220659973005,0.07798165121433659,133.74812006015327
1957.631646272588,0.4442914237552339,9675.95515228785,0.055104800585499866,112.0390747368956
1565.7449506132893,0.10616598337936307,6684.480926573864,0.07108380014319256,81.65367853317049
1514.4613277398942,0.1428943207078094,9987.528465867506,0.09614546321029113,123.66191578787002
1085.0563854892412,0.13703042682083952,9892.93877924891,0.09361842638759259,73.02545308836649
1548.8728015425997,0.38504187370189324,8894.117246679058,0.079539176162732,109.66093649986084
1379.9790789653946,0.12783271341743163,5100.335477034833,0.07861622877268007,90.23663430194017
1607.1352808835768,0.29854574898652286,7717.374601921816,0.05558375913246651,64.98848688043701
1388.7263478765467,0.28908275945451567,5434.182102200058,0.06001297261551517,91.32405755278928
1240.2991234503668,0.22428140942329639,9475.69012980758,0.0626319871302048,81.02808294540895
1094.9652752283764,0.44816206797684,8948.181263237015,0.07440978642619028,61.22220817084214
1314.9184445888957,0.1681732807519984,9861.701882978414,0.08656780240478594,132.38282286598587
1096.6448342877522,0.24098511375969595,8041.9147657489775,0.07303626778021291,99.85825564345828
1176.8969508239838,0.4096686000091717,7610.864022421691,0.05630305209186989,84.63562722714204
1987.336158579546,0.1121689257573137,7594.869279721938,0.07196744385056902,100.49642497029508
1444.1035569066187,0.3691801600985475,6932.241872271725,0.05813166268744442,125.45831175084565
1531.8717665050167,0.42655909054462826,7343.450336145705,0.08755736758464423,51.829539321924955
1873.6185287372155,0.47290713553526686,8177.062915676752,0.05832504302022895,104.67517605736211
1995.5689004906878,0.45051865619659404,9664.738037781386,0.07412669947722283,97.91507832839679
1582.7144493446815,0.2277536467334741,7979.421691280155,0.08467068013305465,139.30701915150735
3953.062714131809,0.8376486518713564,2874.5756177448457,0.22245313254922927,298.1649060473361
1326.9410243366751,0.13091739726018636,9313.899556512504,0.05380150538186632,63.732284253906734
1305.743957447291,0.20314800141920344,7594.163379241296,0.07816497380373744,88.86832152851403
1402.7037209945602,0.13768895149900295,6737.3482074881085,0.05271013317521963,112.10693720525855
1672.5072626736492,0.22607491606158556,8197.869366660405,0.0793884321484084,54.59338070557849
1682.1916892550987,0.4500748853834916,7229.3867095742135,0.08767492687931008,138.4649097397613
1315.2394346494507,0.23886673586971707,5407.204336609664,0.06646579958361533,56.77823407129543
1133.2099241366286,0.32475924120057054,6889.045502162168,0.07441747045403461,53.05911278463735
3064.1497898640587,0.9951119212240735,2658.615543006545,0.22981761428875905,234.81411646185836
1128.3258621887644,0.2835666097194941,5242.559350131436,0.07355544320877763,118.37444916328548
1578.49250822933,0.4878288207346233,8483.334559504634,0.09982770306966945,95.59200872226683
1693.422128056309,0.2184617873055432,9205.943525356235,0.05785012056788365,60.28176942291008
4006.3376668898272,1.0914664741833369,2843.0984924674017,0.371706323210794,335.6575918643472
1753.4721106595966,0.2680250678317788,7848.7411558164495,0.0826309299098627,70.27202740924065
1872.8594215656644,0.12445847241907448,8537.772084893788,0.09361524067631637,82.63241589710691
1499.9589919647883,0.2957323326496944,7146.713686498279,0.05462216059952704,67.7721473848277
1730.2491895295711,0.4253373316180433,5456.808686544384,0.06401032957509084,142.6756297722607
1619.1727353658366,0.13950118747267537,9811.858771516909,0.05660896128801676,125.80667831720358
1186.6399397976825,0.1278367389585236,7161.50384992098,0.09665475611359609,122.39533966442725
1025.689644869408,0.16145260815730667,8326.946185840088,0.07133176623226287,54.39960300727932
1284.5413856769337,0.40576004455572245,7656.5521844464765,0.09550329227675346,102.27017042393655
1443.0337063376194,0.3895981536578952,5273.365359887773,0.06472034971794113,107.54524367447405
1617.1059444286561,0.3260071075624442,9763.733004962693,0.0563184050680826,88.25208400826824
1849.9593305032054,0.28729056163705297,8962.686130571616,0.06482686364930082,82.17562502976475
1196.2457167061657,0.4553303258810488,5745.489472346974,0.07985871796640245,135.19428602187867
1125.549789898477,0.406679129533393,9908.244381441335,0.09226162958922955,52.30165913545321
1963.4799474743277,0.42477690052072214,8684.506860858539,0.06926953466124985,112.53548482770668
1108.044559376407,0.4253049205402617,7361.608252141545,0.09574043296267422,89.42469139577665
1478.4910701071892,0.35708686189822325,8056.850282797866,0.06221160298389644,116.59506811432904
1585.5637287933018,0.28320584972637836,5533.6834100729875,0.08467703436518834,69.79175457950367
1541.3744209074382,0.4458711010342602,7802.057550078054,0.08678566752411362,73.86593546286878
1086.0321570329431,0.47040296704130025,5368.305360085297,0.06369814596653081,108.6853806676801
1057.0269140036194,0.10952241730333721,7724.27628559651,0.051348493915026376,147.99385462858012
1105.4834274610357,0.12062194930650053,7763.478443813927,0.06826186710253777,147.4683582986317
1585.5876838726126,0.483497318763375,9372.19392580372,0.052259807365306804,74.89809838106858
1544.3448876343211,0.2108642455376779,8625.28750136147,0.09503768877010889,60.23510303257106
1233.7407920367443,0.4493477758597675,6247.7619610756,0.0976762631467029,109.03432379299969
1637.7741418455917,0.2555180475845611,9442.130710939284,0.08676899579730002,91.99826080736284
1820.0675020556494,0.14764002304374224,7866.213324240029,0.0863342292656917,126.16867129707465
1041.5789598465938,0.13217728008373372,8031.897392870169,0.06204463347058653,102.79837252784992
1498.1299435480423,0.16260315963218258,5844.906846110892,0.05369627882790423,101.05868059956411
1689.3104121026904,0.1999572779469459,9288.86797984557,0.09010523179304583,114.64598682208191
1252.311927069687,0.2954073415723305,9654.82557508272,0.07795809657766839,62.641844484898414
1307.770905293149,0.38059916022631346,8874.953247474541,0.08408137653935875,117.71617296665676
1613.6379029893837,0.49455943059412,9703.762263225031,0.0889820534043115,98.85197006554536
1897.935293443737,0.27660269731566844,6511.499520611729,0.07047171344761345,132.01470656344424
1809.9244203028993,0.30727397693724395,9305.595841813854,0.05722732949891589,63.87068337048184
1583.1302190995834,0.30872628055330226,7444.465714318712,0.08975183996814477,80.0747049116404
1730.2217177572493,0.3157737421951744,5819.586014717925,0.07268828196142038,145.0246374015524
1364.8224702077987,0.30709626284178493,8344.002995167006,0.09134621154279664,105.30728792900214
1640.9655280987577,0.10350990202476713,8420.601353529395,0.07188495733800064,142.930099975399
1466.181591127557,0.1006899288439363,6434.62256878345,0.060850820422865305,118.90351031118789
1189.936136457561,0.13906652725044918,5137.466658137851,0.05855025083268912,142.6431364935126
1701.7382738772571,0.14062264137167155,5999.236295427817,0.0871960878279584,81.782628436048
1556.4646373488222,0.3819587635819185,6998.8877383694335,0.07874445613969984,59.05337583691572
4479.920913780354,1.2525337688829652,2676.098637653692,0.2931283434180754,282.7337061377815
1911.3391900786307,0.4578856419022451,5970.149741198021,0.0746058378095666,130.44687524623367
1020.9341178267333,0.47144253183080786,6956.953321911347,0.077481930264327,111.88267946423144
1315.773151249496,0.49035733515835955,9808.933071542802,0.061970822091289804,107.95702031618322
1056.8813977776465,0.4756325219548081,8821.217577038242,0.06890827898488447,141.49081706762843
1766.5273162216272,0.20875532876740988,6598.74200613282,0.06462057325548676,67.6498467021531
1702.1074541137928,0.303910737881405,9758.02034459274,0.06942119233728136,111.65379713707671
1331.352218736317,0.1701819880787764,8228.233961293663,0.07502811067589525,54.97706108222107
1675.6629022070729,0.42248386206897326,7277.2482232007005,0.0586678769527183,64.08649367576291
1395.9372261959497,0.4553726820576385,7341.500994775735,0.06967575313244441,93.72723484432996
1756.2537914224345,0.4405155357190059,7053.722339176959,0.06927472216534618,132.1207369388416
1454.183662736706,0.273346779478734,6164.960262729698,0.06430019084211314,123.31326907500593
1412.2797278316657,0.4034695538747124,6933.160961068528,0.09992481624012262,147.40643910459943
1934.729915488301,0.1390316678305078,7639.481920216963,0.053681375449714575,54.48486484698992
1250.8790998907002,0.11609790824770028,7640.136753651105,0.0821475569642868,88.13522188262348
1120.4473399965655,0.4012945657235044,8808.68451106259,0.058721930326821783,65.87908015751609
1584.543113259458,0.27014210973147346,6793.989285786763,0.09197619946425913,53.69612840495017
1969.321812284179,0.49821970589582765,8583.990146519762,0.09570982680046505,76.43975562944749
1377.8392137271867,0.13890168634221298,7890.459193843423,0.07007389913044795,74.44718441872163
1062.0367636287815,0.44225107261409347,9809.227022634172,0.09117392247103549,92.00277184621918
1339.3052673095674,0.29199322621159673,6926.424630169913,0.062495472467503026,64.00812079005932
1505.9316543195584,0.4308600782015508,9506.082321303951,0.05700342536646308,98.85675792261175
1161.9230066322136,0.426850912868058,9103.212736491449,0.06579391332013056,142.00983273142418
1658.102218056492,0.466396800544831,8188.321422947285,0.06708370069455237,124.81889315983149
1997.7493890102005,0.21914000451444113,8272.572333710586,0.06986787723927895,134.21773294932666
1451.7394759814438,0.4799197413848012,5423.249673032054,0.06864794709789095,130.47285933215332
1354.7285567302126,0.16066678414304814,9751.123027967162,0.0705572226425252,88.9626336440634
1400.7041668344666,0.13278751103739622,5534.680317478719,0.0855016682902565,120.89610362978351
1115.146178395201,0.2726462069489397,7816.166543717535,0.06227900664328676,125.42562394229975
1883.2736014262236,0.4313291874567371,6650.354002245773,0.050928779788256086,70.56481056992357
1414.825655521352,0.28936845225337826,7149.259891449259,0.07448402756906358,136.02623666197732
1387.2744114248412,0.4317146710122056,8050.9150541840845,0.0724145622102432,95.77473985222636
1659.6902729304743,0.39187472231772214,9544.256889411608,0.05300324949217153,51.63597395093844
1442.0334209311236,0.18377135445557344,7287.835617861507,0.05669007007507069,114.33841086138504
1648.233468807846,0.4795526499597855,9938.647776532205,0.0754960447342447,117.6763091917965
1061.4462901307875,0.12431246745176137,7964.060326757499,0.06173753800097897,105.17622966768333
1813.7233437222276,0.459311883017518,5802.769713210872,0.09387991470707235,71.24153008471566
1940.5039528794027,0.22177737959614963,5950.046474156261,0.05866462432297476,98.22780273560653
1648.7653861593858,0.30005923326575973,8580.555177946255,0.05100613159242581,90.01274502455071
1954.5659288588108,0.2689407490802938,5251.988971216909,0.07237818846955302,147.46860738439258
1151.4323143699633,0.16873382276676646,7401.707881111134,0.09930815553041278,132.4678434755938
1477.4161894803538,0.24325874656067725,5741.095549017583,0.08169362631532381,126.18996050872148
1601.8067339454474,0.17717377451711813,7166.093175889225,0.06770148606309623,68.10737030001631
1581.7366474211867,0.18155459018420955,8749.587110358598,0.05084340057339292,83.10400174212165
1401.4617790890434,0.17482273441055213,7294.064641207171,0.07424742198711134,87.97118355692201
1338.0844093662613,0.29560695213863775,5817.255544904635,0.06032330010692152,99.26275323004795
1126.8240225504187,0.4191725470045262,6259.626851783212,0.0823877042723323,53.02245120654714
1391.7424505622782,0.3275880135044964,6837.697943260911,0.07915042468656507,109.30092280746514
1162.6608151054852,0.45728263542033676,5347.805917432073,0.06326068876935925,85.78565439721064
1734.3656764922184,0.3546177954306897,7921.688180405609,0.053444136710933586,106.1677145425915
1208.83093549459,0.3757360462530418,8037.668956390251,0.08775095990201674,50.89783842567069
1058.565305284534,0.3670428918908013,5310.759635662837,0.07927320472964712,82.14331389975237
4546.333414661751,0.8472622619212148,2116.335881376936,0.3067529726958612,226.66882789184478
1595.2297327194015,0.37573552888003314,7070.003414423625,0.06299000078183582,100.10815525270401
1871.9130612805056,0.12788309858758448,6669.097842763006,0.0826431032390206,128.88873283456383
1576.9816124176818,0.4439405887662653,7788.6987016555595,0.05593402502643425,119.89603925173866
1345.4808537234458,0.411124857377567,6729.787450300559,0.06459049539584219,135.4920575150977
3492.636264826324,1.2656275510142403,2149.7115840733068,0.3800442624397677,242.7700864000269
1540.278893187421,0.407212981701633,8987.617737208027,0.09127906525723967,76.1325491844394
1079.2802846311918,0.1050570405600074,5810.5467771510075,0.06604627508716734,104.88017266010814
1565.8505603132467,0.18689862899235218,8095.573476517105,0.08994267782782507,144.10180766521825
1908.0185454216623,0.12605489546835838,7527.972008454228,0.08388762301366412,117.9790180132539
1396.3126254982205,0.41209076664715794,6525.358187396745,0.06743373857538,95.65887862818485
1296.3258018998001,0.4023496604713549,8637.673282452053,0.09381984688722197,63.01413305076831
1143.46945701802,0.4254544095207323,7755.94179770574,0.07546145330177156,99.32153547574524
1151.4455219353572,0.10179267733021154,7386.8076348034765,0.08241234112730411,94.10869724560662
1432.771484341819,0.3004930906713632,8338.346573856,0.07478156709517401,127.84432746887019
1595.6798241615295,0.38193447900693467,9011.451539906804,0.0726359980245384,91.33486404965481
1080.6154051696017,0.1621604514956062,9863.34395016788,0.09239888586194282,81.8838074833333
1939.5685890251657,0.35991629100504985,8146.751841881867,0.06473522075193129,58.971968246882085
1755.1336174451958,0.13364403972387429,9372.199927001915,0.051831461118186234,54.65010639253668
1586.6239182836625,0.17253034244172527,5005.457705114784,0.09398913217724807,93.9134427522377
1828.438670938991,0.2903187259978404,7651.178463629456,0.09125119765255915,84.68619795021846
1080.1867568121133,0.3614260610724408,6073.23774385099,0.06832802372848064,105.53241695128591
1476.8388777331243,0.15834765078155844,5470.962285415686,0.05927255693526057,121.19284371150681
1630.0931268616634,0.17408933233237517,7659.85508532196,0.08377668215242355,54.0006813573803
1828.6529061182891,0.1817785468262652,8734.13253074547,0.05393804518178197,99.62171097028154
1783.4695600492678,0.1954803218795914,7061.362612371899,0.07118773777694043,136.19718941819798
1277.0692497133996,0.19062153941051652,8350.537246722175,0.05429311607700156,95.51665861403283
1940.8801695592042,0.25805964339905474,7448.59626920475,0.07989548376643815,102.12422109507744
1124.3458414308705,0.3615158603346892,7185.42932979713,0.0513604191904815,98.6791840716676
1875.133618621152,0.2752127132537879,6451.283202179303,0.08146191878171558,88.97929184834103
1970.9402496046187,0.41038956349995526,6912.967572505023,0.08366027866446983,61.01195239233724
1177.1535232226256,0.3877074023794459,6748.978153972139,0.07435722373125755,62.63562156825266
1722.0660642037851,0.15061076561963027,8230.935920074407,0.0587503664648806,67.90892417376934
1040.2855187779985,0.11953664932829758,5580.092556395698,0.055069696931360365,129.25646408976547
1405.422825139155,0.4511766255998425,5463.18184343903,0.06566461740685017,77.53323005617132
1516.283299197674,0.13193242662514937,8300.064971042302,0.07326033398000062,144.81237817754106
1580.645225909634,0.15933567228788525,7731.490349394404,0.08211041584224223,131.0170166536629
1935.9372482485596,0.10885331022324723,7151.000483713287,0.050062506375924985,118.45406681986812
1672.2506872941947,0.3513345461194616,5762.214422039518,0.08555319596176816,122.03936293957402
1481.277951219237,0.33294822526333945,7055.135559346558,0.08563559660626383,54.763220867835116
1809.6750362658893,0.49476146657410225,8948.658816600058,0.072226890324625,106.83893669865452
1950.532820954409,0.45477295852686883,9448.106178946284,0.0671703222873976,144.10569099217298
1022.0661486822909,0.2643372709923639,8512.8828498211,0.09211542823351794,53.911018339250894
1982.5212722560386,0.248634336365014,5299.560879404404,0.0892293741015614,79.10165185135402
1086.1321390636804,0.21874081371199405,8352.048883005593,0.09916380442588621,55.15114921339354
1814.3867792687613,0.16096276801515255,6204.927947731473,0.06859654026694761,106.97415778661656
1280.3347525514125,0.15523346264080362,6576.256215132025,0.09534163024285493,61.6200627170529
1132.1796577538717,0.15291348320384218,5979.366039799923,0.05437009429464762,97.92501562243991
1439.855639713835,0.14564590287471144,8878.778953101024,0.07057330331254262,121.99494367875448
1643.9565794476134,0.19620481696221478,8243.010613186394,0.07326870593743295,66.44385349354675
1380.951845023475,0.22266745212524658,8059.175272995904,0.07204371581017291,125.53644370782709
1054.5654082826989,0.4846315884155664,8339.86304834638,0.08125490942155619,56.02044619498987
1599.4611396587165,0.3313893004007543,6183.861307019517,0.05851039194190845,64.96244802569967
1902.4032761106746,0.4950383098053124,7223.2220716268075,0.09332260858631261,78.01103631822235
1383.2153659472517,0.24898677913026931,8166.268607744945,0.07758820092698197,129.6099067412087
1216.332777630827,0.2830506530357764,8182.970138091502,0.09521047740066323,135.0136889123401
1442.5773459328154,0.22983146366611168,8959.259313775652,0.05013158220107424,72.03798143662371
1048.362711048781,0.17315506035862108,6435.519833440552,0.08149940567964983,59.57838255254961
1820.4875844802748,0.15726588311103168,8851.680608484112,0.07062289234274165,134.79537823472515
1826.3408109501868,0.4780316791231328,7200.922403084678,0.07525495308747288,114.9367437522107
1588.0004634296283,0.49472427271950237,8350.863460294673,0.08719022553901426,65.78554363986814
1353.1028889383895,0.11796379860349263,7278.5969003264345,0.06135758741683448,105.77167851507525
1799.7833644457833,0.16013834989270662,9743.050848954717,0.060244971760719405,137.2371432885535
1554.6870247883671,0.2694096369204091,5896.511323708222,0.08515039088685716,56.9514942051763
1825.9323085500162,0.17453339053776296,8375.025442911785,0.07606828794720902,58.37212336482802
1631.4587925830206,0.24555215745075332,7882.6750038407945,0.06168195490308452,77.3607760662568
1784.4054732127975,0.15163853994385335,5863.655204738723,0.07420093173347078,115.22623255986566
1598.5629932177599,0.28260470268871607,5330.031679058339,0.07297792028885798,67.80085094705986
1414.141068215666,0.2086778464677037,8995.721944858318,0.08457222137076559,131.63672043171644
1957.9458599261375,0.24076202230346433,5787.256668231326,0.050133055180963976,125.04301767949602
1541.1138248788448,0.13772506058509904,5932.53341392888,0.07933801328857415,106.10048536279805
1605.0895185405384,0.2712512202840567,9892.171119945197,0.08028390752561378,61.60677043703432
1220.4876394147493,0.4933030443846279,8586.304257383154,0.087275506859396,148.82198283121977
1625.6507894272763,0.23153321875247612,6252.434208006112,0.09446152330177246,99.0033629562825
1571.607649482944,0.45057170993697404,7954.744800758006,0.07200948985558445,95.20731478672795
1184.838397947025,0.4372796566494741,7670.559192012566,0.06712601121544423,149.55690796673156
1059.5870973531437,0.4808233673188843,9222.366337569238,0.05511601887556432,136.3868263471336
1604.3593197147711,0.4160438049068378,8646.603739163122,0.06684179224466166,95.63677340314814
1763.6922693503207,0.363838730823526,9158.605627465928,0.05342423322222039,91.8802985936272
1523.4013709220083,0.4426337776909831,6057.5329398868125,0.09014101026707275,59.59093825669861
1226.7726253196456,0.13025787226293986,8201.096021835026,0.09035030739229183,142.65117463890795
1666.521976693035,0.2851322628795231,5201.204292091901,0.0708618828647389,134.3774847719198
1080.1057266096022,0.4957024954460235,5344.703061396101,0.06298206169382455,81.0002492879911
4254.050860988826,1.2522495445437551,2439.332933402381,0.3526503215230713,221.7811449988191
1163.3667583984202,0.48483015121488926,5122.100513219657,0.09256185830109233,126.27294262739242
1184.4590510598834,0.4118537424533917,7898.825044502546,0.09387476391927027,72.79107172266148
1202.2939491582038,0.4499527869768577,9202.02549222265,0.06331448072949071,111.36554699386832
1386.7070570439778,0.3826118529212764,6899.709042090143,0.08108802742338819,75.50288034122113
1051.1502056203976,0.404200801766896,5224.202184199564,0.06293268323951944,128.98860519359116
1397.7934409290983,0.3092712039358003,8569.237248143634,0.06125633135717894,65.3809702482914
1511.707447114701,0.4696950803256532,9648.432262320755,0.051060402531570764,116.89059986872773
1483.2942849663252,0.43001556424934473,8585.85696029134,0.07885797087930313,82.60117116517613
1382.7841004030406,0.43755398626625286,7892.236215013876,0.05749707715927786,53.61820575352685
1839.1466080707523,0.3692036403852209,6150.144149395301,0.0506185591433466,62.37046442108931
1145.326692420504,0.2218319788348996,5076.8781202224845,0.05524255821684087,115.4899138183594
1505.696743781374,0.11425191815605573,8473.360542395267,0.06568845957939069,73.99143032219824
1062.0414169565543,0.47426205176381786,6155.130879221465,0.08345815950558558,113.10353725846716
1071.1556788779098,0.33444813952219876,9290.813385911788,0.06013115266660626,91.4822166001287
1573.8658496770963,0.21925718845925612,7331.820594163057,0.0943795281265836,119.27134638762466
1566.0184248878209,0.15965404313901513,7653.177911862282,0.06442442051914751,99.294862218548
1878.033512844457,0.4318092662003019,8769.682721331834,0.0665613144711825,80.8547097161171
1557.8736756600733,0.43460807777903154,8897.153039016715,0.060898858997598865,64.58191798576019
1959.7910204048503,0.42580318725221267,8213.254165402841,0.06269026685359193,84.10982524212803
1048.6948483999297,0.3580330767867145,9692.159077063716,0.053706755727657096,113.48940779267531
1098.007684780741,0.24640615503675037,9911.492181602098,0.06473852893580948,124.04735051974353
1044.0658615703815,0.2216281139121028,9734.427221873084,0.09298087298003116,66.03396748399905
1185.27685033354,0.10342190804726809,9120.895926719717,0.08442122706978067,116.42724088881171
4253.582968465544,1.2063243695394748,2036.3404255477158,0.36496440984140416,263.2818218660443
1645.572181427428,0.134973078997457,8316.629289408338,0.055242950718967836,72.18193434899834
1045.585157948669,0.3523019992163071,5518.750884602669,0.07278083154210796,103.1317240280015
1945.9708898455992,0.30162997873603536,6357.421734095562,0.06146274364900575,78.92023019760748
1842.165376650381,0.3106757435705405,5028.441117646885,0.08606077952780741,116.15954412364864
1296.6124821570932,0.4706851381231093,5687.04935116996,0.09851189123629453,145.57766242415383
1077.187530226468,0.11264600450849685,7196.147385845941,0.0907679739525144,64.88922013373943
1169.8870732190574,0.409356889851509,5732.682753945367,0.05176390833755032,107.05108323094167
1126.9444137549726,0.12082095934692286,9508.31707338379,0.06583298473221172,142.32991826731927
1123.283779298947,0.11526144237415088,9028.495926676409,0.05142898452252618,67.65289766516123
4431.9435684822365,0.8478102824688558,2943.509332963983,0.39941164545816826,305.23586865067
3170.869787965937,1.0545686900265583,2138.109658803004,0.3699699902627142,201.58503524136637
1358.1397165291444,0.41565758051716484,9095.359423057544,0.0638163464485281,114.20377183139485
1989.5053333843225,0.3118252374593349,9015.230632799368,0.06521013838190656,116.91429276947012
1684.3142489253446,0.11161551306390978,9727.252750588945,0.07002267566174442,116.41823194356371
1948.9806670470014,0.11620027459276781,9987.7388080868,0.07024655472331481,104.21270483633454
1142.5565550331155,0.34506741189579176,9881.35031620561,0.08857045059215905,124.62608677977721
1382.1394748325692,0.422444727063362,7050.689928607208,0.05707016217894499,53.587729637997974
1554.7318032823541,0.27511981250990947,6251.642219010161,0.05788703079021289,145.75134874453062
1076.758061888738,0.32183226861424974,8792.050952135312,0.08132945258361171,72.20962079293534
1004.1874436279579,0.4199317816199607,6496.364463720154,0.07858710760962484,62.15619686917434
4874.763782735877,1.1967347228954797,2214.2767855641173,0.25331077917718625,314.8711685720196
1641.8195168014354,0.1899040950635278,7669.7736519896225,0.09261322134269596,133.04369163615831
1410.7888099996117,0.34522081034779145,8969.636376174769,0.06645297070506037,126.48704192916802
1489.6440760320327,0.3513117836260854,6379.399398585052,0.06834836742722432,60.47457089389816
1415.4430005920897,0.3936427923524507,7540.136577769104,0.07102300404172943,130.75292136761658
1024.0050448448887,0.3483496750227205,7820.11896801091,0.0661350935369468,110.90235230097827
1335.3716062174624,0.48769685218321523,9715.540338600662,0.07787275261363133,123.1908611011845
1177.0822553972898,0.1789153234868274,6332.987884152087,0.06943238615790993,147.80702798183924
1098.4241891013687,0.4804362718268306,9683.441196424472,0.06297173629726438,69.44411771180003
1956.7204338893498,0.3153357961400065,9024.29457732858,0.09522374338553873,100.43819608185302
1599.3597250421656,0.3687824561979648,8654.470270433476,0.06541753700700774,125.3351946459115
1728.6562842366027,0.13978463898087595,8934.351345925625,0.08492444627344109,93.36563507716983
1315.3637432661176,0.2522303765512428,8027.125229400284,0.06736133851784482,55.46530829182085
1393.1471294940152,0.4077516585852691,6220.400052312429,0.0717609993438736,61.14388988755212
1236.9239938967235,0.38276440603959616,5947.474844199263,0.06179717617006658,110.20919725456227
1096.9656709654248,0.11605575526616407,9331.707179251953,0.08761648096936271,78.50041463907566
1179.0316374415838,0.31863770539889785,8625.697012979166,0.08686016257131265,63.78406473025934
1797.5140452964858,0.1353112771873638,6066.021413804745,0.05111199729040501,83.98919975245823
1677.5458051837759,0.49834257167126494,8075.466829372008,0.053009702015064594,70.09809320447854
1546.928875985477,0.4589186354133179,7237.732407071119,0.09611882273724698,52.39394665747744
1475.089872866768,0.10843226417141479,5793.27584981547,0.09444134236189254,65.18139885671661
1922.4342836561245,0.4434598315610524,7659.285546785822,0.07530435963892652,138.30779609176727
1072.7349477786684,0.46777184022336304,6407.595462332087,0.07466786957791682,51.20372825027161
1280.600813237916,0.24141928902538204,5481.220620787858,0.09062120871918963,127.38503035940957
1349.937853570714,0.38780066201910635,7334.791492727054,0.05692250734424395,125.34611058715835
3223.315082057978,1.2609182089060689,2190.7729112306215,0.2914312334114962,349.92497399624574
1992.5146201619714,0.3620929938305376,5234.532051905752,0.07379914972436298,70.84477657083707
1240.6705147571531,0.2361269617192766,7010.463747054984,0.08716655146578114,137.80592243002314
1874.3073341370805,0.22902369465330735,6288.309599183426,0.051505139565599524,97.50755687939431
1830.6227604317914,0.2697735555430316,5153.252953536162,0.07963627748619694,67.32062290477354
1224.6573976417667,0.15822710346100047,5628.3127480575295,0.07783641076077788,92.9022592489226
1399.3325801992225,0.4324555857741531,5695.170794091888,0.09204241647945927,69.49172277442527
1409.6728692925192,0.23947915814465467,5914.371240589856,0.08384181487775139,87.60078411299246
1978.2206685265583,0.2600598215623381,9016.887857189606,0.09400801791978189,99.66877710101203
4212.611828567953,1.2297569035099658,2574.1669263780136,0.29992698292159414,339.8525759593473
1799.157971104782,0.2986495256252686,5735.429961351934,0.0704082000449859,115.7044274072701
1334.1927141731098,0.3177015637403452,5501.4848346394465,0.05687170668759066,143.59178040884385
1730.8703457761603,0.48259924991083947,6489.702293645196,0.0815141827911094,84.81493476469635
1420.0110042956628,0.4546905532579957,8990.077593522261,0.09368730492042553,85.57395138364856
1578.35976311654,0.1677866835553758,6822.299239698217,0.05374766720973804,123.83024706022654
1832.6117733261312,0.289286011967242,5799.48680146969,0.07789616365423321,103.05909315210847
1804.165564983884,0.4885184909714182,7020.5809077307995,0.0557499763329912,92.88394396207411
1866.4231835397002,0.24894651929144107,7776.557786435287,0.0513497995877601,131.38081884565025
1059.617325344659,0.24862924340648004,5147.92091819007,0.08398176769704169,139.1036067191411
1692.050553039745,0.17801209271566176,8138.209007200865,0.08409248059360819,109.05866060471837
1139.9873767217628,0.1457292456476501,6975.503765073947,0.0800329022498181,68.51032727555061
1415.818568018411,0.3961219163023927,5048.629375655972,0.09296114019508986,96.62858890019778
1548.5884150546885,0.40801218748060664,8369.446994731905,0.05404382198967392,100.43706621481343
1402.7394847468308,0.4876051854012,8561.938177813241,0.05526301308493797,93.22073571108595
1519.6116758030075,0.4093672843621452,8144.198942793414,0.09322677189897237,76.24318788653844
3902.6702464809587,1.2923637131490775,2866.4035167932607,0.20648666406799498,398.7518036664941
1135.2173137128548,0.11604663131540618,7648.024270329806,0.06365264044191186,94.65461520976896
1675.4560453364256,0.49417495374786413,6935.788530667177,0.08690784889926437,70.94935239519387
1396.0009663856154,0.2361802782174423,8503.108650798473,0.09472018613022011,140.3430652336065
3330.175124405324,0.8811577690850201,2336.2099994162745,0.2637468610197718,265.7566396788249
1158.7367633743095,0.462382083899753,5408.995569137249,0.08959662983392246,125.96164284505898
4045.927124128105,1.3535824472765183,2025.7325930189784,0.2943957868919649,294.13855217604385
1879.6014967117621,0.18594846953965383,8436.192071689007,0.06443876797052712,87.03419078921357
1907.0419604150218,0.45563849708649584,6853.510903073497,0.09320619401773163,121.64653773959645
1991.5327758273866,0.49734434202189737,9378.928904798522,0.08074314243276078,110.81192350030689
1208.315390008518,0.1346714244603323,9215.071774224813,0.061708137583686824,110.05983239467578
4344.740462453228,0.8606674160650141,2355.8655705176884,0.2841448750230028,315.35898870512403
1669.2190299248668,0.2562062790737576,9521.331542429343,0.08429302357361246,111.82837802954484
1483.8025398606474,0.3096289786026818,7204.361857475387,0.0609274540625394,140.1863011123366
1418.3895333783335,0.46592639030599237,8618.748263171467,0.08274532041038679,58.58164706704334
1357.811249335593,0.4893516783100469,9070.48503483618,0.05210724249088839,83.91712990707873
1593.7806319434521,0.20486556416351975,7525.56210534845,0.06518458115020806,100.90142914470724
1575.593428640082,0.18514030838396553,6995.509696854078,0.08369859058630574,118.6009494831487
1161.4578340642402,0.13220662343660475,9577.25684307549,0.05746745327449508,58.96349295562512
1471.7398375184391,0.3247191410648552,6154.267764677116,0.06110995153212495,137.28061932888443
1553.4717762098498,0.10544175818026731,6284.8503885957225,0.09395466451791948,54.05456204081514
1570.2869387313904,0.26475931904397465,6808.101570067185,0.08371605497158043,135.76896668072425
1210.1071929123518,0.12935360666080342,9297.328889852828,0.0749459355128337,52.765175586525515
1742.2713922522867,0.2620903131717336,9693.94132106538,0.060544669606372614,65.35233043273557
1025.1990948210696,0.1159728757062437,6100.338573774309,0.0670704828291129,130.03238271536736
1354.8318555431626,0.4340869042435076,9319.350738156227,0.07871652491436797,136.01644372037782
1780.2126485356334,0.18389559757542637,6291.014797342847,0.057765629695233425,148.22658292862258
1563.8929210554024,0.2313234841431648,9853.206233749439,0.07408720399490945,61.571482834367515
1261.1624325108603,0.4480191986425568,7987.039459907912,0.07044871970690113,102.64511160906316
1694.9531193430475,0.3985064245328821,5035.432337236912,0.07383436707138091,57.71558265396906
1567.3909441560734,0.1876153446568234,5170.64952035589,0.055278041064014974,65.64076259638496
1796.2436094563873,0.12875976746299844,5737.422654023542,0.05532485435225143,67.44938579063633
1735.0251861898232,0.3862695107421358,5937.865789093784,0.09820554763731607,56.338825145908544
1610.1079220362346,0.25628102027524374,8838.095614132983,0.09896838668623843,139.2979805928337
1488.177675310814,0.4064319996472885,6113.829382084749,0.07130823289559092,62.63555180143598
1133.1821256675235,0.27811790895008415,9845.7081002493,0.08944977268254187,112.93408430123237
1261.3330178853837,0.23840096518891057,8180.560286014692,0.08278957134615385,112.57470645631413
1419.0994729170852,0.2804821632849586,8462.587546267589,0.05584584273091945,69.86452053662123
1599.2992870063886,0.3994235942682707,6089.0825964260375,0.06483393286673489,149.84112612357814
4046.111741447687,1.4310621021461025,2606.339819834017,0.3125856311472516,262.68365741772243
1288.1845259595295,0.11990687863543022,8339.072864099657,0.0797887217429612,140.50943709633947
1006.4643577897106,0.30964461649078207,9322.028121709318,0.0789988356157235,144.82847322537452
1496.2392219008138,0.11313417163355105,9782.405486156134,0.09617543468513778,144.89888142996963
1285.625988562243,0.28736381800974353,5628.2048855479825,0.0895018156988137,125.28375876017228
1734.608300710535,0.4541131316387602,5482.936151344728,0.09284238323014869,75.3805005311983
1023.9462652704835,0.24463610656812387,9017.039132948179,0.09456143068055048,62.0655351810258
1584.8278113057909,0.4729801684322573,9330.630295470852,0.09006383362774903,106.98849771542218
1941.4742375060655,0.35224338866024374,7918.807104389928,0.06664406305285539,86.00391310970105
1174.4092671114995,0.47366213751720254,6830.002738752602,0.060750648566725005,133.10390118192245
1471.6494907505953,0.4028666501650079,8263.148180376118,0.07858836690105235,124.49900526167515
1091.4219918171382,0.14137406665950492,6528.320362962287,0.08447841582266594,77.64682961734115
1625.6819122613526,0.19246054702507084,6191.928460767341,0.0693283984481583,51.70152336897288
1550.5316805962257,0.25766818183340245,7440.726047636327,0.09241693249822552,73.7315758950912
1407.3655242128323,0.16804275280483041,6080.769138031898,0.09802832964089918,106.71155842422665
1521.3770214737413,0.2979646419106642,7418.518041575864,0.0784697863068676,57.89974722125941
1896.57465846901,0.28854726228059624,9783.03252731786,0.07282960311081092,115.82725997166149
1196.294302311067,0.4825036792109525,9198.920178086952,0.09214435584712591,117.16962847722998
1022.5645117053473,0.2734911531583911,9708.154597500112,0.051213477349469336,66.9393922359879
1861.664884699101,0.41425072171519917,9031.644874236794,0.056450630791712406,109.63182340854308
1577.1170823879065,0.476764217940592,6773.7546797313835,0.0922828829503134,110.69714279612337
1890.6584554618425,0.45079553238959424,9060.226192757797,0.08660142928239963,97.7978146354054
1596.9452234131727,0.18346704980463674,9614.578717766071,0.0708068349102163,145.3245807528874
1810.1610899597026,0.2984119577014177,9735.178939185273,0.09444259288622026,60.81631802984996
1429.673363355148,0.2390959129183703,8415.989253424985,0.06757291438226937,90.662566870292
1749.8599312882689,0.2599434780548862,6056.833219075566,0.08169226789334588,138.29207722531612
1913.041466889856,0.2443227304983005,5198.645766823454,0.0817167235162958,88.63140174596094
4480.282332344101,1.2950767700083925,2750.8211365925144,0.22220887421763208,323.9710643682098
3231.7678972303734,1.2604043953299657,2325.0163915886533,0.2799592818905341,224.92089690673586
1268.7976150301981,0.3094777328978753,7310.484120963847,0.09580034613480429,116.55635495795819
1198.6445768974058,0.4929789428188299,9274.930074160287,0.059170742689670854,52.29019584387654
1246.857027595733,0.12399170887660659,7325.220767791456,0.058678731092381226,95.56974261129538
1306.4154493510364,0.29518305591629956,8304.087917299197,0.0739807736866937,83.35118446984094
1555.1337867531884,0.40962468277844644,5120.703885611668,0.054609868411892054,112.76952471467862
1587.9916294638329,0.16046478327529062,6249.324713596834,0.09473130944921868,105.57023156952715
1426.499747241861,0.34461263784590956,7181.346400212946,0.05500745691562356,115.08616271136978
1615.4207798208354,0.1957859118137867,8153.155235770816,0.08082787384203972,115.3767386506004
1081.5749256113659,0.44696164528982707,5857.605940265892,0.06698909282226591,75.48718613076336
1087.78823705816,0.23083986616003171,8822.75732135245,0.09021364427355169,74.64647645691849
1171.8294603576585,0.23162512676036384,6822.0235306811865,0.07949053728837693,87.02823950231532
1518.0774980403448,0.33927755140715743,9087.176346169423,0.06941530705397192,74.1958460536694
1213.9946786983137,0.17342516324796348,5489.845451975337,0.09919364922724054,118.2808077818667
1283.2844034925774,0.21395545556122442,8398.78293841186,0.05331154942327654,110.2865975224459
4194.072979718349,1.132650961084537,2366.036586543967,0.3995898673425743,265.2896698923663
1811.8661240103797,0.24145514525604417,8976.91587061309,0.09947841557720224,138.41048087996913
1013.8621359128601,0.30995088720223296,7010.852135212053,0.08454763216065087,96.0662615071135
1649.3788202366225,0.3398560576275865,8326.748161317832,0.08698848158210964,62.705322329166634
1668.8765310406852,0.32666698150006585,9671.526343182366,0.0516045572289743,71.2965588091582
1798.6557803566366,0.3616673247967729,5103.133160068822,0.05106815815484812,103.98505631303453
1932.752939060313,0.22309980664312812,5055.583911671868,0.051805505599109646,83.84240164555949
1020.1378489492898,0.15057049086201124,8851.396260883568,0.09958619510881161,135.12219365944685
1153.783705513216,0.40432301657243086,8231.96525754039,0.09897598803704258,99.47354074021702
1886.171294055993,0.4403121530522728,6464.898602522164,0.0667254462882131,141.52948004344037
1458.5185621870155,0.2028024928889729,7471.9835138713115,0.06454909081329145,60.18264809383548
1564.5906389334637,0.2628367824632079,5209.678327994344,0.05729793727589222,116.85931329947582
1663.0272037231475,0.2994276867854221,5962.228026806204,0.06645701495823793,138.5784852352689
1679.0666044956374,0.31333073710117454,7122.481872635837,0.06850749652736352,79.29304755572203
1931.740403316508,0.36379606843506074,9170.222081107411,0.08741414083795168,63.568759631528806
1996.9494174116696,0.11664129334212854,7398.335914300424,0.09331467764598675,95.6644737978198
1720.1574609309403,0.38859083309360687,7931.8125226298935,0.08733675598706941,146.13342263276172
1287.221209205151,0.12478840279176412,9368.768959968902,0.08232375505477862,113.34619255033205
1879.7524022943435,0.28731542706914714,6544.094567944227,0.0882950039044399,114.39769710302393
1049.2209145407617,0.4310684542276777,8503.49660551028,0.08692487395759027,117.15012545305886
1231.0808528744963,0.2804861253113585,9308.336293391267,0.07378748468651974,53.97613755937909
1897.3857174637149,0.15963589950729912,6013.078503480883,0.0667925701230679,94.56498013243925
1256.191514439355,0.4940135380023839,6782.390825739162,0.06413903584387998,57.757201044170955
1220.6510596217486,0.4557141848297054,9899.050869446775,0.0839677729756391,81.58588293719538
1138.1252931402473,0.40852545329000567,9916.092823981056,0.09796520622226126,132.15990243368776
1859.1117576469164,0.2646046411596842,6116.149651469689,0.07905273594678151,115.62699497270292
1500.0582591910868,0.17353829075571914,5332.229194463141,0.09562632512361331,149.5572698735315
1674.8932030541548,0.47656447256740053,6354.608056550264,0.05071146854864738,67.21544243726768
1239.0663840750296,0.3129404506068556,6988.659786518436,0.08972353233680029,89.70542361854233
1758.0404210112165,0.4409421841549941,7205.028004655818,0.09268013289800399,130.96402163229345
1760.0055449620986,0.2368380023037703,8094.031536652118,0.08154969189718479,71.56916023934241
1312.5980249083002,0.23411532683178826,9497.513800657733,0.09670304996808649,65.37218463291251
1410.6826330102829,0.49421619226961566,6651.740059535812,0.07949564964406498,92.7612556993826
1209.690277430201,0.30873321939793996,9249.922677496043,0.062026845126337465,88.37264901575014
1976.5610233229042,0.15627816954429852,5467.394604633135,0.06078586147240972,148.02059409033515
1645.6025770584115,0.18786987119788298,5209.373494866074,0.07779181333463576,95.62515290266508
1934.5438807155156,0.29277771175708833,7520.225915617306,0.09532419652481056,136.09463431027535
1303.3855436291333,0.11698836419536454,5298.311116653024,0.053618397287753854,138.79655192338896
1781.8909129968897,0.2850135941513202,6962.449006171151,0.08021952561054556,65.78717140944093
1765.858643884742,0.26757633683205106,9483.890584346173,0.08849017364910124,121.53048012484547
1691.6556518665416,0.41173450612779483,6207.415181037367,0.05577010348117846,77.76071392114034
1965.6389752668006,0.2419767857956967,8529.878875624516,0.05583848453560065,59.47389682626295
1393.5553361063155,0.49301950461583977,6511.826961950334,0.06830639983347941,137.4704911101587
1130.7173235897574,0.17230796772036128,5224.600276210678,0.06369405867748584,79.24330409633515
1671.708859244061,0.336394673987254,7783.452907051547,0.05991570794468449,84.53656701908102
1729.3098004772062,0.13587971880330185,9174.267452683758,0.059934708680567265,82.398903651934
1575.0605734588148,0.3935455935975928,7047.342241713097,0.05653345162124179,70.029542295337
1206.8178931333962,0.49790147522478867,8086.4691322904355,0.08054270065409763,93.45033820286241
1504.4559416693553,0.42765545510065295,9500.117988288628,0.08440628017920435,92.82928208024397
1312.1897365691293,0.3222814162881205,8948.47256368494,0.08514681134395223,90.8751625711183
1427.466528166689,0.2938965429598768,5969.381996964096,0.07661769880693031,141.62977471565793
1645.218575844664,0.43401198450673883,8666.919796825028,0.09764531348327835,83.97516286958114
1745.2147426908346,0.4743896338842898,7509.46512580076,0.0940266388795033,53.03789083441567
1232.2246909013431,0.4956826103192372,8729.834039430423,0.097881557133314,67.84370062407763
1405.3253606469534,0.2586156910257936,7472.577752611091,0.0694397739063589,122.14970765734738
1269.161570991629,0.4963669899178049,5639.790820541514,0.09388915799775124,109.08586063145111
1198.631613861869,0.1623705008695326,7849.547233446196,0.0881437349703442,145.17348037411855
1783.3872199958382,0.2014199103727637,7460.6699619866995,0.06699864515170066,119.44351071908832
1909.2526944369924,0.1356064498935585,7589.608668207209,0.055329662925210965,69.42416733987113
1370.2321856845767,0.20869540659379268,9394.512268229351,0.0841310624948404,62.06442186273031
1751.2789243737668,0.40717502064720446,9474.185233531258,0.05682261620609402,102.07597753144768
1896.995289364411,0.4411697432713799,7267.685533828591,0.0646887903500556,116.52627361423423
1846.1242105302317,0.4115570580410287,7278.660206400442,0.07501822882218936,66.56367379685364
1182.8133885392258,0.3524263112670786,7575.93479436308,0.08399412675742365,110.16930103827183
1956.2918815133612,0.3055866050090582,7597.946391671285,0.09631138285986525,136.50286839296575
1376.6764404294624,0.38348171568545864,9751.935720895563,0.07966200224244983,122.75689280930445
1339.2406611738363,0.2563334197068887,8247.002336887468,0.08357065498360475,116.41910808818075
1062.4313272777804,0.43652334059988074,6387.28497443972,0.0655006925075489,128.93310545099246
1486.173654104883,0.3708760375907142,7657.68398476995,0.08436463082142695,60.408270905373094
1109.0136156409287,0.37912187939776343,8136.117914539915,0.07188950603650374,70.38314558111944
1248.539820927426,0.3143743972516285,8198.858605069823,0.0928465591441887,53.809949702578905
1316.9426217672813,0.45409159368446905,7926.271131190913,0.06962252569507373,64.49779454267568
1808.826323491684,0.200805893471621,5888.680773107687,0.07341360108282785,141.31823426695263
1875.4886503958965,0.2524590613444203,5167.965945397537,0.0716293878455129,72.21449279173132
1302.4663174614698,0.4110570278710757,6689.215261834272,0.09055614171536926,116.20972163458629
1858.698121244574,0.2970995584517351,7137.610772801268,0.09768495985059528,119.15672491353784
1857.230937369791,0.4556856053696764,5309.021197880433,0.06636381504916371,114.5325459419588
1764.6509503848736,0.23855972790514093,9074.83669009923,0.07375139503810385,105.39210487358633
1146.6951140151816,0.24773206752785792,6720.387187551369,0.08529631333466178,98.61303474468119
1690.322846900729,0.45549431575465016,9568.163730892524,0.09476908110173655,91.99208417808416
1945.0240645805688,0.28574812807281647,5772.0505392113255,0.07468503484230105,141.68986966182848
1682.540478767157,0.3064498336809947,5284.674784686567,0.05544467541133637,50.95143608771453
1331.616849107834,0.23310548613427176,7411.580521931609,0.06843356917506609,55.34896260269153
1500.5793174308312,0.21066797687163277,5945.646684128533,0.07751809427200565,99.25124655026485
1645.7250433510535,0.3623794843353568,9686.996377889307,0.07087623029830163,83.0510081804193
1510.5704087285035,0.14793626461648157,5051.516992268695,0.059327786339403506,90.82302131032532
1119.9529417309698,0.45170905647316373,7063.098375295174,0.051849474767160876,149.7848519558941
1312.0640446520206,0.4116812547060432,9633.738856725842,0.08437043330399474,127.51346991962201
1802.3960305536325,0.17629930548232112,6922.091033648841,0.09963685953885713,137.7407955988225
1861.4180460955174,0.3776079783298262,5465.546403002304,0.09596033169483086,86.8574564245614
1137.3000327155703,0.34105316851425393,6514.474714308935,0.08416354554304067,73.95604400061768
1952.3867523987246,0.17381402029465765,7490.051969172167,0.09207649042582147,126.79904683224461
1328.8226178486093,0.209281402420093,5925.7584367166655,0.06278638092335967,130.75760942571128
1662.31373873072,0.26359460149353375,7332.808525716309,0.08112172180392233,104.98984459741877
1751.8251459566811,0.3796970940981895,9181.715978929187,0.05303021076994827,139.59415146473043
1811.9462346378834,0.3554893635268024,9363.089850983066,0.08535919636562289,146.73252567953256
1945.7497022259302,0.3128939390706792,5246.303673553661,0.09849361695121343,97.10206784313101
1312.9195480288226,0.40736421724561367,5804.516790262867,0.09303986536089295,72.26666677807322
1858.5064545515545,0.40317509584246636,6376.45067883402,0.07672204373858188,101.71131070513138
1131.686903436207,0.3471436616249024,7974.329254438009,0.08943701096563883,148.95332236756366
1705.0409063535926,0.4147960333539301,6804.973793962336,0.09719494049740823,79.29268596830799
1741.9777295139859,0.23370534991168368,9220.204567230378,0.06080087889696077,111.7599323732801
1677.7232412013204,0.45249981132904227,8583.359341414689,0.08966292564886891,119.39836640699471
1252.314736135153,0.34596403432077627,5502.280115567541,0.06349234789844267,71.3928794345277
1873.0431470152034,0.4289454055249723,8122.787512560456,0.09384737109698332,108.84591228221657
1168.858463370395,0.3185116419161136,5565.063126734892,0.05491772528450728,81.45070059691155
1053.6347915208307,0.18737529799547215,6275.1783481823,0.058910920943492075,135.4209609086742
1717.464990611912,0.31696405147132345,5889.35316767114,0.08603082317359009,121.47535707060442
1475.4757152327338,0.24844466551063527,5865.309746003525,0.058738875193162454,132.6266427478991
1849.098019958676,0.37899961441483787,8081.977623884296,0.05790271509515222,69.96823945919553
1383.397141058259,0.29031751669389433,7818.024612770807,0.07777334386994361,53.457470568556765
1168.2785885077128,0.4344451219710751,5880.140763938634,0.09174936188545355,135.05256848098747
1836.4421924698697,0.37122900492876665,9950.864027092159,0.06342337126373146,88.675420041643
1548.9096316400717,0.3738177732125296,7109.183661841469,0.09205690913527426,67.97224119121486
1189.1957923903549,0.186862133396426,5485.346640774683,0.09039766982729874,59.18953652673049
1720.3839985864456,0.4936999065965162,5602.845084775576,0.07895527004796678,101.65008060570912
1511.1136384895005,0.4366700837085955,7919.468568632974,0.0823281376843635,65.01279526119458
1604.3129822403198,0.4156019538242779,9895.347016917363,0.052022059330595415,106.66920244412567
1460.898338206582,0.23208609006401099,7859.755508095989,0.06835677791518567,122.73065425127446
1828.7089838180063,0.3142526611388928,9745.207383083187,0.06316974655591763,103.50581715162521
3258.020693199941,1.4258022116612128,2563.178648330556,0.32237179100293883,288.8663355966361
1709.3888218243862,0.3153903906650824,7179.20551826006,0.06948296645784909,65.55696243356378
1105.4013773964623,0.15835569859331491,7500.036796579411,0.06774520981737164,99.3953473250499
1838.8538619040687,0.3212151375958405,8487.127290777777,0.08644458390648635,66.31904593866322
1671.0129805329098,0.3594887520619623,6838.079832256663,0.07990481702383767,137.59019264465465
1697.0241660042996,0.256078386899961,9319.430163394785,0.09565500344010097,143.2239276351138
1362.9828404038717,0.2994179513325173,5146.406923840731,0.05727037915279195,89.99958816428477
1879.2795561570067,0.45026135506983433,7198.820975142212,0.052987430266176305,80.57482578486747
1725.3716002348574,0.14342525788112376,7554.95924989959,0.07673038937455644,77.93160954292487
1112.5904665291944,0.4166931571998612,8035.161191315481,0.050051356930539255,135.97273459907342
1407.7780344061625,0.16830182039847857,6380.359561829317,0.08938594715674829,118.24419246266451
1886.3803619601417,0.11468319312185137,7137.399854929177,0.07529864443425048,138.05930546538343
1047.196701697379,0.17422984109801912,7422.688751070284,0.07440327880289468,61.7516829483783
1961.4166196420495,0.4060172759881959,8434.549893416066,0.06812479893620872,97.60279278640701
1679.1625683195628,0.262050429334744,8867.72092367907,0.06874869180743813,117.61790944650959
1631.3759776433767,0.44900820673847275,8689.136636718937,0.0715566839125328,139.70907607527948
1270.5592564879914,0.30988301647290634,6707.915261447926,0.05080161722130151,88.20192139129887
1248.791788739177,0.1089001407705324,9997.252614959818,0.05417728936081023,81.30900727102778
1942.0582194885956,0.38668544384077075,9243.326558935896,0.07525240100056185,141.29657091858456
1298.2724542341227,0.1440931634884931,6300.1168657248445,0.057506113260990206,54.75332698301625
1775.5052967189995,0.41575185338476983,5975.529028364138,0.08893813041734991,97.959548985558
1393.121798207079,0.16724101992207202,6570.106252916952,0.0637242587002263,95.86265606065831
1139.254070784704,0.2381785543222054,7261.7242649982245,0.054894981867466205,64.60564138908121
1010.7152976953589,0.4045085718501441,9253.996891598068,0.061760496295172496,89.49501111813781
1544.2573370152509,0.48169254299056863,8891.811318972672,0.06785491150778941,122.25997399834834
1975.7788185489326,0.24857358025869294,9256.23061752938,0.051765830429744183,86.68684445542539
1369.1361938092045,0.43176008807957433,6359.785574551643,0.05708377621931646,80.96604796097795
1357.192333993045,0.1763169061903355,7967.306112259181,0.06619233772387599,128.1895497906346
1344.0916178494422,0.4228719080809965,6416.245311386872,0.06552402369048821,148.8715411027402
1520.5438373048585,0.36299762370250044,5545.115803597466,0.09001933482799196,127.93523739302796
1440.6648834242935,0.17709740288494738,8420.988717373402,0.09216277376563266,134.6343288159082
1879.9146267270144,0.22100158414056464,5714.987755977194,0.0596709299571775,143.9500749812513
1505.5207917234902,0.15270835543881442,8338.488808532358,0.05619699419564237,130.17724660760314
1507.7578381885687,0.25318680442572533,8239.821524527046,0.08170812421607092,148.0354289816708
1138.3715947205567,0.18145945644931097,9051.242222120085,0.09023117778477158,124.72842547570616
1982.739540910386,0.3575991814521894,5697.773022817822,0.09818615486120658,116.15225511672419
1249.9728908688296,0.4978020416882235,8917.400742544054,0.05033981423732572,119.33485492496247
1073.3640674596027,0.10480366523370566,9996.382629731186,0.07068390567134022,140.0081826774984
1663.146248975209,0.3163679253149195,9255.21224292951,0.08669939170471928,118.30081508617984
1595.3663701568726,0.32946663901960394,8759.06038163833,0.09142796494371773,126.12051709476738
1415.1456539927458,0.4656835158723248,8310.826773473538,0.05311429743415489,71.60099336970603
1422.192233880678,0.30240213390677506,7108.907423427147,0.08403072597320638,141.264961293481
1785.0639210464312,0.31748056785796697,8652.50083945801,0.06444693586994851,94.72132421792108
1195.712640099649,0.28866112053135545,8620.890175702265,0.05372984796665627,66.10673309128047
1820.2533189448898,0.20756172182459257,8157.491413436441,0.07445512908773337,129.97871914274612
1648.7471138950182,0.12241165329956548,8981.391891489142,0.0579076671602073,85.63930176329742
1418.9697737795243,0.26346307288393445,7243.819442134173,0.08685037590308424,68.41191429616212
1458.0286165838686,0.12103658849627141,5606.263560661953,0.08706308998497267,75.6251159170595
1256.6472071860958,0.3201969877863671,7795.338638046187,0.09210338824937547,53.49489803904702
1752.1143326969748,0.22291745729691725,6325.217643556713,0.06887843425738761,59.0622982893385
1512.8747423052678,0.3134409606101711,6922.165487145751,0.05066548986153219,109.26247353861251
1320.8545427498436,0.15371878575807468,5087.074519706131,0.062986796918724,136.62178280944556
1596.0501157609501,0.47305198629574385,6913.952939589417,0.07339058497626386,94.85304133988262
1995.734452051323,0.457808497419974,9044.005530677274,0.08470056397080253,112.60581422997227
1435.2622796565538,0.1759986036809138,7713.6118346912735,0.06910202928433708,130.9733101229284
1920.6914007786195,0.23737771331760396,5049.002634669855,0.0768024198033569,85.67689104580694
1345.016839924566,0.3453971087407919,7349.219101199236,0.07621317937278585,115.43140703513343
1054.732706924986,0.13827448292236252,6457.2582382270375,0.058249117467915834,85.04324257909539
1204.242106368429,0.24182712844646034,7387.753276985855,0.08115247500400063,114.27153547720692
1418.6951433276843,0.20044491472760245,7023.463607239385,0.0719625864102699,71.7607720139248
1219.634928594569,0.4662066914866787,9659.896097786906,0.09039593508262465,147.783965427042
1000.2270382182555,0.44100425451568215,5205.8864948150795,0.084530560406445,57.617776855654334
1915.0015377475272,0.3319330965067455,8417.940056409661,0.05557345930987773,100.52328495225576
1843.879411230929,0.3081385347486297,9255.132981508708,0.07443792050182843,78.6296413052077
1742.292231486947,0.4722903178181589,9796.192923252376,0.08512471792470938,110.08378348160848
1167.8145956460287,0.4729711131915262,5888.181132721479,0.05435058629036713,92.83069799109111
1120.3635762099861,0.48773205014066423,7656.52400983097,0.08962485162783158,80.6665587609927
1067.6047494723832,0.15015155364327507,5217.947886586059,0.06110022573221997,75.00376382829354
1724.0291887729213,0.1642231243052681,7495.917622275443,0.07515423977368449,68.24986141976149
1928.8079606878853,0.37069467947195467,5627.29044770491,0.09702806437363182,128.28793161887626
1430.535820913037,0.316573790643938,9189.483373493567,0.07856671174111421,72.2199937093646
1119.1406719960482,0.1073863619572944,5569.350013026824,0.07120272258519737,127.35261963759153
1512.3928207321064,0.12479001439580775,7566.441801932477,0.05033974636995714,98.50386091543447
1348.8319074586302,0.45523215290352204,7605.480344963769,0.05667068113870391,57.22280213561982
1374.8249243499977,0.4475483182157546,9858.252489658027,0.07893319425489939,66.54426776537359
1621.3306241557073,0.24290836879841807,8274.90347019444,0.07469125203268692,139.29046441221988
1718.7181132622022,0.45642024677221393,6439.20146538401,0.06819145878234158,110.28158220051297
1110.6035988731608,0.33747002975916074,6203.9965496906925,0.09616079426970588,68.43331787216844
1035.5902308064765,0.42236225880756073,5641.241028225324,0.06662412687129704,120.37649152008011
1994.3303026857147,0.27097242846408576,8782.573620245297,0.07685753782220534,132.32617444284898
1232.7283489155518,0.1453593309379635,8453.783280911694,0.0784356704762065,83.06531475584748
1053.830524908459,0.2734908250584065,8049.38563654053,0.07637341950319614,105.65952128107125
1189.87532909592,0.28291991919875914,5204.202214749942,0.07387926957700497,79.3449970283137
1038.9578463484643,0.32037767753624125,8814.144331971473,0.0668531868005954,58.00617177205862
1391.8108946171717,0.14223308516177122,8209.437885742396,0.09543818165198098,89.95090777369359
1802.4017844513241,0.4965607452198446,9819.444340552442,0.07254016308795724,125.14320191148862
1341.2444497577205,0.19765472832276254,7936.01064938406,0.07642244336730379,95.8680278888277
1444.1834068783664,0.17942096141483718,6519.759533308541,0.08282389919151212,90.52690080201573
1675.5867735674387,0.31072116754237467,6907.602760946601,0.053382802121576735,86.60071888394212
1508.8940700698802,0.3148832717579555,5879.203526891162,0.08906440707316227,95.89168226695497
4246.123874231076,1.4572469573047853,2364.030595344241,0.23168696961314594,352.25725750674485
1866.0356750457565,0.4087568585301018,8538.608300108626,0.08285884679224834,111.21841949118746
4139.234833910583,1.2415232159556546,2842.941859203079,0.34438245939830425,250.62279080472047
1778.0463064831993,0.3438781820579937,5792.446615911393,0.09370496953821074,130.73881734473142
1460.733600241674,0.3894985541631143,5385.024666010973,0.06961102084764656,67.31669471533375
1988.840541303663,0.11001004062554665,9559.878718408792,0.09057149463411276,113.34447282887444
1483.2320758754352,0.3282576730180179,6165.349168474256,0.06294184477829509,94.98825230522408
1986.8959453882976,0.45367778849134777,6720.817633759019,0.08301678254786832,127.34935468788069
1754.5693612057366,0.10695549717017357,6402.522541887453,0.055135365033981976,132.61399868210566
1248.6048846133062,0.26207284152038446,7068.123013053955,0.05100152337120376,70.4200372185667
1538.3949792869576,0.47049098008233203,8570.243996912417,0.05478815630563199,117.71791474377557
1992.1356394785828,0.24126176091301513,9352.978168631424,0.0659691243281238,68.99075067675062
1857.5306077519235,0.2834915296800964,5912.9937476427,0.051554730691233216,62.39982608348846
1097.3668937912212,0.4926165572177251,8432.061718705825,0.08152456360936314,143.0296101471251
1706.371996809996,0.17972954358022952,6762.810711212425,0.06582722691911325,66.43890704413428
1345.579585870813,0.1261020756500024,9902.635841486464,0.0868188033857149,72.81319325827333
1006.9822618803481,0.4437690363445218,6494.595796420384,0.05229575681348028,63.03240077879689
1403.4809690269997,0.4473861364849474,5035.9647800392995,0.06083507832737491,97.02918893714559
1234.7544217249713,0.2888311338720053,7578.199870099226,0.07040017126648493,141.96073225243904
1818.8692705204717,0.3056828697909145,5753.655421379689,0.06913257811470232,76.40557387122445
1337.3306088457655,0.4343225478471344,5222.472134091996,0.05654993364181703,104.18521307492898
1827.5236939538172,0.3954237992463181,8491.346159738543,0.09970684067908286,91.14587370927649
1000.5979388347953,0.20605960088680428,8661.296412542282,0.0642219790416918,83.60094108404769
1307.8191500261191,0.10675734202860739,7303.495065582512,0.08605160423257316,107.21526912635747
1241.165214307762,0.29188006501341834,8384.427583782886,0.06100133486058591,105.88929011688109
1233.567361068611,0.4435649304382566,7691.19724123567,0.09389256053630421,85.93666008840006
1068.1866197654626,0.4583338706760649,8149.005538609658,0.06938791550748463,135.05632965660416
4561.896457935056,0.9981407634690975,2884.6779974691917,0.23196158154115204,290.2640564579756
1555.5495698856198,0.4518252950451125,8329.113820277962,0.06709174598169856,58.52383951673079
1291.3610728377444,0.33201742211923935,5998.153243365856,0.05043219107484567,149.0781259966738
1417.394782329148,0.27784223969444033,6343.533100183501,0.07585102155392308,124.7682912051179
1376.8668803471885,0.40993993861363964,7199.81574753846,0.07623939680755483,130.39289034300987
1875.9049249998945,0.39592865374623865,7230.6400470959325,0.05599170913943178,110.27010751387972
1905.2989990105154,0.31525737203258175,8872.05855793452,0.061748178670964625,91.98604260264598
1492.9569716558601,0.13493094902338765,6836.96829614766,0.08917477954906747,112.92268787323076
1330.1559503156045,0.47043253871476753,5812.525780295911,0.051837791231432964,59.2584705608713
4759.949762027386,1.073810089521627,2530.4595398194488,0.30554776878451173,367.9313013140468
1953.4028793820949,0.24533351276650572,6073.667511921142,0.07652040617067815,104.07430471438494
1060.2269449002974,0.35182695806750874,8658.300096280109,0.0844356030338062,145.6731890538092
1297.6502775682804,0.3695351844667908,7351.69807312991,0.051872813370006765,113.74752577076498
1298.0662011700042,0.18427516681212058,8543.153489854918,0.07928231635452321,65.16925371784511
1320.4012861402148,0.4347755379239825,7081.098403788135,0.050154901828909165,97.75501149780467
1164.2868432724092,0.21597483746495116,9448.678012519526,0.06325891836445954,55.78222492193211
1783.161430923697,0.17467357036572667,9917.601538613673,0.07498421276582407,124.54295592918714
1122.4978619659892,0.262559941141799,8349.212543513058,0.09556406687128086,100.18315215683175
1634.9066591531628,0.3922240323589862,9319.062786181094,0.05632949080027677,86.96533697923695
1123.8460267058174,0.48618327137592143,7539.666335860313,0.05846445645016376,146.8549381672039
1070.5356375929566,0.42371250574857333,9673.10420176954,0.08346250321919138,144.059851896738
1909.4295036858766,0.4761393510680767,9157.93242836414,0.06874308469111995,145.28319968261195
1190.1287663187056,0.15624232163061072,9958.892858830197,0.08117107009614359,72.09702422169102
1821.2501545597042,0.12847071954547074,8115.468676638902,0.09987270835671336,122.85695957189921
1544.6308711071358,0.3230819047626685,8896.033701341143,0.0993435830674427,144.5382137202456
1077.8565196087695,0.21611899321761374,7714.340699891067,0.06768567897472108,107.08702567066337
1955.4481914380676,0.43122198918770915,6295.600521357114,0.07519626769124163,71.41603439331712
1246.9611669918925,0.36879514856093043,6773.775855648789,0.09523450793146968,131.78124638822624
1859.6453453526065,0.4882912655943178,9470.02707365658,0.05460838312042788,137.99182473267118
1168.810005784564,0.2019169422925217,5279.739732993103,0.07261519519184235,120.3235386386514
1853.9428821418528,0.29431364574209296,7957.399430372041,0.06887886741582296,79.35528775355962
1013.228812905294,0.30049619097014135,6862.420162520543,0.06474413863304987,69.06938986544527
1511.7804565694807,0.1956707179429505,6933.462690027778,0.09971021059611741,112.42698011967175
1769.4425794215567,0.3360373597952031,9422.856032068838,0.0866774646986189,98.28005248024479
1934.7955174927833,0.2773143944316958,9269.111872731133,0.06943734961964611,116.87827244132721
1909.202136206487,0.2786886223959495,7994.2118778623435,0.09145109458327097,61.169966546236594
1819.624869547645,0.24509465918899345,6364.59423702167,0.07448330503560285,63.59135510480638
1888.1913496613042,0.10677174097021402,7377.28173081012,0.09364122061839295,86.28895559768716
1199.2196858370764,0.3088380947659156,7041.466968946081,0.06331899228152893,75.8760287628875
1284.1842957117287,0.23409913428013246,6768.090146012477,0.06118001136935328,111.9338631092671
1288.9685249210586,0.10052794759373188,5513.927892786482,0.06236433406237238,86.75405293621881
1377.0539310016989,0.2231774830647728,7715.569433576602,0.07692402880625263,118.39707861478838
1393.3206703851888,0.21145133323590282,6509.156489372418,0.06456566955775674,126.87984021056897
1544.5553246546756,0.2573792612894543,8304.039714637642,0.05735598420731921,68.71675702191817
1159.8797633664415,0.15274079585735878,6596.019679127654,0.09973139592528661,141.9823835415061
1691.2466637859893,0.3030735298540338,7155.817465674008,0.0950216613720705,128.71598402865703
1167.5665393045065,0.37697614100725196,5261.801870972037,0.08175062187465398,112.67808021542754
1310.3084821045475,0.35207422762182905,9962.690349527387,0.0945771436961973,140.89288547481374
1503.345130606154,0.4215019790276763,7538.051916375879,0.09677313687539095,76.58687496191996
1796.4405615234773,0.2808033151948325,5121.187970820864,0.08380541459329177,92.1713201972018
1739.4692332387272,0.3076366921358913,7706.153293805721,0.07593398893456542,58.57869804006016
1645.5343564105224,0.4241607763435934,9351.769996528248,0.09410008961073386,95.61818211571078
1155.7732605801702,0.2710804683276954,8862.760671331012,0.07838984984564548,100.64007295977208
1547.0453456155778,0.3806397399598388,8504.53342064727,0.056340027142693705,111.60669236600617
1087.4465017998855,0.2738409474871968,5697.323272995174,0.0683428000228753,56.403921308436736
1377.3631767966508,0.26709447780462503,8288.685394937362,0.07229604758676886,53.24660192337024
1413.516530289959,0.4040822498116642,8831.491890061301,0.09676845080677979,91.98901652810969
1039.8114394457539,0.16993476618648445,7862.095319827483,0.08295927361529112,68.91333122759252
1273.9880994699718,0.23543438877662945,9463.745022601757,0.09376387813979455,125.87883421524629
1955.6494672664894,0.1896689106987607,6384.948908924427,0.08787958504199682,116.87362841352302
1953.6326078296895,0.24364397718703887,6210.723498696253,0.06549304432613415,82.58269743830519
1352.3270542525393,0.19214992894640961,9347.84872471323,0.08593544965320916,54.57832651633328
1043.100108948324,0.33176225243466184,8126.991214957262,0.059764986796193735,68.24436238435176
1179.0949393281815,0.41926832104713807,5007.236102604997,0.07040729058587339,119.1679342613111
1392.21779343354,0.4146452244871608,6765.657042555263,0.09030459285779661,149.01648933369768
1947.7796979692298,0.245800385819517,9289.279929073373,0.08059645809576142,82.64604050995823
1141.1990635371849,0.49550416235770467,5136.597558208717,0.09127062529763075,130.19962869653935
1763.5158436682123,0.33754174588232033,5016.239641307545,0.06273517911750257,136.7096491598757
1108.6825393746922,0.25976012071131793,6406.296452625649,0.08748744162136475,54.81808721584771
1981.2575773912768,0.43421571169657025,9570.000185046389,0.06011621807209183,141.62215979222145
1381.616499109135,0.39194960505705634,9507.387907350083,0.07726520861990037,96.62027043699544
1775.2345388990561,0.3997101347296418,7593.80972900754,0.07167672972272157,146.42422065371676
1342.5910828111319,0.17845573989354865,7766.184355698113,0.07782379288854036,103.8555827453116
1627.6688771588088,0.2873297229474221,6660.040056585944,0.05677667120141363,73.51435098986478
1192.0160847400366,0.4447312523298411,6218.683310139049,0.0680613937756506,147.46683074076276
1146.0210192969625,0.3016152030515029,9076.109271060592,0.08334519154330869,74.33049141159668
1938.0641395681314,0.3733810973684202,5531.474302498207,0.07792653970405138,138.24782275975036
1917.6472779044334,0.3351734932137058,7436.771854393179,0.07744848794559099,67.312849471855
1887.4689402128824,0.43694271508735283,8171.986297485422,0.07554150560656273,117.4767572756628
1625.4334501665935,0.21382433590464106,5518.401451855146,0.09719424550194393,91.1291608886194
1808.2682112162784,0.330190111154546,7598.035477361731,0.09672848489698671,147.2018173151445
1069.0369369113748,0.1492938672039216,7887.606439562216,0.06800724863991472,68.47726311392546
4620.066813195289,1.0644123873311075,2185.3125004435637,0.2748614598186515,303.0777307771035
1313.7031247571563,0.3927871353410849,6174.180245737664,0.07774492282865306,113.97763240437412
1635.6453219526134,0.11713492847559936,6466.637516453791,0.05478031420696039,147.762042327544
1355.9577734706404,0.37031638545119405,7847.605733165167,0.0651503350383758,80.38630766313405
1148.5067816436808,0.26587606166631456,9915.632049908072,0.06154337829005864,89.68710510447775
1596.4670754135436,0.14963875044387295,6087.465914100572,0.06116948341682143,96.17919873223596
3912.627852978102,1.3015549589499233,2949.0887219819524,0.2737348145312396,385.60631620035736
4893.551605509389,1.0530668537480574,2479.9305041936495,0.3880380530897125,315.09594490982533
3594.613740960607,1.2696379339918065,2714.254250001984,0.36168611066125456,252.8410209041747
1196.6881973128231,0.2537356111834111,5448.206341181696,0.09437859224938798,120.47899317063026
1237.483305169384,0.39535665477442306,6502.100937153162,0.09370743439688972,103.39289699575355
1299.8975929945364,0.4096862232665436,5288.681398254906,0.09312314617661177,74.19269559857125
1642.795070506309,0.3428114617538187,6857.734975015876,0.06953724711288964,99.28304735340487
1600.945484537719,0.10907473687297903,9906.448299600259,0.05284912267552262,132.9949092194205
1696.0798615670392,0.4724089116283976,5526.365311031693,0.055337100894721804,94.54416039221263
1362.5019845315132,0.37449331203857905,7811.863911855997,0.06380240398856496,62.18977649149772
1823.9976518799783,0.11367817996847554,5030.353114069062,0.06099850020543274,54.08019621315198
1204.0876611557603,0.4275331596856472,8563.414080220313,0.09369928100744178,127.77962941135569
1469.040747518154,0.18010646188719848,5985.963461860205,0.09931790901946298,83.04331458340405
1800.9387215414304,0.33168847582844274,5647.922685623815,0.09083368311659012,143.12446965741358
1180.1586477326193,0.28665374798007487,6685.089060803938,0.08649244513745943,111.71471810005224
1109.8631137407829,0.26793551294203066,8855.221489694908,0.07943120699636572,93.6283891168163
1883.6839676879897,0.45588548804975904,5533.065431556054,0.08849541495899364,106.44649201507126
1342.929662759196,0.27494451662504593,6149.194978993477,0.09735166560961955,95.71326449126326
1683.870124909032,0.1301376470292603,5042.322108086548,0.08006723349535405,140.58110823832862
1025.3486042639386,0.478655490885981,9842.07431347809,0.0577306622009917,95.80218693672909
1690.0468884094496,0.468214092495851,7960.72799994432,0.05819291586343599,60.406450858874734
1316.1013115469705,0.3737730758326395,8599.498181923496,0.07919314015642931,109.70880391584586
1055.7408535874417,0.28715701125281,8256.915855780073,0.06667342698924039,112.2981046150319
1609.8127615481171,0.13714378917740852,5721.822794348372,0.09551236876224847,126.53300727930346
1240.8038160731733,0.41629924743099045,7974.699694969971,0.08058211669179863,143.3284141551009
1386.80724205188,0.1301911657696116,5657.07797570631,0.08382463067116802,94.30816821234504
1080.5808122865135,0.12744039395805828,7006.182269815639,0.05029103550504513,85.20766066073057
1147.1632510949453,0.31495353697574724,7844.815679626465,0.07494242760313116,99.07710157474992
1297.9772354958438,0.1640512960738561,7794.405570510779,0.07155823606944559,140.01989019112972
1089.7595005601572,0.1030921069361396,5595.367129913705,0.08529359283837665,147.998238183652
1910.8262646863152,0.2692453723983145,5172.179848232611,0.06913193301666828,147.1235006613742
1006.0470431839784,0.15488689264402639,8991.17156936907,0.09882875159435812,72.96955128052281
4722.563100001115,0.8537149618259228,2700.615637417006,0.30584038984891715,333.7079547109491
1123.2474581325514,0.13076425549413387,5409.094522823691,0.08299591665712946,75.94740258550115
1307.6790894779485,0.18203750148944398,5637.077594007767,0.09596705723789914,86.7982782367047
1926.0595598182654,0.38619367190975573,9462.918881948102,0.09976024169491729,53.16841055415471
1161.694553273987,0.4235709228871166,8845.6445081089,0.05989103446310567,66.06011792715834
1965.8323197183327,0.28101345761172025,9980.80148108337,0.0905266571607364,89.70759546870272
1205.7943769894218,0.3026215263525671,6269.937246025109,0.05811597476610138,86.47046322230644
1741.5661084668295,0.11306201383768105,7439.014944344075,0.0728521726527105,77.88325511313381
1546.6772648973117,0.12772650454852674,6182.2978803117785,0.05500927021662351,73.03095770863034
1884.4787275967592,0.20302709025980678,8114.000692386549,0.08116854892335824,124.89557144473902
1553.993255503131,0.317559368285259,5577.0711954565895,0.07342590817025375,79.45496998113912
1534.5592191563087,0.39582045949399725,5636.215863715165,0.08143494741628576,120.65436314627433
1195.4580003684,0.3420012245352132,5359.439457025614,0.08389803763077065,86.86251090816637
1166.2293620516587,0.2568511419947153,8467.930411320835,0.0809716125015619,130.19792390755578
1916.4891511155142,0.14732962920125528,7470.362887166034,0.06470145613036866,66.72333487353421
1327.8381988500341,0.4123092939548758,8088.65608177315,0.09184795786218344,65.76038803695782
1372.082254962896,0.24551442063962284,9396.505232946794,0.0775843099687562,117.96722670410044
1759.8236584283884,0.3944216057931159,8701.642423776793,0.07449255866084016,141.4915241808855
1338.8234824228073,0.30519153676573674,7308.614590833455,0.09935319021174373,64.29867048328714
1952.0624466390027,0.39546482142473016,9921.779941971132,0.06417539533532385,57.370461784381696
1737.9277689988003,0.46291582458102876,7281.280505709867,0.07640151524475866,143.46372068218238
1597.42924257342,0.4684118064215208,5562.253366167666,0.08411622893039958,61.73269438658194
1880.8951605447523,0.31404271200024136,9963.27373626358,0.056261296646661685,75.03669197656828
1049.6059083494827,0.3046033459062555,5114.103650074237,0.06771198620732677,142.94941674200805
1257.0626921892087,0.20627138620113492,7749.41779743876,0.09008443579986632,130.29178929602216
1465.03633422091,0.47431993261171657,6545.477443498547,0.06183791172999151,84.27578136572939
1226.9785394715211,0.2831676668798484,7517.760755084924,0.07466451824518033,145.45277196565934
3367.607492895706,1.300301990537975,2309.2919768420106,0.2599318270444189,249.9090041043239
4349.077160100657,1.1920770269050691,2430.517967824388,0.20050793447000975,307.55116975250246
1423.7701199309233,0.1508213000952016,7784.293778686309,0.0864155221023913,120.30668772678146
1342.132600111895,0.30101267370283,8780.305560027688,0.09329886585214722,103.72773578233019
1961.5507321375662,0.3245102059424849,6332.5491862199915,0.06964297215168189,107.25880505191554
1444.8524328275407,0.23510230459743414,6917.130666569536,0.08533159629819281,149.4104244325465
1489.0484004492832,0.12866024569259388,6341.2134658202895,0.08660873238851258,65.25142832995415
1351.6498723419054,0.47740141425329563,9102.798654941013,0.06501370650634952,115.67959002878922
4539.585558605899,0.9579319974460153,2373.2167611406903,0.20662480674970252,342.14841031712615
1568.9554832818508,0.4355524322020484,9355.982186092036,0.09326095867610311,77.18931248879957
3199.24478964587,1.011980302971189,2072.9844664952398,0.2969251268173434,376.68290911332326
1811.8067183508865,0.40433241200778025,5367.898190798758,0.08375343383434938,116.821280725
1341.849041917258,0.2941491580676777,5596.917519293367,0.0858900317229647,135.64951081235301
1433.6943313203801,0.1804333953624184,5805.091664121182,0.07157418181376897,137.8869235186504
1848.4717744062646,0.14976935076288533,7665.413303374012,0.09318716429704832,106.1819453049238
1363.2553516758103,0.23802034772882275,9854.560351813823,0.08451146767545198,82.55725660677174
1793.9351334518512,0.15502084459005588,6786.1770830839105,0.08290773425763591,102.95804504381451
1940.9923225744371,0.49930759048162743,9792.541346801027,0.061042018614235916,85.92551267028628
1623.210373068007,0.11967559609280883,5191.003974945898,0.07039211556747912,77.73560840296113
1741.6272874518888,0.2764574397476306,9634.361014073293,0.0716961244566175,105.15753777771667
1805.097312041135,0.28083740895615367,5905.763036524856,0.08668305482895103,115.79341741630694
1845.0396488966426,0.22025277143267022,9562.374928596744,0.08091972726287763,109.05712869103942
1395.053337856796,0.32854062628277814,5281.137150577306,0.054293029531313354,145.44195213633196
1051.2634591759982,0.15999080966061788,9741.097237475162,0.065384897594362,79.86361185539648
1401.8762712367395,0.41356495223489353,6003.991321594304,0.07365237522307728,87.23416850546741
1673.7562297840898,0.23297908729905534,6513.570300365804,0.08683664729284965,116.76428232235537
1450.3503857807927,0.3365370359194567,7454.711720514791,0.0871784565039837,110.03586275036069
1748.9631508603984,0.38625569442678376,6903.6044061773755,0.07452716542858184,50.186338533736354
1356.982429468664,0.45561684707606454,8337.63984631575,0.05584661911303388,81.22854685267413
1634.7441411040295,0.4343149745808801,9874.038836250387,0.06464517016864196,75.37618524686374
1186.4198048539745,0.34332361124142385,8032.132454024704,0.06273461911235347,133.99148866460155
1749.369436644957,0.25535727215355475,8607.427047182746,0.08905132051541206,136.6248730884929
1545.695968813026,0.3012818680299856,5440.026251528508,0.05899931570028268,78.38931410311582
1204.0643885466006,0.4074939173515211,8139.062145350026,0.07324606111975962,60.20711536275364
1291.9111734978073,0.4510182170237892,7269.248885232066,0.0835359401757195,70.52019470586994
1748.6087085818324,0.14151277127066875,9428.911789598142,0.09823930764750186,67.65683989190589
1482.6012356615206,0.2539425049972214,6941.05549821551,0.099962029011222,73.74353592850896
4283.1374849594,1.363755292515593,2226.6445520017764,0.3578359628573313,298.0139421175484
1967.2711903702975,0.27266070503758444,6140.768641295395,0.08591211726267675,97.98386489009734
1715.125019816888,0.23289110562651355,6296.86266762098,0.08732204165110458,81.96413807375646
1957.1348325397962,0.26452907872930786,6880.612154611368,0.08796050488045087,105.98217508554438
1427.1050453603432,0.34113789871454037,6520.317687532513,0.09313024382731451,84.41346243408415
1475.1003406917205,0.4999220576535206,6269.394196950374,0.0975892731426104,131.46769299652703
4508.999464989807,1.412003944194168,2520.5581562436537,0.24715358855305306,241.89184601224724
1525.0493402453847,0.18339778998170422,9183.731658762295,0.07082554390210635,90.39184533550247
1707.2789119056672,0.1651386301116379,5321.507654456422,0.07302322311893154,54.94685347865549
1252.17287749553,0.11693989899056573,9436.827578014838,0.0829908585728297,73.95782473678395
1446.7264687026404,0.3235268939673286,5627.326945340301,0.08877226981388824,60.18581642030417
1123.449865810355,0.31782883659553374,5326.308685313295,0.09352721954506646,84.47639098129068
1205.9800358769617,0.18209357071212368,7815.023819903486,0.07281053771413029,114.51142341801696
1000.943415267631,0.3781317625810269,7512.2089628736085,0.06816863130900648,101.89079089445107
1039.2650516486601,0.3964428166518723,7456.172844159426,0.09916763073511133,74.28756780276385
1977.2838231769292,0.20363928215284452,7872.521637506989,0.061594381050361316,126.72590526426568
1242.3536951367623,0.23763990561189463,6435.283030595779,0.061100241762623866,63.14807293797291
1663.3107095040018,0.4961886689389027,8314.746367148056,0.08577037274132479,72.81959751247011
1839.0996987996116,0.24970578714029368,7512.011098535916,0.05898286478013212,117.60471505926748
1550.6604592365643,0.40432066870244077,6673.717334786626,0.06997044998730613,69.72343866888669
1153.1445000839562,0.281090170651976,9132.50333490364,0.0646193411157126,117.87627158785892
1728.1164373361664,0.41733793114439044,8638.60548163355,0.058435522837847434,147.69413502961498
1600.2514100995832,0.40760929551305913,6968.0517097231095,0.07898536195489468,133.1353287196153
4836.697490316387,0.8928227655341482,2495.4317747265513,0.3998838152906347,207.59933487285167
1769.746622857087,0.4419113385182317,9601.291250558872,0.07311170864242231,102.04984215032536
1975.410367684745,0.47568739795107406,7684.331335421812,0.0597931502412758,92.23215634324846
1573.56328002671,0.3319933281808336,6074.762250784604,0.08839334013358784,149.1669413233397
1341.6411126906019,0.1949875628890983,9578.960782734935,0.06573560417253729,146.4400701740583
1648.464556900237,0.25945158465763,5947.398100477586,0.06713590895134494,62.711205277090485
1068.440709242626,0.40332228540531734,5242.116132086346,0.06260769810500563,140.87308720163333
1897.3973183215862,0.3603533940495478,6637.435044365655,0.0717201786059517,69.34183380384587
1119.3810113381967,0.1711193354260995,8634.8317223052,0.07317883136193361,81.94515017127493
1327.8428378858182,0.12049581645856988,9616.370431767748,0.07648334581647576,85.34079797309434
1815.745380626121,0.37318463741682595,8186.428234072199,0.09837841409909699,78.68220451218215
4154.639660616463,0.900670613358495,2990.0992948376843,0.29867362921406115,356.05508609168095
1393.635520277442,0.29986809749162135,5461.854196379483,0.08046963154935269,82.9932405876375
4764.843374014097,1.4127277374825609,2325.0917271676894,0.28405209264250286,364.43141708974804
1854.5473932021803,0.32506671226253325,8020.95975371832,0.08061301704383673,149.43768165049573
1340.004386059892,0.13332103324471856,9830.581612463775,0.05448343033820582,134.07615378270458
1869.6496848121715,0.17423209471342216,7513.60654477362,0.08551721192593736,84.61429264342922
1088.1344309766914,0.18773127361236766,5257.576129696526,0.06950388232904653,121.12523934128625
1776.7984372086307,0.20314570145793798,6106.093280387281,0.09188482457842594,103.39234469910733
1847.5476330547363,0.32616135678020175,6223.964532078853,0.09712646226325654,128.65177838834086
1181.8176528373388,0.3015863119301574,6689.285645684749,0.07085551707328046,65.30973946462417
1430.3465323722005,0.1812640153456836,5218.016917931063,0.07302776477368732,113.81345926459039
1165.4997746636557,0.12702193738227485,9524.463502489582,0.07950737905064252,127.36667733417346
1706.6041289942177,0.16857288178988722,7577.819723607476,0.05985663609290253,126.12313354066401
1535.3477680616568,0.4937525250474414,8354.653964770545,0.09636664204141807,146.35930056037816
1635.323346708321,0.28741877991658893,5335.864184475045,0.07164999632506863,55.84113807843201
1196.486966956211,0.446938201880845,5270.577339018247,0.058341016795800366,84.57793690922907
1211.7458620524194,0.43950098666753734,7932.338860202736,0.0881365916709442,97.65535817914389
1041.4973255099064,0.3046078229851495,9436.480052521041,0.06095756862219926,80.97635283920812
1322.0675351957298,0.3826750833842174,7642.410004797735,0.057176463753592754,80.97895136724709
1559.744661333675,0.17710080416508492,9389.095862850358,0.07814360377470037,67.61286066899264
1857.9349139973287,0.3753586819707634,9054.956365276197,0.08357476276457954,131.2951403025208
1666.9274474586807,0.2089538317053158,5379.268928974604,0.07847813703324583,140.80690443845424
1435.3963233997515,0.43282483870166033,6009.78737192845,0.08282553244736816,58.23273595717505
1953.1201143941378,0.133489653243564,8288.553345776712,0.055776200615387225,65.48989117582985
1719.2452005758319,0.40925546915411104,7217.506912750208,0.07380090189420538,72.84529998718531
1930.16520286255,0.13997476262744782,6453.499068234602,0.06785093220442706,100.89874838541692
1527.5879732721655,0.45247569475772365,7093.169280239896,0.0986684308120061,129.11720333009671
1258.9042747931396,0.2216818072540015,7225.998231353172,0.052481196708973374,57.14555247649502
1052.826686364722,0.36175734593222997,9552.761254107983,0.06491471015299616,113.68129856584287
1726.0848514838503,0.2950009114481119,5517.2914185247655,0.09709310970458611,64.93354562704198
1121.3029980055342,0.2465212581049356,6398.653734038075,0.09917480915921648,147.14570678762652
1302.775128271967,0.3581767332733986,7687.82408291357,0.09124508038635668,139.87734308517418
1532.4709078838973,0.4790091922204952,8491.434633152958,0.05379991220082047,144.9582848945752
1564.4165877797477,0.11650789894984875,8153.186444796218,0.07806775141717702,60.616387758270804
1600.583196987136,0.46754114235324173,9708.213688686972,0.07000614963352336,98.8036382854192
1166.2553303497007,0.3436326620084054,8978.044624097365,0.09032262838477009,66.52465669983752
1379.7374048216489,0.422925720307621,7785.384209872152,0.05275121177856667,110.03555507831663
1617.1942271169667,0.25354998137371104,6073.413458367538,0.059856437582235106,73.27391126618642
1969.8188646337849,0.2887371899350455,7254.371157011199,0.07445975331113147,127.06309833689707
1727.6311376996887,0.4475403007204656,8466.911220972386,0.05788238314739135,114.40026006496677
1922.603757093958,0.26593918792392923,9189.810874180424,0.08463575713471491,107.16045942872688
1762.212058314177,0.313863826699634,9798.681122111937,0.09103836105698992,132.522715796533
1591.7169688924005,0.10807796923373317,8027.263830689588,0.08522599468138217,100.0273030834949
1192.0233691363446,0.16343920233521692,7634.596836522162,0.07201418568199912,76.98517403456846
1666.685651892513,0.35667460318991995,5088.459615605741,0.09391938331263232,112.07054968000881
1623.379565959907,0.38679076042555083,5360.4953457509,0.05688430658599709,145.70626321978062
1602.4691704572665,0.33304037471379977,5780.524988187001,0.06301692919495044,110.11593633442058
1489.7858679882406,0.15732401451024428,5273.799655948141,0.07447698426261518,112.96194490394308
1528.6566039892755,0.278162171431134,7004.316194024632,0.0530669299439626,143.4750681259664
1334.442527118104,0.24203790654527593,6684.392725694361,0.054784289078327365,101.5275100307745
1519.3126926423033,0.2982645376140354,8186.770789341965,0.06987216858611861,149.63574617147924
1197.5559056784782,0.4481316138216377,7678.325539667014,0.0971943148367277,65.96620435330755
1805.1743973603768,0.4103445754634608,7979.853796939298,0.09542068466385002,103.70398430123203
1185.7769546987079,0.13359580055566359,7359.886014688271,0.07329874291392056,71.29008410143814
1084.9662898894665,0.45612367910982576,6388.685742771286,0.05710792722553651,95.33263683406926
1436.2460263571575,0.28870686045992944,9764.126574732385,0.05890538279792178,67.05739095017681
1658.3074395060619,0.3975448579543994,5432.045798800695,0.06887730273045636,72.25287715258061
1437.7168249335414,0.15601569250574088,9694.454997326535,0.06050370975433907,71.08000496322634
1276.7541319513086,0.3682878102828192,6556.190234323673,0.0541487797195189,82.00313390240079
1558.1711838904407,0.1945304070437832,7563.307226836487,0.08368887417599985,63.46050345188364
1347.0023354122,0.27535235885637266,5544.211614137731,0.07907243188963475,130.9342174975016
1932.867690126633,0.10674514803284177,5354.655341855047,0.06456483789890426,72.06755972922136
1922.645139603572,0.16064425517219041,7147.7272435930145,0.08894741912761521,91.65689951433751
1502.3718199720954,0.13683219724944792,8708.48688189839,0.08879744438529173,51.60571382300243
4992.221974636233,1.0090893901101103,2298.0957073692857,0.2039474339007364,247.76967547234466
1737.132413956639,0.14000723600972892,7811.7394446766,0.054826627775594695,139.62719004132515
1036.7129434830667,0.37676401064782483,6393.251702614092,0.09592347000506789,133.71602038404455
1474.7690060436512,0.11161596088368775,6943.0653044652045,0.08343302617704856,134.09224524551945
1336.3233942703337,0.3470962002499992,9532.231592369124,0.06235254095759755,91.13534172548572
1920.5358851025546,0.15628313233022972,9279.198127474598,0.08052272735171134,64.15307988516642
1012.0030272726825,0.4780645828711588,7580.087717088149,0.07025107479138151,60.78945214943161
4148.839941051391,0.9663225464917835,2705.252934012518,0.2190193856877289,380.2005903447896
1740.663581066626,0.19020124100838506,5965.919563665114,0.07369354478655105,132.81932549086298
1485.0179875240412,0.3457685192892118,9770.436765178572,0.07427360751198668,140.0114482140243
1085.4030301627217,0.11120212778898338,6013.582982553437,0.08679410459536796,78.87316505602266
1972.4613900279023,0.4727154172204696,9040.841554562696,0.0806862873031988,82.10265698334536
1518.010431376098,0.30919492327668385,6844.851047677686,0.05399763456221129,60.087665686142465
1614.1862443190114,0.1172892605671116,9928.29923779119,0.053268678522315184,127.4409789268012
1236.6097827075073,0.23699999720325496,6840.778701813939,0.06525046187483627,77.56902711211389
1483.4980851068037,0.1307397847444937,6757.58312455363,0.07151229982693733,98.09294695634296
1429.149491958322,0.257177775749344,8187.318144388115,0.06376112795896431,142.8897304528832
1074.8958420019837,0.3679705368645293,9807.584033134095,0.0825729929034959,125.2215730324937
1106.1603535474671,0.28795596321657585,9881.048028982164,0.059755396586281095,55.27378962890718
1837.4725196187746,0.2534888698877818,8536.030732334926,0.08520705481980849,50.81545944594297
1239.8199522065902,0.14766281821618593,8773.031828181767,0.08865753709444651,128.7407925880408
1194.9582714986304,0.19797561827746255,7817.010879865138,0.05621596537978253,105.25002369786957
1504.9114512501392,0.14005731509534047,8778.87869566166,0.0825403121681494,122.03344093627008
1768.7471313625128,0.42299949266266434,9298.898274852483,0.09807179879500572,65.68153218266136
3866.6930833734277,1.2258775747753343,2602.159539333115,0.2824856512869086,215.08847101388432
1576.807919638256,0.3381493466195574,8099.311314150515,0.09546514155580774,127.33249790144619
1119.2104428405733,0.23709616543553835,7686.583476165239,0.08030239746370084,139.08389140546137
1036.4610508256185,0.1903913538620734,7812.353067643386,0.0795472433665856,84.10960826574708
1052.7439521622173,0.3557873757968415,9450.239549369704,0.05259613411604336,77.57051952832464
1834.1641082084413,0.28280092375077626,6778.0841510278515,0.08741501391931991,65.1731439923927
1117.9724836280616,0.26005818691382365,6040.920128003121,0.07391365263240292,143.0088507946997
1045.151364412292,0.33714080195688867,7281.400551368146,0.0860587195917567,67.68292035578406
1437.8998871429123,0.2965070513960003,6040.425952406325,0.0904590551723303,61.931723371150504
1843.9934719420248,0.22139368342062432,7492.002128310096,0.07618981866861393,69.26782089867824
1262.4083764893019,0.3236245151061007,9517.540526785293,0.06318221566391571,127.13817267601132
1421.7126175259164,0.36779943062027787,8087.167602412389,0.05707862456964067,138.9529234982881
1039.9225325637512,0.11067726343474171,9277.164266515389,0.05802515639662072,131.09134564964245
1449.0785141348758,0.2863486915630702,5830.954598077559,0.09334673269728994,106.32385528712848
1577.6130806371336,0.12307331383341752,9504.367962685883,0.056178904781519434,149.3884250777723
1570.9070537521447,0.17456216562724441,8008.935822035579,0.06923470365232842,56.88540644934488
1332.4266921743651,0.3242034936311893,5158.798943702399,0.06671373231445155,136.71916778216257
1315.5331806631355,0.4464755661062323,8165.594776425184,0.09327278333694852,92.77138617137689
1106.623618936598,0.453122271675394,9756.984781304589,0.07388467503471459,95.51223487054665
1366.7983206462684,0.12797760405545253,5395.835002376811,0.09982232086740689,62.75948936512805
1099.4946688729647,0.26764203451468266,7912.280652347861,0.08685273731515725,53.343297435382844
1766.5959447120517,0.33320259320182055,9577.393014348574,0.09254617877021429,81.66283260694333
1966.2742977481857,0.15882796182013736,5048.475841671873,0.05493361330133375,67.48535331139293
1970.0744566667067,0.40617288669790874,8154.564632329117,0.0626551127632448,98.33387560713116
1865.0710993753937,0.3976941033748955,7374.511459154814,0.056772309778591414,64.7330526053772
1600.792149339619,0.4613364054827179,6734.946593243053,0.07318109862002799,63.79277365022757
1700.8656972438798,0.10339440483337721,8137.682449726881,0.08591437440809549,137.69789841038494
1285.205802680414,0.18667369759560107,5263.510472937085,0.05845317841015001,142.1294701326409
1630.7704201726206,0.4308746856981287,8765.315231437002,0.056508427228486945,146.421620858791
1455.6495494398773,0.3682320203307742,5022.397384598538,0.08073043743902203,118.0502442873912
1482.0173397769324,0.45775594147939636,6534.678718961761,0.0615156376881712,127.10165047958694
1757.776560375158,0.12287186181210662,7519.793188423392,0.07396625358768705,133.5784755242629
1281.9183555972518,0.3387855862865772,6885.1112528327585,0.05255588638638589,115.89220591206644
1318.0396116945199,0.3276186299574697,6537.379676027913,0.08403064060337324,83.02431047025291
1924.6417911286367,0.11426976654421295,9154.17572734048,0.0770658190821027,65.63869984335241
1056.2242948509722,0.3054088307649934,9674.162871359546,0.08237114494793164,73.72733071581501
1485.6342984133403,0.3438081245239697,9368.563424529442,0.06377031900298731,134.04140514049627
1912.8008004078617,0.17651726968084291,7612.1565652499985,0.06393014876807657,119.60972382868412
1610.363007818157,0.20933183324986518,9420.820875967416,0.09006802665453792,95.57957635261516
1546.407074212132,0.35613893851909484,9604.30782590772,0.08592811564924131,52.94050771804527
1249.7441792293553,0.2873203790399833,7046.19198523731,0.07898643255993074,76.6204370433883
1343.2754890644483,0.44320546302733077,6417.229297527227,0.08140717378910403,122.88974931257638
1852.048415804693,0.23695270640367536,5491.326029066601,0.054702208975055275,101.2387235095023
1559.218131768458,0.20666386335528047,7395.459605246146,0.09280856522256269,93.553249448245
1514.74219375678,0.4939463761379371,9731.484602192206,0.08849535165058314,81.36794007799077
1099.579713540029,0.46445430805203336,7804.537640351855,0.07952457669117238,110.69318305770238
1016.0281564551232,0.11159709799959194,8337.810508930857,0.09592975655504536,146.63853853716893
1963.685188687049,0.40829144612262636,5564.419092459238,0.05843189538496999,140.11236432975062
1376.9861672868417,0.1441339095300812,5717.598320711281,0.08433286930170834,53.049793808428205
1603.2130620995044,0.11099407793174838,7322.366309798363,0.09814908888260805,98.09538225834459
1079.715073187285,0.20947820638653958,9756.323994918628,0.06550044822849604,82.94692980469478
1683.1142857230466,0.20773835162444174,6803.923207957645,0.05076461570337548,101.0604662339801
1932.566708705961,0.42772750493878586,9387.420206587667,0.08674337334845666,110.62136898717148
1575.6652529974197,0.3842668983771341,5601.442967128558,0.05034901622280635,70.00280679975468
1126.1153223754106,0.49264377093280576,8085.08603466855,0.09362668245910835,128.15680695482564
1581.7215274734767,0.38460516012472745,8003.06488455259,0.052815062605178494,97.50680500859663
1766.3472131046524,0.2673022213024192,9299.373750351342,0.08263823649359386,149.20060548982462
1406.4165365740187,0.37957106437808674,5016.583522024507,0.06885920722115753,52.51273857435612
1879.8377479414678,0.4997836268745609,5949.6583359878605,0.06016703268583665,68.97191761864585
1648.6829533573646,0.3840567530250113,6098.4381271474085,0.09491291999269146,118.96298005603981
1899.2489182892025,0.40467254239212735,9749.830440453687,0.08731229259634311,119.51797465255588
1623.5053112473372,0.4753460060761038,5768.468281349475,0.06702202830716301,108.2188224416945
1131.2879720048243,0.14546050452467335,5184.811751102802,0.06420765464286125,147.19600286906285
1309.6917111051891,0.38191371737909074,7672.30747370904,0.08680061470805697,91.53150087199334
1201.7949482524568,0.4403223831869796,7642.792312168409,0.09182853813031652,91.70368120675194
1908.8264977168624,0.48175144008835724,9220.234826839322,0.08579252321479047,141.04763632241733
1760.4000672874827,0.18438771588467975,9744.298250889009,0.08199946125178707,103.84417819968107
1676.398368910006,0.30157160308969766,7692.727210700656,0.06139623625943244,85.37276615856004
1300.9663196316217,0.37222193905779277,9649.970912098277,0.09264019916382361,121.8937985833859
1184.0447720502134,0.19898709180053498,8625.795756499148,0.08748309917291874,111.96706181875274
1756.4510879889117,0.34018914530010963,6322.795639977925,0.07586371448832073,80.64100502865915
1474.1579458790798,0.20303151299919975,9642.103554719632,0.07557938811333904,79.79287980812157
1225.789552150629,0.23338280821265892,8337.215880909374,0.07845865139036733,89.56127975272548
1616.621978165275,0.27660747860434604,7070.479663713169,0.09141381970893314,57.162006566019365
1040.333852138452,0.31167603949862677,8401.210422584652,0.08711297744187788,144.2616902487639
1326.1702541282534,0.27974634865006026,7006.564138718754,0.09281224969729417,68.3020040196665
1468.5569945911348,0.2972782079151717,5570.918839939796,0.07536413858293613,69.38243023277205
1147.9583341094058,0.21943550251531707,8594.8937358845,0.08123245295091286,114.70384050170776
1984.6544775908396,0.16358603760905224,9120.438060853718,0.09272859034479898,122.42470472998113
1209.0973645896142,0.11893999093073578,8644.030995096939,0.06161600300883577,123.68354595998724
1130.3531300432655,0.1783914889966671,6145.5733387833825,0.07220103401281121,87.5075023504231
1203.5348738868963,0.3327774566023132,9783.175067388063,0.08103261184896936,137.33289529099255
1769.0611331597242,0.4144461791212529,5126.272808455779,0.09575731286790508,104.39990617480444
1425.505659271843,0.16769903897715782,6663.426486878203,0.050791800552306254,93.85875521625556
1565.4159397525382,0.1434221431090594,6300.462172674477,0.06062865790866138,131.03864608656673
1021.0091569863607,0.39971614421970014,5240.6311380742545,0.061722525388064525,74.35612492238377
4614.118575635505,1.3711653486456592,2457.836380331393,0.36086078752774653,266.0295042549404
1445.8255498270162,0.48059977569094103,8115.574200813873,0.06408933102103395,103.88293945649275
1816.6552432016235,0.3857271882441492,9412.764317425506,0.07950693927811193,140.00581576731366
1885.2388787075652,0.23070241889721235,9948.44858095735,0.09428101321273727,70.16125310557592
3098.6597215869,1.4911414602385034,2171.2690075286196,0.25071613019082173,381.9980193553583
3474.1201415578025,1.490010609103418,2915.1481971201074,0.20223286700714602,217.93724071754087
1913.2296862792705,0.1316578673112838,8618.522129835153,0.09318764250350423,111.83285268023856
1387.9727543978863,0.1470706050581196,9218.118942948204,0.08160228945737566,92.20675194830073
1829.5658314283687,0.17034315252647703,7326.535982093406,0.06094810624939508,145.63149999657242
1133.695654399436,0.40988943732182415,8925.2721701275,0.06808332685832516,94.39196283115128
1935.3944896677986,0.305542943707649,7413.262091564384,0.08949824033698914,99.8542952447576
1751.4233175313027,0.10422684910977718,6932.479954383613,0.08694655907435572,128.14981085853125
1941.3343927869018,0.36940661098884364,7630.454188918806,0.07882911847528214,78.48424296127061
4819.400444832904,1.3797801707533663,2069.2715640170927,0.23074629949106507,204.7528483491215
1363.403931999427,0.3043409459855192,8634.410281592987,0.09016446486572521,127.529768762122
1938.1811725247226,0.18564649736517425,6783.68134446054,0.0653771264276374,62.85797891901079
1275.5667763091785,0.32071289135764147,7856.601257780174,0.08857989694995813,132.29645202930232
1332.1725220617325,0.4916612959005955,9549.354370402236,0.08237831828811294,112.51750083098483
1700.8084180017404,0.12937787640230458,9881.564500553199,0.06320851408217591,103.9083766403271
1765.3162995253863,0.21356695986577226,6136.240455919773,0.06061846140663284,72.91093821798816
1929.4034838491539,0.19719903714433193,5964.155828566707,0.05654549616288594,128.63681693444087
1204.8024090562094,0.19941972430047183,8383.428167143244,0.06209731182940579,130.49530895087491
1797.998035219224,0.2514825430261509,7073.419429117219,0.057891451122457,98.29418678765178
1738.5460533969635,0.427243913897667,5121.111692090685,0.08085256238938757,88.91689748572088
1063.7945562535979,0.465143475985755,6734.309353236421,0.07993915594886268,74.61618375239398
1387.223141210207,0.18088603498358935,9033.723717361261,0.07930860300663986,125.4234017089175
1282.7654570600985,0.3171799751792451,8987.134651915912,0.08209449046124193,113.94519231267063
1304.4904243540304,0.3547595888661922,7473.42574408291,0.09073922669822831,70.66310293668577
1982.946879554701,0.308730989745538,7362.889674437676,0.09567763557749018,129.44680796849008
1642.7774134799279,0.27363055767876787,7897.537212171887,0.06151877689508811,138.22053133584595
1717.6761577934994,0.17679020234369514,6096.98355281788,0.07938872450844629,55.924726274824586
1976.6176373150092,0.29528774367969546,7630.218124454777,0.053916811062363575,127.24206380240413
1377.2017824576387,0.26048593108453155,5055.231800283242,0.05600712191777976,135.28019334276524
1801.8401684528058,0.4182253450009079,7377.797773915669,0.08271696564806952,149.1507899474547
1434.5309633044953,0.40544174366519814,6680.255231252962,0.07432902808452255,73.7601498937367
1869.5336718149797,0.1535994724822683,8374.348029518298,0.08791660434172169,87.10032052142529
1180.6575413113032,0.13540762102522705,8191.767920763137,0.07128387404952857,146.61910922008792
1947.6861770642795,0.46326157729100126,6904.179400914045,0.056379920341646905,59.40155502935845
1218.7717084108797,0.3142033555857991,5036.364907392958,0.09360268269154128,102.37078439147541
1326.2205069809315,0.44312037491303624,6261.368146974803,0.05414442355726612,100.67445798378877
1756.1922341067805,0.12326044822656046,8166.739250945811,0.059448232126769106,110.65477388811637
1393.7551415654066,0.3106062466086521,5361.866715087523,0.06384884329809255,83.079261484629
1608.2113767664466,0.31577060583049454,5538.212109167319,0.09976403035327135,142.59180886717914
1444.5735010694284,0.44428081301685995,8235.175122835437,0.0708429910087992,77.00612609590728
4602.454602140624,1.0938521343876983,2013.2588451419017,0.22877236019563385,291.2715776273335
1228.3312523686109,0.19617822547036373,6607.7485400635605,0.08848483754869343,99.59270227549362
1058.457987236877,0.26261532555480527,7448.365327582809,0.08182077926694069,76.66734524800799
1299.9293974730663,0.4463365901679769,9728.556824918294,0.09207103459706667,68.8853795722427
1474.3086648684302,0.47555332602822686,9727.717810879847,0.07432167292939469,145.6562124257659
1168.0200521926786,0.49708984783745114,6537.51387231715,0.0986088843746611,106.1291461595786
1354.7972896563888,0.48367739458340864,9049.93937508545,0.0898406180793154,110.41909122244418
1399.9830182935684,0.10237670233774177,7969.720264034294,0.07006826941566327,128.28954590419784
1057.3918436882736,0.11908333658154882,9877.422466751901,0.0690635911472624,58.12266585997832
1583.3072481842046,0.15904272766303548,7388.067848555482,0.0964745596022109,121.37642677967787
1884.3434279712874,0.23954483870810928,8873.534340077807,0.08422078179073586,66.51401375723204
1151.7429129530524,0.43196721239478353,8840.685648074355,0.08107168172628193,124.0481085076456
1597.808013401514,0.4570624781341922,7487.164338165381,0.08789153187169055,64.13286716273772
1664.7392049108462,0.17473376251783324,8978.150571486538,0.07804169140558558,133.24936998735961
1419.3346804192884,0.3478656606478835,6305.201666534982,0.05795833865428634,118.10162607270125
1701.09758736427,0.46694479402611067,5611.265181451145,0.06596077310392157,88.58902888524204
1410.731543491012,0.28549269437252833,7125.818723276581,0.0778972431854485,85.88344439025835
1504.6372879774349,0.1414174287811136,9718.153283167923,0.05090839104635835,64.89470635559195
1007.353044554427,0.28312546003385,7503.723041012643,0.07186753524816139,140.40533557661166
1691.7201141346889,0.2503179609152229,8176.295693234635,0.08779014396379684,61.85292728488125
1661.3426789447244,0.3310631984264028,8120.8122795393765,0.05821170022581362,97.20773885291257
1038.4008773263445,0.27546347376284147,5662.864336347652,0.05322794750784529,73.65184547898035
1368.250107395133,0.10693837074148718,6951.484411886051,0.09180145703638493,149.6327508019026
1979.0318407916675,0.4975990933654685,8534.694864609373,0.0808636934231681,108.58440515186982
1420.7365625686168,0.31741609509222835,9859.95049290363,0.0588289486244732,64.95845033910128
1501.9454051318417,0.2894523021938438,5840.088691485131,0.09031524902915969,116.7563997621807
1909.9301581597185,0.4818469486016216,7052.209451695581,0.08290647357436062,149.16090172225512
1717.2618758657563,0.16234414703483085,5475.468999013647,0.06670596348242191,110.50432806153741
1582.0701311242237,0.1756950410180993,6211.882298246281,0.06880981359808697,95.73790945561944
1797.8046813410724,0.42320589962511346,6883.796716630752,0.05779440815935242,79.32701216186547
1864.3662664559733,0.2043324320100035,7703.216239761752,0.09176277971043702,59.212341482876795
1456.8880717372667,0.4196908425166108,6152.834411195405,0.07545033258218711,72.82462989898876
1475.1083649318355,0.20861339316340102,6137.813305893429,0.07785095383218303,105.36207795648738
1386.0509356518357,0.1132750520900006,8889.149895701019,0.09417459575988739,125.37856986495822
3840.8636368843154,1.1581134799546402,2171.6366946027388,0.3384258093442391,261.03934607280223
3038.7265931896222,1.404343557513139,2624.878307462789,0.3703313470468843,362.4605093685906
1083.2230662080724,0.40313851717298843,8439.9600931784,0.05807894909299075,62.54652013724177
4409.845348184932,1.0901975942103712,2248.8017126573914,0.2713401540315062,394.64014579836476
1480.5599408362682,0.4694410671911672,9639.76127482816,0.08290780783121998,108.16045461458056
1068.7539064224875,0.41319534290629434,8364.511800826991,0.08169397340941603,96.91075575048237
1549.7172551633112,0.17231038193629072,9013.38427318785,0.060540095146449285,107.27641184720807
1417.164278975702,0.4200632946659185,5246.770215995824,0.05747032224433474,50.807532877248754
1877.749404862625,0.3566948179256093,7992.5298412031225,0.057284235069330336,56.77302429710268
1203.9946036093875,0.36758065670425,7638.061656791911,0.09766207066593212,102.58492790729812
3268.409380023332,1.205063579079321,2121.0847749991594,0.2518480674869804,229.35883709670554
1557.6886911854526,0.32952962767557614,6312.149925286591,0.07927144142325397,104.55409521334332
1054.610303213469,0.2864014057412052,7900.124011584849,0.06612434359025472,85.42135718748152
1971.8453013254848,0.35465641414349125,8532.428175036126,0.0716521598954395,140.74120206747529
1512.6152441032,0.21918297158334366,5165.863785175945,0.054470294059960386,144.96834273044539
1290.8768542315825,0.17303885243483974,7837.007909618522,0.09990759440275007,147.97841130685197
1469.406841989258,0.34663513522849854,5852.297644733143,0.08775427317858174,139.89379958828187
1857.857783517489,0.1935393476341911,5701.8136569305025,0.0810726578414114,148.5890851192333
1304.9031243850636,0.1319660437386427,8115.5974404734225,0.07938835976139412,120.61471257393617
1192.6763964867002,0.10022167383410158,6554.350586087365,0.07521571860165863,146.05422799010515
1129.0712469308814,0.3433277605600269,7204.4011656743205,0.0628713713837348,114.17924654568272
1297.8593983902113,0.24485951339209475,6799.994047198865,0.06131952017298669,130.92142068857203
1780.0480870400434,0.40092438826938237,8241.681600762618,0.07747662285946122,63.19099927237103
1471.6263651952618,0.250070559325241,7350.598830332345,0.053510040727897584,118.2599587602558
1227.48160369354,0.2944013792952907,9817.293310189738,0.05372353994342679,143.11033093352597
1166.1849996097492,0.26283398912615397,6761.913795532327,0.07804068015801752,104.00482415327627
1332.729476510379,0.3602299164437385,8701.421701314175,0.09599060241051197,68.68197135303092
1939.9243728857089,0.2424556648059873,6286.462837915223,0.09571359255649273,102.68885607250014
1343.0267125900243,0.48550705997692356,7543.765463130734,0.05054141503303962,120.69409940594883
1988.1240759546354,0.4744587946394121,7762.848759509785,0.05536971078237249,126.9788499097398
1485.230455765356,0.4392111610629126,6645.546405313661,0.07915388468793476,102.37020099319838
1179.1639182901508,0.4681201082290992,7358.902644563146,0.09242378609030821,71.73680242186501
1891.1400917935093,0.2796558753837564,6396.393189492461,0.09772245433284144,142.66887885787474
1460.355373134827,0.31457215871579686,5030.00390836991,0.09302911130228897,127.36174164533571
1709.6713435045244,0.39683703702329776,6078.241508189394,0.08388065676482279,77.0688400617604
1983.7115832091517,0.3784583699754165,8500.320862466004,0.06002625387946179,131.18129173963746
1050.175350319974,0.4562714382421883,8854.815122426884,0.05363107369894812,84.78626495180592
1096.6945597875672,0.3865324109026781,6401.0143356946,0.05237578913428224,81.24313446683807
1720.4567414627563,0.4991538832913842,7040.21499409036,0.08060383923127057,136.30766273471443
1281.825003295472,0.23940231993263641,5186.828300693055,0.05180943020076789,137.32352068171213
3589.284458088762,1.0921602799805794,2311.815901735847,0.3762569624753657,251.20173813195888
1039.3618798197294,0.3790539291330657,8896.096416861496,0.08562353686754845,50.89228050815645
1021.8467119862019,0.37655457808600745,8029.931351325286,0.053980541238833946,68.65656213999918
1774.485603119791,0.23033423793799956,6028.852609771857,0.09533111825183974,140.92963282245586
1134.43342736955,0.41424071696920906,6287.209975612161,0.07609646443126512,139.87493370550578
1467.720615971151,0.4601504089390397,9084.010114947801,0.09522192836688659,95.33447480934475
1605.896815179483,0.1874193846082252,6045.421014724504,0.09508050280941611,80.41167072758786
1428.3518005688463,0.3501987348466816,6670.788629235656,0.05985170319435592,80.27482921051717
1027.106652336233,0.2568539316411101,8321.793458273221,0.06902888139681425,139.7194802628538
1783.5015025879088,0.49581924771795083,7805.561928540394,0.05673131667519082,82.47333109755165
1010.5132245416535,0.29153312633267264,7304.351026169072,0.08874890050681604,101.15802597401095
1761.8898943774839,0.1913280695187771,9498.705454898722,0.07520624577689314,123.10110505928978
1893.3044937881227,0.252743050088733,6098.552313575258,0.0964403787697491,70.94810416094188
1432.8399210571722,0.36153535592665054,8707.099454315,0.06041076074381387,75.38390815858936
1535.5424730977984,0.13043574853983053,5795.319203090917,0.0844183830759613,85.80618930951269
1476.9833926176539,0.34144076808849505,8078.669167410726,0.09946184138863545,115.422338934739
1389.2086186234387,0.4724899036715592,9353.117817056565,0.08326906309104956,131.7490651146328
1887.4245353703602,0.44014511506314025,7289.508927390689,0.05343869664153564,104.67057633309994
1893.9335106699905,0.12706941466319335,8621.472535956644,0.07942121748475953,63.29287366496237
1335.8163646415346,0.4973559514956273,9101.96676499494,0.05899213748406184,94.6245523069721
1615.069754014698,0.3794907694815517,5680.132124388014,0.05152513887096577,62.7690722123194
1926.9075621458642,0.16491232972560949,8529.13447641055,0.06674803486526071,58.82971696666953
1962.0584989413514,0.1049664356677694,9599.20511994338,0.0633052041527033,108.96167698514478
1508.9590404220476,0.16851305451686055,7881.853049277721,0.0894385449407877,145.62121117979228
1452.8248052843269,0.43527036827429544,5930.61122264378,0.06868402705390503,133.76118333340594
1278.6943159285258,0.1086557299780655,5634.712657944715,0.08664793901925982,127.4471262542493
1958.87187319041,0.19325892144723464,6298.676652333739,0.05081194959746657,122.70559658653337
1142.8143044728674,0.40292223813395023,5517.566345083413,0.050740606671669554,139.71278571356976
1579.829576047725,0.3344442143592541,7566.970357925237,0.051465672877377855,125.28350841427776
1282.550267518639,0.4130942841440768,5348.523413533673,0.060967922089129024,112.68773453007714
1279.0082903477967,0.39846020153071515,6117.023123181132,0.06869938925142809,86.46800802737204
1404.9685873761885,0.1202405548487219,7199.552219561072,0.08039229015584273,60.09438898597928
1998.7929358156546,0.4570045676376606,7369.5737520101075,0.09929569429134864,96.10333638440105
3583.5722187735428,0.8408701045690131,2393.770246587884,0.21585943388655288,222.2243594864151
1578.5418182035314,0.3213569760919055,8528.074813753632,0.052782945337858315,108.31002653751526
1082.5721580352772,0.35771526261111153,5236.143198327338,0.05974500808329244,68.45041798951335
1154.520829990519,0.16745128435403817,5403.104760878916,0.09489259169074311,114.90233084808439
1439.5629417728987,0.4904925026803898,5304.295759023904,0.08496895950738545,96.54622340805045
3628.879942891369,1.2345120465788142,2461.7007967886348,0.27019191142287996,302.7283315612906
1258.792408364524,0.12305707823895738,5209.239724414671,0.05620841028363963,66.09399100620026
1316.4571308744162,0.47490481791113615,8730.40633415663,0.0567493494353754,121.20117485067625
1086.967020255933,0.33450713727730724,6115.000905192389,0.0556123003772448,118.16024648068016
1303.2197838442505,0.37967727919255057,9696.062466449794,0.09285845821547625,148.35415785215048
1966.558439380544,0.3100703159736896,7432.018775485557,0.06049838043468023,106.49121266184386
4438.07356834251,1.3862275119819052,2204.2539859521708,0.36991818993016823,276.6991873897132
1334.878290136985,0.11325338487728437,8902.693463197502,0.07580831830916296,52.47139375314307
1570.8539362787615,0.20735134611085912,8565.769919464956,0.07721949559369269,62.28919682241326
3264.800175152224,1.328366044442828,2783.5026146135374,0.3448009217856356,382.4707541720816
4718.028961081188,0.8889030321071925,2690.050696523591,0.3446001908264278,208.2321783314062
1810.6835703375918,0.3823626677306633,7111.296304935385,0.05215502672291656,94.90793449674086
1948.369552788919,0.2574653656222563,9042.658378861433,0.09967361381288144,70.26962473465889
1091.325734333557,0.20906719610725763,6900.464728729093,0.05133794532463645,108.92037398914346
1161.447686032921,0.10135153872336491,9191.728371480523,0.05250782703579311,106.66990593413628
1960.7463027713554,0.3879321246999815,6297.373144829843,0.06623237099458407,102.44474785208486
1537.5401436403463,0.4335237235491447,6446.335364180162,0.09158126778847692,59.05561121106982
1014.1966344717237,0.25801621427259935,8389.34767008727,0.06285946058883715,142.70254927562308
1257.6319987635293,0.3256871908133462,6063.566474758982,0.07359675068956642,109.22553037014364
1449.9436742688597,0.19107465037183938,6145.770935127144,0.05089886655880965,76.39917471986573
1692.9089110247678,0.34887905851205325,6526.312145087074,0.05394396582418221,118.74181903945207
1733.1603781367994,0.10485498332608022,8394.64384830188,0.08039830242703536,81.79079908688874
1995.4215129254562,0.2954575588395034,9446.94046211616,0.05971792347247143,100.58560267744258
1287.511199383759,0.3576821927362769,8372.838255634933,0.08471272815097627,84.1131771058983
1538.2201018684752,0.4672767092918936,9139.071221720627,0.08926955875085886,138.0394026537693
1533.323547859605,0.25253432684891375,7717.802948472348,0.09251670997361416,149.39805845349304
1405.6452594472375,0.4060760811924119,5344.616106725726,0.05668996689996614,66.11820653278987
1169.16189384242,0.3390748119774003,5502.331057542503,0.07277542745159625,52.35789505565969
1977.4565631838427,0.4708048451700323,7771.959891834577,0.09735407249519229,71.93225069820424
1853.3171866665862,0.25935107026377224,6639.004843210548,0.0886041771222154,108.99519830976135
1498.3330282942372,0.22763813594919521,6102.840368184713,0.05584801909230742,67.39511395775331
1603.2454226840298,0.45485679947765756,7331.2846365131045,0.07512501225091972,131.14844246061534
1227.2610535596623,0.11969776056331566,8332.483704521508,0.09611902909194195,90.86705767944424
1543.787070391747,0.15455415717347074,6924.959738679292,0.0720019402761593,111.05327407141296
1694.9701331214758,0.1329617738336178,9012.711285786709,0.09187088044204844,95.56178416228589
1515.1670283865888,0.4372439826305611,8692.616232856968,0.07479218605942786,140.33279216189536
4402.645501812551,1.3467656497951372,2372.149758914469,0.3857210881473806,278.1497882620698
1611.3416562477262,0.44466286219881923,9925.948448386942,0.05739274630297537,122.93018956565996
1370.973712592169,0.2805071181485067,6476.149886858174,0.05233378764040899,115.21721333408667
1772.152027615838,0.1016101115415883,8223.627931704475,0.05976573702877823,114.951503098576
1170.462511581642,0.26065807088481674,9277.391700801567,0.09468070499352171,91.39893930382051
1384.5158137062665,0.17472033641801424,7897.622169569555,0.08250990229716285,51.56752284758975
1346.9589503775858,0.34976019498886524,8947.510880576963,0.08694284674414555,118.92407219679578
4060.308460057178,1.3730597307512116,2383.0575924871264,0.2134177656160614,384.32139866615626
1781.7798259287263,0.295011028162,7952.456728274023,0.0693269646069174,58.52303109873481
1484.1730321634075,0.116207810175868,5278.331964021641,0.06084305663980008,94.16175042439687
1794.0144502659628,0.3624515217468808,9928.838029124066,0.09628072920049155,66.25948539470542
1576.488903139866,0.4368155134422085,9000.092407242086,0.07574148907790108,111.09377864296083
1342.0694346575553,0.3881297109305606,9344.045358157247,0.07405499406039698,128.56048763590366
3561.3301444347344,1.0868490756216531,2129.4313055464772,0.20399089515792612,348.1473891645703
1238.2896705530916,0.180203809420355,5930.2501640434975,0.06919649941942384,81.80600704858855
1224.3829797997955,0.4555551758625931,5155.142212090162,0.09270626574461197,63.97327028323838
1504.5029240548358,0.22887738025918514,9323.283038680067,0.09311720301584281,129.42681460504622
1260.8492459620888,0.10536192570079642,6981.653268680615,0.06163351051788978,82.39168584926921
1009.0870349512163,0.4373566585316283,6319.3243801996,0.05474198461750811,52.21398317444261
1648.2975272988015,0.4767285075858907,7808.364794194722,0.09878100578579321,107.14212143492507
1511.093821472398,0.3622232789669395,7104.492612378597,0.07129484320677835,74.66773102333784
1445.5178144931613,0.19257465218536987,8258.329978437785,0.050111016100509775,134.1205998358177
1966.9685146183153,0.20069778571301217,7418.966165272568,0.07495089169144793,64.32552043907785
3860.4956534627468,0.84112159538048,2253.1568534553003,0.28016366982684243,397.76337624151313
1863.4315777893844,0.45913243184056785,9267.116347545714,0.08880441237240172,75.31302036110118
1139.45023620516,0.15983906245902335,5977.785054778945,0.09714710591118193,118.96016192210813
1569.2064631294277,0.4303894678333948,6647.164402827434,0.09575853144727316,104.85309093574216
1867.979626730903,0.21652112348206015,7184.077932853194,0.09700679100274343,129.0987719248596
1583.105757279898,0.4234344677716392,9810.292240138191,0.051606257412973644,95.86125752236521
1718.0141781270015,0.4681084790406155,6826.668067737426,0.08558870669152338,50.48084315443956
1372.0435678122074,0.2709975487977281,6905.499247963147,0.06129289814028433,71.51964805394957
1092.4495170370667,0.24602026164221236,8267.362614797807,0.059377634360282705,149.91571081942737
4023.234140242728,1.4816864704162809,2023.1040876233883,0.3488776530426029,280.70088007519996
1394.4793908388574,0.3117931529517576,9756.118728198027,0.070856484458644,112.02351078862256
1867.0601823789473,0.3737796193852788,9472.34380237722,0.0958300037891168,140.49316080587573
1243.9953023524722,0.3491316947844718,7567.043888878365,0.052121754539785334,52.05241821450885
1966.734227535108,0.16115553825791853,8223.87616973925,0.09010904147435816,115.96073963973953
1958.138119804496,0.4379161441158247,5290.152809418103,0.05684172056412978,78.83769739784367
1247.6316430714387,0.17831004456525448,8478.65264016199,0.05882886007824922,77.92482553524314
1348.0519554773205,0.47291285762831237,8536.00436474516,0.07386758577622496,72.4851403248307
1895.555740873885,0.20022851656885915,6795.9964782160405,0.06977949704363998,132.27292162911598
1966.6222208961076,0.39355238930949676,6098.414418126364,0.07430861530643355,87.29477324464945
4086.716274993444,1.078038765802903,2029.2815451227395,0.33058423381327773,384.2584464971408
1320.9970456408978,0.22711416343474555,7133.524504025639,0.08286944677817866,59.68511578831631
1526.094013251542,0.22400074111292212,8268.530524008553,0.06451546909210004,64.86143626868021
1687.7692063657348,0.3991569016104334,5166.64397488128,0.05864543561589225,139.8927587250925
1273.4745153749798,0.3227260471877572,7070.335832884181,0.07100231375654668,92.74434265073424
1736.4731746190728,0.45318098233899884,9086.2940550694,0.07258205136338688,141.60493395995206
1051.657357114641,0.22294908768161795,6937.880002003575,0.08006472049497582,131.74794727621244
1049.2944927644164,0.37679700882269773,8015.805800684384,0.0633001351769884,133.7882621257848
1386.2877051455453,0.4011794398652443,6049.279002422697,0.08837546235484084,78.68318111318327
1353.4731920607205,0.16059284521198328,7082.628244197798,0.054923012273969084,77.13144127095357
1315.6332153671524,0.2602357429279245,9638.188590265934,0.07802266818003273,106.00683798378279
1491.01976266891,0.2931269977401645,7832.258748505186,0.08117658266220557,91.79249619899508
1320.7335823115714,0.24227495595774973,9509.657295464658,0.060341579053257266,100.90606883003467
1192.257918468092,0.22884503838765524,9510.096497447717,0.09130056752498106,55.32042018576995
1309.4695490886008,0.3745679575990568,9720.739002122398,0.08077160626038388,147.15901912625282
1974.904272810235,0.18634655906379544,9476.958300400525,0.08228611073239864,55.81688078401231
1411.1134169948486,0.38375629810045153,5016.405645051504,0.07488717528817193,67.88312976618873
1444.7127768583357,0.4740176785562923,9670.074457907984,0.09547971085881693,117.8200524835258
1576.54498995114,0.3260790084711005,5687.297195426881,0.08469637907438123,65.55015517285831
1983.3407684142267,0.34457369469578963,5199.631255555752,0.06909177824478813,60.6869927707789
1241.601276435763,0.12757308084963564,5276.9426728902645,0.06193029438920431,65.36203813709221
1681.2821105324338,0.44579076144713137,6744.580975882168,0.053553083741174366,56.19202432164091
4522.151988290499,1.092206968301142,2638.6032401202156,0.37700079856661695,304.287290541749
1607.324416793066,0.34602046621142596,7011.555982594988,0.09963414760418299,77.11192710148146
1088.5783396366442,0.49164486789792095,5127.771423246897,0.07033834479958201,99.86220875483218
1676.8722758275765,0.3382010402291231,7382.413170873573,0.09493436136387035,93.87225172047751
1064.0947110361756,0.3898837949857511,7210.653711351901,0.05852846784426322,97.3713415148845
1596.142649549897,0.2781278472895008,8784.246327508234,0.07126804356704249,111.60395042089027
1739.5811772217426,0.12414633740602295,6398.064492127191,0.09802592335167244,73.09614312495438
1210.9698906199503,0.41903973979591547,6087.655868971836,0.054556612570965,63.470413109189515
1841.622007542774,0.11399953650559427,6279.694788383131,0.07969921419062515,137.88782786455437
1030.3538055330043,0.3802631315551417,6518.69911314924,0.0959585950348151,113.39413395689513
1843.812863658306,0.10916862925985478,7995.824366835833,0.09748416864771253,56.06632939347996
1460.3290506427652,0.44492209463066823,7357.627427260399,0.09230037385558879,146.10516499008202
1217.5879399316445,0.16305441433319223,6684.472825895289,0.09279672161800748,119.3068502268409
1133.778144993968,0.30570859817702045,6871.570791418392,0.08260914770587327,65.17046420870116
1953.3071675823726,0.33886028179325894,6854.61830079488,0.06102115540474963,146.91344316764008
1072.6655875811566,0.2830181629493649,9862.033473551586,0.086533927224246,86.54073432496331
1199.0934199359256,0.2363053957395549,6164.984940264763,0.09891922322293617,148.451007986477
1347.822347433046,0.28712571847238866,9090.307801361294,0.07629667573364055,60.32756293932885
1620.2348489611204,0.2245663015524635,8541.054187940936,0.06303486795384507,65.99692170354957
1544.8010852760985,0.27524893883234525,5027.850028017753,0.0786735533882499,115.74195508748441
1125.643492412314,0.24356519639921226,9965.88109062744,0.08453051781203083,52.21434651660732
1289.7279837382146,0.32648192940285814,8782.196853167869,0.06041401547122066,51.868964121823566
1238.751771086024,0.1951696648979934,8412.247931753956,0.08595946738047114,129.19828322249003
1213.5428544903414,0.495462621965605,7026.623538383186,0.0793716429442196,66.77803317398204
1411.144336479987,0.3003479813528662,7776.015444571448,0.08061749545740261,141.87899925876073
3023.9789571254632,1.4757203027771593,2834.4720702158243,0.3215394003497941,258.7164660471782
1217.452932217236,0.290826699826909,5177.417025728488,0.05776334050556006,137.36523542992757
1366.6788797029815,0.4465660518099297,9180.108292229865,0.08117249476528285,91.77635840865284
1390.9174268411623,0.10872271724975824,9482.422468405857,0.0793116494576286,103.023000497214
1976.4565294354102,0.3718216476429156,5812.353183071199,0.06690060938569026,81.65141616764127
1954.6663568790689,0.3191871187175712,8935.280479228666,0.06479468337729437,115.80764177559352
1800.137582752076,0.1678231977480542,8705.763366428293,0.06736222308311421,81.82011659430661
1241.6589208191851,0.4269905757219683,5891.875009680452,0.07449416692494101,72.31700978500493
1068.0373140916697,0.24755384894960228,7109.144012873969,0.09874098675555806,58.10473119627008
1316.9041377206247,0.21752081152620298,7113.789604170517,0.08817823110131032,55.76693478278467
1266.794549433831,0.4312500767427604,8799.821291526243,0.09258698695827443,80.5974353202289
1505.9258001463938,0.35541001847666587,9188.304528880277,0.07528247844517656,123.64733452492554
1777.7279100677931,0.45930363346992975,5473.875606956855,0.07630618058893886,70.56200663436164
1858.3229388788582,0.3519534814684798,7814.846174521015,0.06021623307185139,79.92274501394965
1844.8640854105086,0.39632706317284616,8808.742484644426,0.08605229181505392,140.51714185221238
1359.6755612230677,0.4345783585038452,8930.952970325792,0.07107920028953181,113.91574958113206
1687.2343434606828,0.12189585436397476,5739.967622152045,0.08712234294088556,141.97223894219763
1312.8341975242201,0.4104195835477521,7627.525715753971,0.07045276906563128,141.1226034003634
1060.9055432351827,0.34548259273983073,9287.793531813515,0.05542585936069541,56.341068248568995
1701.5652656029424,0.1278031186060773,6592.592882926421,0.05865268438929418,145.50093249283648
1009.8275525697878,0.30343116874748605,7125.584494558985,0.09057850390373418,55.117795906125565
1409.1825874584886,0.13298323119358157,9021.792556681663,0.06293082447794664,142.56189177484868
1329.3792693020757,0.39437888068928895,5446.5976059188115,0.06321772112835347,104.6733436656716
1693.3775385188524,0.3186006855591532,9297.466449444892,0.09646840450011657,103.31895828773915
1766.245472760379,0.481429414964919,6555.783583654045,0.08288178114334248,121.3264062619819
1304.0946359712839,0.17325414862870794,5007.251582955636,0.05571537769421782,137.92112707617298
1811.6270144448536,0.3424133810081514,6170.795725281791,0.05717926350659672,111.7004555661257
1293.9167605049338,0.18463285382819655,5447.503204477533,0.06361837163601397,92.53998537813214
1446.3263599865613,0.3456259938909594,5461.924534981221,0.07969978439133164,61.18893429847735
1727.018527014134,0.38905988094434263,8464.178670712958,0.08764127349528364,128.92093058948785
1692.9202292247887,0.38892173173181543,6069.881678195325,0.06372482217265986,62.829349247080515
1987.3684723122,0.42602959627304393,9673.711814884911,0.09353210187074823,122.63658611992429
1225.1610242159318,0.4414200911833267,7582.222732956519,0.05545900894420743,102.7924945782026
1662.3179135395824,0.13090869050687082,7300.491289774593,0.060379958402158984,88.58359247580685
1609.6819082757775,0.23730686282896163,7171.417591100759,0.09852324605714388,111.29863862533676
1915.0984544900298,0.3748490081439223,8462.938198358159,0.05673724318268289,127.2356086074543
1156.362141644875,0.2994345149564849,7261.313812618042,0.09440556538619055,144.11396184506208
1751.798163586933,0.1762703787019166,5643.0017811259595,0.08519675377020478,76.46968828377999
1568.2686162687683,0.32108382806667923,9400.860903203782,0.053654354532085335,144.71301602116984
4503.527274708539,0.8245941208961136,2054.17095587591,0.37023552686083433,339.5488798017351
1474.4349141471741,0.25601531106172204,5370.0228784975125,0.07594896765724032,131.36305144796802
1333.7765970697978,0.42390148697426555,7646.829937488806,0.09660698157079188,138.14371749423492
1579.3134027884607,0.2630393335328725,8236.734292278517,0.07105522965385844,119.24275137171718
1889.0006108146658,0.11058180219216968,6377.912320788793,0.0723381807732138,53.90972199312847
1569.304984412202,0.12322533555643651,9001.70203836921,0.05562418773931892,107.5078544705392
1631.722418326584,0.4424976166766481,8348.87923018682,0.08195862817188312,124.7204562960772
1518.7478471147094,0.4842403240050085,8251.705846322167,0.060544848794454834,144.17031347063352
3055.7825737968124,1.3352758994275522,2970.6681574749873,0.36734836532810905,252.53661273830733
1232.8585568760943,0.2457473176400321,9809.576507056438,0.09984595000353971,129.42006782573833
1492.0017294320828,0.475440126317891,6370.945839746239,0.06348148139814026,120.50387175444939
1310.2352837447047,0.3651212345502943,7888.527505077263,0.0570526582564402,78.08028885475818
1181.7635977611942,0.4377334196797351,6545.275787363088,0.08497451872985881,65.47280751513586
1504.1328419184383,0.40634092161480373,8724.02376485777,0.0910841077960951,125.09053286779005
1322.8097934478503,0.251655726309037,5238.957419350607,0.05320387465631734,73.37683611795075
1258.1076431734148,0.2914808803403142,5229.469339375246,0.05526966537348935,74.46915546301409
1463.9854174403808,0.17445286174723978,9054.304847593958,0.054508691179102294,114.39462387006476
3037.420934328408,1.18811277450797,2261.7814149658925,0.20192568476625117,209.91168394105216
1927.7457330754073,0.41125026451460867,6705.900273001778,0.08297282393171419,108.23320928612362
1867.702097919239,0.45759135675324336,8037.634310876692,0.07941565948696822,138.49831538790713
1707.6205857405353,0.3897841693005647,8509.496719344868,0.08314033282799665,71.14432692506745
1106.2138275884563,0.2860694786626553,6006.006734222033,0.07528335816370905,75.24144295407396
1775.877254469693,0.134603707575899,5927.156207023658,0.09087538427027908,113.69555041574445
1807.957328109019,0.12277917947937929,9790.753738799409,0.07733341512492878,132.93681846182972
1767.7646177143376,0.24973022584514154,7948.321531922847,0.09593734673998125,103.93518016782335
1113.9658871192412,0.2855286875070653,6950.58238647134,0.07428242662519967,51.03815733025462
3760.1196261355626,1.18602007353097,2534.087476942104,0.24322273809049433,207.1266738893407
1834.3247957493986,0.10259580855479888,7625.794793889586,0.07036801768418172,131.3582433017935
1577.3534012196678,0.4958891561865225,6208.314051872907,0.07176119473882214,77.6543627895974
1646.407375228089,0.24557555336161718,6033.676528207869,0.09244960226189584,55.41982288822675
1458.3634794263062,0.43923786552044863,6984.296330849109,0.055382991767883166,101.79519781075481
1528.7073198840526,0.3139866822661618,9299.479301299398,0.07824588774916041,54.21552203509534
1034.3768583517253,0.1521757818133386,5307.239580221295,0.08631682338893928,91.60167439152443
1638.9630219732846,0.4190262210138088,6092.630003773816,0.08752103077085269,51.781784447029544
1081.447212891159,0.38393082996795047,9465.759094262958,0.07957467635849877,72.49667229079365
1435.0145943402233,0.3109744339716912,5608.672844846253,0.0724032242079757,88.88224518869099
1292.6550976674077,0.305821236533512,8148.128591320841,0.06303912219333789,61.170588974525785
1545.427950211713,0.13499184230037123,6067.556840605126,0.09547131176770612,61.415590398868325
1133.4163355232072,0.36233957942954964,8029.334237559442,0.06848939737606627,132.7061740325626
1691.6434019733183,0.46449806230171997,6915.520834221161,0.0899496044266673,54.14238667573995
1795.0115369284704,0.13729796768854335,5508.384482154959,0.051583280648131814,118.89662486736458
1163.3544497431565,0.205404580259562,7912.3753377705325,0.06160846073433046,131.44820493493515
1104.3130873518821,0.4609231893768395,8415.21373542293,0.06727923964420614,63.072235413563895
1145.5154827873591,0.21373756392791732,8401.363094829014,0.08357870316551022,69.53707345134727
1877.1275618985019,0.3615774688719705,8185.172045363548,0.06596654035809456,114.14933015950294
1528.1892617563562,0.3139272659772577,7501.123904677729,0.052068190040965356,81.56466127432189
1467.2609960075026,0.3385310420015448,7597.363084296629,0.05869337580270081,97.64230712349003
1106.7118191023542,0.2663155606309012,8178.200549039798,0.0629582676184663,133.6002708279732
1649.5560067569618,0.21999658822148446,8451.296808733205,0.05880237399679095,63.798317138428985
1867.99959189509,0.1194133802918676,8274.383694156924,0.06018622800705667,111.96525219047061
1828.185869323453,0.3977123757176657,7934.727824567259,0.08844784703366773,144.23977222808003
1626.0547089808013,0.39843738487769076,5779.194924020592,0.07060168219752301,55.746662968717054
1075.2787166516737,0.36829029603148933,6053.082692464309,0.07025896223339627,56.000676498476125
1112.397027176013,0.3574535152478483,6301.120105176742,0.09833031683297432,105.4742372617637
1049.3089871098248,0.1974868528670105,9598.308285437512,0.07233509189721002,146.00757960943292
1257.4792164924693,0.10893797350651649,8796.975458984833,0.09638290662661975,72.04736423667887
1135.6614671603777,0.42348615875417595,7764.334097684391,0.06495315491083402,83.07919697162005
1260.048040252434,0.2964554142783308,6260.284642720234,0.07003131299520866,59.864797454787364
1385.0580557189617,0.22273525228104735,5554.457616220856,0.06981416780337311,86.22472304368497
1942.9827840711357,0.14077276271222805,9493.796129899874,0.07730394161573223,54.43324800200799
1610.3760597816922,0.12508863636055537,9463.330079114585,0.07921236454269762,88.90939977447431
1834.9737856829624,0.23954668871807094,5553.477978478458,0.06240625145211345,105.5487774942031
1710.3515007123324,0.4218948259067762,8986.083330482481,0.08967921252085594,147.50048266842612
1112.5031305266318,0.46748949973353227,7233.225346549563,0.07482629773383963,131.838797964195
1735.920406373949,0.4587005458452259,6619.8346641527005,0.05035217767594038,132.20654107753492
1275.0988815591245,0.46800033389986195,8695.522681043536,0.07956703166583401,72.81443245721971
1639.1078469947065,0.4630901372517371,8071.647705303652,0.08990297207645682,58.72347021688451
1340.9619736429886,0.3108899006401583,8900.150537966687,0.0625233368907729,110.30747041042436
1997.6722632646593,0.18776625542276154,5371.644303164685,0.0518935504680963,102.11381950557674
1263.5514794967778,0.4192186331347282,6592.9350997872825,0.09035893278253614,101.65038765776313
1279.1304707742697,0.1854851899410316,6596.584252083679,0.09881383579858136,60.90079862007099
1930.6722555623983,0.20688291070262765,6648.7654614388275,0.05382818073324512,99.38848942633258
1024.6444046363226,0.1933017287290194,7512.399363219027,0.09690184036628606,65.03557405995684
1696.6889878731968,0.30599296147832233,6415.069015404737,0.06796372059880311,92.21145937118382
1725.3263907358782,0.22873100326763196,7221.918050437598,0.09707198042940438,56.216263264481604
1836.3785774103994,0.1616624198501366,6838.887965577079,0.08244196620012234,135.6892599408569
1974.4393106384755,0.28126936475755293,8676.480240102555,0.09451221562242067,51.318008630591784
1975.6019191566525,0.4495628955140668,8017.503978375251,0.08929165125257067,143.93231394453298
1065.2767575664639,0.32822114197998886,8268.147161586578,0.051399887141031345,136.2891822728939
1821.8393227529025,0.45133424235503483,6052.919470413222,0.0532721251162527,125.26080725693029
1646.3099336573814,0.17834887403165497,6627.510826634447,0.07628723025592721,148.25505822857247
1647.342134373091,0.1667895494690216,5105.827238060371,0.056480950992245635,55.381999712758315
1128.3499266146948,0.3302308502793681,5541.87353646585,0.07305171195785758,114.15971060523466
1650.1871664456535,0.28533156061850923,6325.2711599444365,0.09773151492822338,134.93020904717162
1982.4825806012477,0.36406905665878275,5327.318606510105,0.06473786437772422,62.66170965307694
1911.8185695394468,0.4178507164107127,8013.162001773512,0.07444563569078705,108.47749786665273
1439.1306608048505,0.4005229182608706,9990.650579619127,0.06921298150340348,89.39219086946719
4723.113314117827,1.3143959223800845,2600.836744649504,0.2946679919337538,214.3363016680657
3496.0926070053147,1.1456331124949537,2364.5439239443363,0.2667274888971813,318.3494862946973
1826.3903116005552,0.1825546968992723,5594.0812363257355,0.06299696450671417,103.86514502747323
1701.499101465166,0.3203650559791543,8349.57009398218,0.09293839256820051,59.32620448463241
1459.3436555939563,0.14429724807647426,8215.788015295086,0.09056681119301692,143.72161738444288
1055.1015351588312,0.2155404493326526,9513.584674055997,0.08945948444353202,68.52111705628954
1426.8947278233027,0.1831552221052578,5569.728068402562,0.0885459804658948,139.2636816472064
1469.0249397178836,0.25862548671883234,6577.222330409489,0.07297187467307896,147.092072108536
1928.555532894136,0.14448663000088616,5453.898801773428,0.08644453862661042,137.78374631606954
1641.0861035821595,0.11273669781923915,7036.916629022169,0.0693602408936059,117.71337778089205
1311.6529166546488,0.36271760185201274,9557.965867787225,0.05503547900947401,124.35518198230902
1525.3182644507215,0.34409959131592194,8907.61575530928,0.06966873208244462,119.98672437647552
1066.05530782216,0.3833435744154645,8614.500502226596,0.05793315221139655,96.05243878550627
1972.5682356497368,0.36415457610853763,7665.13752431351,0.06954258403162548,77.44197187451871
1360.059901930726,0.14571787245695342,9417.428711677614,0.06487126076814434,78.50027299510297
1477.8673549131358,0.21643155255025853,7247.208991206642,0.07995803335339625,123.11678612861375
1355.2839742369226,0.15181064396014096,5748.428335503191,0.06807702077492117,112.60364483205501
1682.5117301162002,0.43718896081942527,9187.926115603896,0.08527948316895892,108.48840339691468
1662.232158329593,0.3987614621422093,6398.191640258634,0.07560733405238247,115.26088379243976
3063.045614478979,1.45793875073717,2061.240446132977,0.30465142819572666,316.849419737603
1268.1432296119208,0.23652369619595737,5630.190153343957,0.05455127176751935,124.83409146455335
1315.668481164066,0.48664599690568566,8045.294580970742,0.08438545943206661,60.539640579240185
1125.251231096208,0.3376637431518606,8035.409819605862,0.08361984387850199,86.30350497067144
1655.5099718461126,0.42046223892046297,6300.915855410172,0.09753132737063504,76.39671367840856
1039.7971273356525,0.20583641390749166,8635.900739729896,0.06857759335218264,103.82386622241452
3733.8386449671434,1.115532961165894,2411.784414539792,0.36340449660890284,359.4888520392754
1869.6958848516338,0.4135667715386194,9602.513130668092,0.05861967221068283,126.2464047492507
1890.8321482896336,0.37434898209257605,7924.687493391185,0.06326442576776468,60.65273337627238
1449.0377603699617,0.3723911716847055,8897.116820737865,0.07509453863775693,77.1402025910618
1459.3036882130737,0.32105383273167754,8765.498398858168,0.09188564809799886,128.27415052210478
1076.9691830080174,0.32543133711061956,6289.045242335964,0.06421433017403207,55.155998291870844
1670.7650254430357,0.39427900212250155,6551.129639688297,0.05788710583286953,116.02010685559915
1821.2594203728454,0.20800099244847814,7392.411978764358,0.06360642355370844,142.44782717943863
3344.0829953880857,1.196002231314087,2018.1822781122844,0.2956473100486096,213.54702436394243
1421.3008816333647,0.448654708208022,6486.988865788618,0.09633477081539982,121.26574874014109
3997.484340337156,1.0984211588927868,2625.494737826842,0.3105372535374877,306.26691579457935
1877.1204676622879,0.3185238285517196,5540.346476405719,0.06542458584925762,72.22463221861514
1243.1799802642258,0.3810557856026736,5631.379438875627,0.06234939079659335,108.09639180125632
1550.5706345413641,0.4999699307332707,7316.183678686706,0.09526986570324579,80.90567160301892
1192.493150635827,0.2741165325981328,8654.825157929656,0.050088597566047804,74.94953792253052
1101.8787641395566,0.27123715064997755,9168.744654603415,0.08002887639956734,69.24564150855545
1911.1205013919575,0.437035351773467,7731.569487523742,0.09580018804728353,108.54306153027107
1820.507504232109,0.42220124450394536,7373.744937733656,0.07542787444531765,129.45319265538052
1760.0349018031739,0.39243035269381943,6921.402842298776,0.050148347979981696,137.58890641884454
1048.7663188131405,0.28529185496361154,5964.744962188031,0.06094357146925779,92.85859461418593
1843.7287927102575,0.22957564806428632,5732.810014071823,0.09612207969459671,87.28990001979389
1438.0440759053838,0.34349219303393946,8959.48225830904,0.05085112120899146,118.7306902100591
1342.3951232958598,0.4504893172526564,7325.033161061681,0.06973898830316008,128.03592418523505
1546.4763610253765,0.45351098328343464,8951.601227398773,0.08948723631664891,75.33193366723967
1091.353242723556,0.1433993380281754,8520.415179503148,0.09190454968425017,79.72908842110367
1756.6465493523988,0.2713401135252603,5969.479571916894,0.0738803966314335,103.33933191509503
1582.435076888296,0.2858887824794998,7551.536321056128,0.06162418758664263,94.43856878399437
1186.5900968731676,0.49104614700950133,7220.083152113403,0.07998523588430795,120.57877330597222
1188.2321997690456,0.37119920609703383,7119.367530453484,0.06318890157786508,100.44849909877459
1184.2486515726741,0.26289856690482827,7712.855246019069,0.06276321289979582,61.15991057225827
1057.002387551934,0.11042315439423721,9910.409505377189,0.09037998816985066,66.59531947881045
1587.798449371685,0.3261540640396784,9064.502988353726,0.05771329176483066,140.19088438206396
1840.348177588508,0.13843039025534246,9518.562158151959,0.05027607392009954,72.7398364829929
1017.4982139873886,0.43377998293910525,5148.197915880188,0.06683876085029246,55.00860914179002
1049.0046449712736,0.4010074642281448,5701.68183396253,0.07454869774975151,123.14545582872253
1572.7702766869456,0.2842036639632715,5423.8183011228175,0.0852540195947662,118.40111438446408
1819.4956853860522,0.2716843118166799,6316.155025326383,0.08905576288021444,110.00760186548199
1326.7388905686335,0.4589355862275075,7209.462459833252,0.0831759605566815,100.22561544647606
1349.6143988077222,0.21538334016725136,8210.266238279448,0.08132544401584633,146.95803540468194
1596.346497496776,0.19960798484270834,7504.156331433011,0.08328743611597175,61.98322959184534
1274.212889124147,0.4756789731303048,9515.919574565698,0.06357632587905496,101.016278257815
1026.6083660776842,0.42369833470139306,9699.27979446932,0.0691180661482284,106.40449434700437
1735.228518101596,0.42825023722687783,5817.604755987295,0.08082182504997823,52.249291838083934
1625.649912941453,0.17807752571037022,9264.564601323926,0.053278533017698644,91.19924248043385
1580.7559990556592,0.1573183965723738,7408.611020066505,0.06476626750339279,128.28021253886413
1741.6841289918232,0.11041181992685396,7266.647356586922,0.07032094723788265,97.10987552429324
1675.2308375620376,0.19481660356747202,8924.69674242284,0.0766720341426968,137.5278449790917
1205.881988178321,0.40967619668572997,5465.702545224383,0.07432410536804807,114.47989318894592
1352.4810469433512,0.19601536750565993,9412.465637095733,0.0859065939076997,126.60853640498742
1126.110141678625,0.3916413134379505,8354.316772738073,0.07367133377082306,130.44801351923599
4825.729411787437,1.454699286634869,2628.325114803285,0.26055583404768834,374.7172121391481
1676.195746356539,0.25811699918026865,9972.387888538113,0.06901591710762087,124.93806600263511
1858.6001069824983,0.49326491596456334,7590.022261786267,0.07626858530880783,119.53105398212477
1962.7325838611391,0.19792469251365424,5466.310989544645,0.05016051948010134,105.04637484536232
1628.3471175494444,0.2505482509193071,5832.619314654433,0.06552389782230947,106.65329655954329
1184.101323360957,0.22043487218608548,6618.091212771549,0.09332864886569962,68.98847826368012
1105.6503454489307,0.14384999453200092,5517.764710673548,0.06667881972981458,132.7439233379057
1812.8509715367577,0.29595765685233,9076.709130688849,0.06265931666662311,81.21373137718987
1578.7564763599994,0.2514762653332009,6484.339255163843,0.07717684812211109,103.57368824653312
1618.2850210137199,0.3779548343229121,9879.430940099326,0.053936504922103626,74.9545557942516
3431.247512658425,1.097944806197121,2704.653555629882,0.3472609384078725,333.873625212418
1703.2772277324516,0.3176998857982554,5867.151851277788,0.06518328991210942,147.51689521839356
1834.4582528560968,0.11287856883493474,7380.213234719701,0.06915514449371939,130.19402346474072
1056.2139054598786,0.34756894249388864,7334.421108166605,0.08956825021685724,111.90954818875669
1747.5206367465048,0.12215629200837569,7462.558291668169,0.08309820093070591,106.75065337421009
1850.8527573220954,0.34654252943960995,7678.455853214678,0.07230530465619214,98.9771257352929
1286.1350424583143,0.3740119797076754,5155.865411588655,0.07887581565424698,70.49714317636003
1640.447273993253,0.1791070510470074,8431.505628718118,0.08834293776601146,84.80100518442455
3648.50278112758,0.8735085893932567,2493.6931743270256,0.3315337667819168,215.38432037192453
1957.971066482454,0.46443405262961945,8954.826994343495,0.05926608552755892,144.45690748410104
1033.4235724355037,0.42523478564552786,9076.747866302154,0.06504596109996025,92.55828540360125
1579.792843832955,0.22204367608483289,6152.675609958587,0.06741184654830126,108.6190354795926
1166.503547049515,0.3346572049782538,5242.114732133889,0.059377114500250225,142.24245406117586
1712.2202051771587,0.46592605967649114,8516.169280561613,0.05060807270031521,101.8426407811343
1175.890283418662,0.22826589048913998,9888.813942319372,0.05869836343944061,75.14497798640343
1235.3832618983577,0.42801112890617,7233.289932904505,0.09041221635407437,88.10061065980776
4721.675126876971,1.3984525521609883,2779.0186701950397,0.3845097788041992,250.97585422764226
3566.601754686943,1.4279964750833498,2444.7122779131223,0.20764867807338117,346.41545394560137
1211.7143721479708,0.403884664135587,6437.227986952925,0.08041722228147324,79.61207304600259
1144.2400211181034,0.4045790328508485,6639.597756857249,0.0869917062673396,123.02885777603943
1758.9768318540305,0.4155908751409175,7119.373717172322,0.06772138915104314,138.92427118867255
1500.619532333931,0.4720107351552649,8277.035616072932,0.07330374207674872,83.60730117137118
1911.7851123817713,0.1471625247281137,6365.815280401135,0.053210660833505785,63.534110024576904
1146.6145571598422,0.19279399399347535,5254.88381734338,0.07985452681062397,113.85543509686428
1645.9278930230394,0.46148996814952303,6866.393057863598,0.06782035477760924,86.08544675239942
1232.8791461518151,0.1708944791089414,9278.148080795378,0.0716761823800394,103.3986167144578
1156.7604286516394,0.37289170703063357,7491.757554259419,0.07113003089734624,113.41656318396107
1683.4294151572706,0.31218520001632616,9823.91878872705,0.08162046443712714,90.77429440609114
1593.684619908733,0.13327747074060292,7518.107655443659,0.07862326744772405,142.46944517900747
1754.827458362331,0.21410546477661316,6379.4940846092395,0.07110530238882841,89.96146541704721
1309.4625764461823,0.30814888657638717,5966.569986226073,0.050847751074536436,80.73743272400289
1447.9716563821898,0.4409400466735337,8472.622483927882,0.08104813073156897,138.56752210988876
1405.4716763304184,0.3830153958458695,7681.906428887181,0.09397887370171636,63.63017234258097
1984.0894639665144,0.3487532645819732,8019.994644977207,0.08847757857969489,62.42089287855901
1292.248956739388,0.2984131559765659,8775.633946670656,0.09908078161250411,143.56982076056258
1294.8172383467668,0.21947359352565374,8629.517321324465,0.05695376690103567,70.8968414109449
1354.5482088286074,0.14769796452770448,5216.816500841135,0.06112600263939269,64.84374036246405
1564.5940812903214,0.26363041382643826,9012.859526475142,0.07696337326109896,103.51683040195485
1252.3227442637453,0.11140739756451704,7663.516535258557,0.061794085117190325,54.678846621029756
1915.289940379274,0.18442235570674026,6958.542654073863,0.051727489064084496,112.00150007275602
1265.6855648662636,0.2729933503490639,7687.597131340352,0.07011441380819732,95.29307983390646
1895.8157315601948,0.26744207426876604,8062.257242286625,0.06438223670769913,114.04119644147335
1103.4750636465847,0.11771817239879696,5747.531549368985,0.06318804228294414,78.39369035327505
1656.5627023996522,0.3356240614101165,7087.076976632225,0.09765864085121244,140.54722143489417
1906.9855184382436,0.31987370234129453,6677.931050940919,0.06192270581327248,77.05807127253456
1168.7494383982296,0.13124172160836514,6752.044724090192,0.056471628559369894,113.75646855428606
1968.3269600992548,0.4772652209841758,5456.674692036541,0.05626596289539256,144.50918506276247
1452.8833604155116,0.13975311158034406,5799.217440001152,0.09031620367442647,90.08092883412826
1945.7151084410243,0.44193366049493443,5809.160337931107,0.08574240372633701,66.1426528292845
1676.8200436300472,0.10012389276600238,6866.123716108239,0.05647430977835311,56.838247591183375
1301.5868698735517,0.4529124380181533,9472.457724373959,0.060987655943039315,146.3017996807606
1188.3025249171064,0.10788789288172503,6030.136859604713,0.08736715042217652,126.3701485993939
1303.7350462250993,0.4031248127568464,7080.962538374022,0.06373081989173071,141.89520600707843
1093.017409262675,0.24467632452010118,6558.04707649569,0.09907710375786762,119.88330531598115
1143.8679663433297,0.3952867200545279,8936.91656275669,0.07702850333104544,84.2448504189357
1104.6604403464812,0.2606980821699914,5250.6321616040805,0.059600398520504416,62.301658598338015
1422.9435437415577,0.1283631689327367,5982.716977679452,0.09294042272563666,142.93068592750006
1795.5783762575866,0.4070026781581456,6053.207711773972,0.06597377729486176,98.96190441309412
1141.3835542163401,0.128501074128546,9964.814001566156,0.0644403677532189,89.65089962776227
1130.320433172336,0.4688481743844872,7853.8750898315175,0.06637206167257492,107.77920612391232
1643.4289495173307,0.12038961431666456,5694.791321917591,0.0884098624111519,60.65593214310691
1197.1829819680663,0.2917301111086062,6360.995696382827,0.05866064748579741,80.9203819374484
1097.6100381089916,0.3892137723403183,5839.110470614622,0.06908928901304691,113.7876107098167
1166.8485782055777,0.2572985859168151,5623.02284809724,0.051541638639220524,60.01229463571552
1923.731395876776,0.1868933898369739,8985.910142039462,0.0913313308674804,63.52427589648839
1821.4712527761908,0.4036363845584109,7478.763143301774,0.06703593831535026,101.05878640910555
4025.0824181778953,1.0930563866327323,2332.0710431875004,0.30426893164695645,286.2655516278021
1655.8207673273928,0.46907799358174695,6656.25623495998,0.07899466211877497,68.70017057937908
1537.275673668038,0.2504660441724311,7768.475430336647,0.08524959418756878,53.30846344554918
1677.124263482564,0.30250069379893074,6287.845162618485,0.09064480185914717,145.8366892766756
1682.6711524627594,0.24525137713842882,6540.181374641174,0.0673892472749534,52.749265788255684
1628.734015059993,0.20283272874054728,8261.189721833665,0.09061504250745349,50.20520415206412
1266.1013685373086,0.4004131846150435,5751.750629596151,0.07324405001857291,82.33405688281997
1039.0064207628182,0.2358607380067822,8086.109295837309,0.05505711337726125,72.24531687755682
1455.5667819901087,0.2712597767969408,9261.174082115636,0.09231537413578897,107.3586362098211
1890.973884690704,0.26146946304961116,5602.116130903845,0.07738173910523072,139.42088768410804
1569.497258518576,0.3850644902586984,9487.306402849896,0.08012347859736928,98.11076724393146
1832.3910417019079,0.4671182504442719,5397.228401494475,0.09687456348473678,127.33012088169706
1991.6243429612282,0.366702424522951,6744.546134779365,0.07795757424696277,140.92270384789498
1163.6162041382763,0.28863303843769306,8052.546576189972,0.050279176533899454,68.93996536062075
1691.7776391419823,0.41168204589555335,7797.073800592684,0.09353079205015513,98.83108861220059
1674.2935737000246,0.35638852964885503,5481.9553624721675,0.06423755401617301,114.20699995987295
1979.9554473582784,0.1242441428471254,8994.565838929266,0.0750883460392002,83.18832379203445
1985.6007339528005,0.13826543456753668,9865.766465726265,0.06024433012807101,123.97521109884252
1686.6786117241295,0.11516677762945333,5906.141445918851,0.06484917842274868,120.53149752218249
1243.6147919821942,0.28272653048252794,9475.654849077313,0.08433244240335169,92.10942841514196
1798.555838130599,0.430341373735586,7784.047210558752,0.0714786675518957,58.79537534244614
1107.0291342110381,0.22523326774054084,9679.668856226637,0.08135653152906935,51.15687834825796
1780.6993041716287,0.2536640732369927,5880.429792083805,0.09117878456564756,86.93495621608506
1910.1961241446966,0.46379084334715626,8960.106965897123,0.06704110110931727,58.206884511759824
1382.8333947684353,0.43476137812666193,5298.907877226656,0.07841700191630205,128.1624443208261
1630.6352949830805,0.36601924495302407,9415.982234013632,0.08887939466865682,83.43257832689807
1430.1427320968264,0.20672151283690055,8370.797110998168,0.08575615963846873,116.60982757916968
1437.7650549881284,0.14681659307537742,6851.27391961215,0.07699217179909255,84.63789873004583
1310.37088910812,0.1064235290720455,5952.33411748925,0.06916917553636776,129.5938416828018
1762.1296204503246,0.14280426904176835,9082.665492836024,0.07037509906165088,138.8412496619781
1936.1765641665052,0.2170385774495771,8016.206606974058,0.07165676059981328,133.751414926274
1940.7508592344611,0.3207160254317983,6802.079264740007,0.0674422764473076,98.44735639798533
1174.7812848749338,0.12560003310095477,7219.179124012581,0.0849537817444849,58.39516108698205
1874.743649656566,0.1544911113273796,9132.713280361882,0.056270762613591485,87.17111057934295
1737.431441427122,0.17243228092317642,6694.635966784339,0.09837270603586384,92.44559947050826
1252.8374006902893,0.35279283719332255,5448.163390549644,0.08894927509857702,146.02540108568746
1067.2846129215145,0.34631591959204977,9556.410861017364,0.0649081526083387,106.54973052070956
1267.997266884378,0.32030629054886117,6936.718698290173,0.052127378463531784,114.08462328964416
1912.2082367815256,0.20020056987837587,6741.937555576067,0.08556515861894631,128.20035810020738
1633.1786748957722,0.2484478764874928,6021.998094379697,0.08671795224849166,106.82024672103387
1721.0546608978718,0.13867588653509721,9487.112856141728,0.09818113052637883,109.84846091827619
1257.152351109096,0.19058424150322195,6087.526668439169,0.06268527787875826,74.53277973346053
1719.3881555748203,0.45908209058903215,8183.364340006918,0.054136254510211194,55.88666075612756
1028.1215062779238,0.49187669857433136,9403.825058040515,0.09575673788592164,122.13858791090357
1375.3213457730137,0.3590638342561179,5174.568073016087,0.06293245173063877,134.8684697354426
1626.7533485423312,0.46672931680936813,9143.95852650098,0.08607657236619409,91.20001833251038
1146.0965655413202,0.35709676016057,7052.9971084488725,0.0530329818913839,104.89144532482098
1823.0035744469346,0.11327859444218796,8289.872876326059,0.08802924024880836,80.72852273357036
1235.0312988119185,0.4987050339945637,6862.02281612777,0.056351294856857026,95.02205934657347
1652.2811128184462,0.13958092067461397,8477.58128173747,0.08477931740208017,70.88897262664551
1405.1971425753297,0.3730567205780243,6271.474572788496,0.07661715239267025,125.9886808104961
1596.0435954776472,0.20113448122991603,5109.652712176981,0.09777440652336303,99.19117877750952
1107.450552628908,0.2567924451627841,9738.937573939767,0.05184588215386715,104.71565532110789
1016.9127999216073,0.35837367392037534,5081.8388202004135,0.06460243729000291,53.70880782612232
1909.5644273803011,0.2745949397230828,9120.496448167534,0.05347544586671219,112.23983922933473
1269.6300087671827,0.20021842357245132,5845.687966612369,0.09395988176198596,70.26558120077894
1819.6770027804591,0.2337784747513299,6961.101143010139,0.07969505768305539,88.33946443648722
1999.3503004722002,0.23661924676927054,9112.461882530279,0.07674848061789495,91.27157000958421
1211.4312579989112,0.4837295618032855,6029.660751561727,0.056572894605815494,94.87325974880906
1265.1707411833556,0.41944520636938043,9328.538027625178,0.07445161286565255,72.74363891147632
1662.8597876346657,0.28341950859176,7488.794695509507,0.06993518275879078,135.01102247156405
1965.4486346006213,0.17992836813654567,6830.767313586382,0.06578759340695117,92.78501507046225
1915.8143481907439,0.42440644410506245,8312.18873368168,0.08860944777492973,111.21344579082613
1502.8755200655849,0.16287298864334943,6706.948609904788,0.05306380199167224,111.39375456937731
1795.1102825267246,0.18418488685680137,6736.441794981785,0.08233428636811009,110.69846744213652
1135.745853099901,0.24640535673606045,8667.631954691517,0.0911496515601106,105.93180089495971
1977.4381842040123,0.45213927834079604,6549.161122695539,0.09536536414301622,132.26257482647887
3633.3328463429198,1.0235329822966328,2568.250444851471,0.25593422907369895,285.99142349127777
1163.728957879171,0.14889367714181045,9038.23063998286,0.06412278394291078,91.7144572604859
1299.4231248031067,0.2975899953221064,9026.855168636159,0.08002537302618518,113.58460481306217
1100.154997506767,0.2105642164374699,7487.928518534347,0.05707018054571777,60.282924452668674
1271.7175988981796,0.32749117665926397,7633.278080814775,0.055853031187238805,59.07726782683501
1815.9557894152067,0.2806546738732894,8480.383128838193,0.08193120710692572,97.9916405521262
1378.3156071652595,0.27398364254048674,7546.3714588121675,0.09255538272921014,140.02040236060213
1088.3969671467585,0.14478918819479733,7085.199794846163,0.05336240628498095,114.99997025236955
1342.2255247789046,0.15641987609993607,9974.470966483728,0.05530018660666494,116.92164226475941
1981.38333424128,0.42843143097874004,5738.202139262795,0.07828036537146785,65.76733120795014
1629.6835952592028,0.4543530950286978,7963.639896199304,0.060910593050967014,95.33044442688389
1416.1609464061578,0.19387341315410012,9429.315130378302,0.0805909061388824,90.07909449844936
1166.53851349727,0.14538420060990764,8436.075205905574,0.060727191262766995,128.29783467541932
1986.1767972836947,0.12136666877380425,9404.616495441192,0.05582409871530297,63.7824096772268
1820.8490092631287,0.34331904549675873,6681.673601773363,0.07727874910824137,103.91910073308044
1281.4773024509195,0.38614128500008227,6359.964881301196,0.09310975690163095,141.13515025488516
1070.0686957211894,0.2491239956812822,9256.361934510523,0.0842560986075265,139.2459889652398
1056.625557377558,0.3718703469962559,6970.572880927302,0.09093625687679824,135.23371097477204
1120.3781495055339,0.38518352622381047,8548.411615286557,0.06331675871950242,87.49853129363834
1580.7685836144217,0.4741369125587621,5738.7428920705715,0.09429893256485129,144.1100690655058
1928.7634212054923,0.1259494551340429,8779.190626883374,0.06885195872881354,130.5300508659372
1496.7434280059845,0.17691668929243193,7744.913245124347,0.09262238339284969,135.11413192409032
1842.9454824561972,0.12741039503879525,6343.058199552304,0.0735587795074363,143.23537943249872
1445.8866198598078,0.4471975733344442,7472.519819794525,0.06339288236802482,143.7001265614081
1708.5835457678254,0.4170348640134275,8484.718129198518,0.06301294155133966,74.00649632599908
1731.872737286501,0.32985682824873563,5059.432044236918,0.07838339421823265,62.76877117771669
1173.9637059033387,0.13346536402047326,8187.335294070647,0.053950513510342295,119.08749435713153
1361.2160589758118,0.20932494346148786,7707.953891366372,0.09650280972942543,106.32139566371424
1637.302156538024,0.21908793922340677,6101.430838733663,0.06357317478492679,82.74265056319321
1070.6966081843661,0.32429727840616684,8764.905369880984,0.06678124089229277,118.44495067770157
1361.5401877629565,0.20321755761468618,6517.304923166006,0.06166507768706164,56.19968773159218
1534.7994662811925,0.12918394556518195,6384.304657732824,0.05015039802803607,54.72083164958834
1996.2244930446386,0.39230492074131973,7356.091744996614,0.0846275118404399,85.43105842017602
1474.5335626224407,0.21963208466216455,8380.748392111824,0.07952764505171118,69.38466234321609
1816.0567571143235,0.28094967080932026,9644.229879381272,0.09048222700985578,121.85560507375774
1432.0672850666178,0.15106665399292216,5706.78621566052,0.052050538672549024,144.80218379081919
1796.3907226197089,0.4210193213578318,6982.340603758668,0.09643278223666601,116.16274136846255
1595.4148016201084,0.3262127507696231,5334.947962563149,0.06654434700301828,115.47843671275638
1886.5954415023984,0.46063425048394513,8792.753737358713,0.0956534931252897,50.65955734195832
1410.94255235011,0.2981886252261333,7238.664448406804,0.05535657410337698,101.22769717246302
1604.3044198214789,0.4765702687271519,8534.645675940927,0.08719602907348206,131.71013201751595
1630.0186806188274,0.45674728175253043,6610.972119881437,0.07896791157161634,115.41203653380177
1417.3829418004734,0.3305839425836936,9221.586207031618,0.0679095607626292,72.77823846488346
1144.3120436874815,0.47355737525994535,7674.1403912005735,0.053957119796650965,134.84752484272008
1093.5594069123356,0.2292354989178209,9718.039109118276,0.08023682549233703,146.43767242151824
1016.6715505996331,0.24625686508168454,5394.073195720171,0.051321994153695656,77.89928475002705
1873.5342642452147,0.11819118052241478,7571.384122710371,0.07506410495730038,70.70943421658066
1236.4749122386945,0.33568036270554125,8832.276229988493,0.08021042878968275,83.85269046526759
1211.506749281768,0.38876958797157335,8000.763240368073,0.0866261873643761,56.31582838776711
1736.0354004260655,0.40940767609684126,5115.970702134214,0.0995667317112423,137.34326730868756
1320.0161130873917,0.15992651441844133,9861.693391719404,0.06300468567538825,142.9299480532481
1506.0446924118366,0.2776636289250001,6491.318465379492,0.06611949106867376,113.33030396331303
1162.5110652974563,0.17074528483756626,6246.389331831911,0.0670572673404496,126.4334812853446
1959.7457214619692,0.36485093954169956,7428.299378032898,0.08657913559294175,116.86506774351561
1851.5814000172372,0.16317854896870726,7710.790537616745,0.0965909634128057,87.7354229289869
1863.7896229650032,0.46166547358243004,8831.440687949127,0.09871618747907794,113.20423620542658
1406.7737485720052,0.19225385826456534,6966.368288294945,0.09729056832790646,133.6320170875113
1762.3612137071727,0.21656090651529794,7199.8018823110615,0.09396915038576217,130.9907410235767
1143.8761553897803,0.44036252886039995,7674.799579669155,0.09954886869103155,58.10575264166745
1008.6190025917803,0.2833870440582895,6971.935498708203,0.06879728634172486,96.2600960543117
1019.9729325780281,0.10959837832002922,9572.74039550578,0.09741606599993533,89.732146395725
1586.6017374045605,0.2978345004810583,9256.259833171262,0.08805099811979558,125.20087457798647
1455.3949052479409,0.13381733415204922,7274.868475389392,0.05842299297639891,100.13759395457834
1518.0153489085196,0.49413788747492426,5000.974311686586,0.05227325939386012,84.97011085694196
1007.4631404172194,0.335244628182241,9504.672477646403,0.060724197893516116,120.63497605932015
1422.6866196574256,0.2026130470443914,5621.682867197326,0.08893755621438132,97.35785203358988
1718.0681612008607,0.3254870718190471,6222.562075970231,0.08158484406129421,75.6624027752975
1442.6937019674358,0.13074684135270195,5761.806421826991,0.06121781286733426,139.04169226102255
1732.2192063122222,0.41995652170752684,5899.077849905119,0.08709607272356797,61.30478481530517
3802.193136515036,1.4175618939229475,2261.998463733746,0.3572948311421976,202.78348402333899
1813.1420044817255,0.4497777552824639,7897.507208329621,0.09109206969293474,64.39110326480395
4999.122163000277,1.255110423610408,2285.54456047084,0.27710150836644154,314.32278357199414
1210.763099429906,0.2303072478573474,6157.2675616185825,0.09862879853530243,103.80422000475656
1236.720475853833,0.11403504448652,7428.1745406561695,0.05751397823146591,112.48655006370376
1628.030464569537,0.3605601434803667,9887.141845412349,0.09533064972073002,94.8611134058799
1829.9395932124435,0.31396191367591797,9132.217571373849,0.06705513318609194,70.41712452789758
1415.6277820291552,0.28373854853093655,8643.078395602455,0.07080299323976559,63.21908987939252
1258.3004291275922,0.4630523813338828,5944.87600685396,0.07342225314433848,99.21519691237265
1867.0116069106004,0.16715156043313853,8847.027004548581,0.08134520266012779,106.5483087619812
1669.268291750835,0.10386650667607294,6737.825612979589,0.09973816850590214,80.3961371703474
1448.0854872830764,0.12932658084830617,7652.684485233788,0.07999794015276167,72.04399473409742
1487.900195279302,0.18934857513094758,8045.806065197701,0.09633579325202037,58.05927268474272
1204.2564679363963,0.11331421970538279,8046.818557621271,0.06275141010423615,52.62444869922327
4037.0771672896717,0.9155906828171664,2673.274565553873,0.35549586928936877,248.55872592847317
1358.7425105428886,0.22563618209343123,8308.510463211027,0.07522497647192905,124.20794122839406
1995.6451766743494,0.17219320322725307,5341.854396552949,0.06614509948933354,84.40186501538895
1480.1835152618878,0.4000336299794649,7286.735129745536,0.09884335514821652,52.741891540190224
3228.7784856263365,1.0342947265564426,2282.1694115951714,0.38905092293614174,364.1960759833382
1565.851787410672,0.3750420403975173,6479.964910828643,0.07394406760912801,103.60672668886252
1916.7560031187468,0.23970596233905558,6565.283436081949,0.0875652350604897,92.86887796123935
3720.6424810357144,0.9814740265125819,2966.5972922908277,0.3109537800299413,240.01591870810537
1451.1300697978413,0.47354681594052794,7093.074929874277,0.0508612663683963,125.49673976059636
4130.620292156975,0.9644433313076144,2674.054496493065,0.3269775460423163,398.13906290728585
1586.2354987807616,0.30010580299098477,6426.596806440187,0.08125926093806007,89.47291382715882
1492.367048701249,0.44176918413104727,7657.184463430491,0.0990603709359281,88.0815356748068
1192.3157727843504,0.3351896993481394,8716.186263895423,0.052039642413030884,65.59351149459431
3191.9381958922636,1.2883268780554045,2842.6031516229204,0.32302784768514936,279.5826301801694
1245.8185870225745,0.2590724540580137,9502.197797991495,0.054907737835418094,109.95739043397663
1914.8421498516545,0.37210625149142984,6932.750923624692,0.05744979507854803,58.57934455129457
1335.406813496347,0.4563247577255213,9345.57993355491,0.0805231669484238,87.80634584369135
1952.2640145333721,0.11642654949864464,5194.738294497391,0.06157838561332487,140.35609425685027
1533.0552900947112,0.12861552875615057,5728.317759318379,0.08745870556475123,95.23746016562262
1631.5443786761602,0.23002060944383504,6612.647272387796,0.07570993462976364,82.49274993005773
4556.374557173667,1.0606129417538621,2191.217054696013,0.3241164428037433,271.6995634161814
1129.380616966701,0.20597235448896242,9238.971115140082,0.07468958388005326,70.29723776840584
1375.821219007941,0.18850799945035238,5056.005576941176,0.05004408634540604,102.38033982071795
1099.1461122776238,0.1783300195420631,8205.558882348398,0.09313700218289206,116.95227535636455
1622.9540441833817,0.15224958674771671,5656.562180892752,0.050633918852788146,135.48784159750778
1446.8741952004389,0.47358165271809527,9116.078253555246,0.05035049462460913,119.250430277787
1777.984971570937,0.15767578556246123,8892.866329789562,0.08057519715898236,88.44097971685645
1220.4704809993698,0.18176150990621448,7499.6051370560035,0.09867604628950415,126.7800173348311
1164.566058429335,0.1985062895923143,6063.436127561876,0.09279667421769894,139.83999280708417
1406.3322309637679,0.4732059492521682,8172.476954827782,0.06260094562947259,97.77636246599397
1926.5853832183811,0.4022856534404339,5781.291588288228,0.05983334055738429,50.450078548328236
3693.905472253095,1.0628682878774676,2940.839148650208,0.25069113568514156,394.2911349618131
1418.9236247929186,0.14190330381539923,8133.449511126788,0.09113188735110388,66.5441991608751
1517.2721697543107,0.43452395000626864,9956.142230443122,0.0681039335450015,62.63255049803733
1084.2130111770985,0.26327723272696724,9455.304186262732,0.0716177295183538,80.76785657400315
1984.5758963761132,0.2051292104849555,7965.536788418385,0.05577447568388756,87.99837453907611
1666.4073046949188,0.3303000334081242,7692.683843837119,0.05764132106276796,129.9376698186652
1285.4040684634224,0.4288731623266936,9991.924400040542,0.07841757975130105,88.91833851131287
1585.8083942152443,0.41146086042996377,7736.985738169468,0.05513280728742185,54.882116635418335
1109.482366068994,0.45599899303245284,7100.582609797219,0.06010230623979505,113.59616799906118
3663.732104396313,1.2876221573010962,2818.389414352536,0.22007195060569115,395.13927605464596
1174.7849878833658,0.19524882857109982,6170.921479346442,0.07219622666068153,131.42209208321037
1648.0303180552141,0.26954315766770864,5487.629951484045,0.05228059820618181,89.88660806611317
1245.4544625389303,0.10585141568202801,8170.4501718091515,0.07498854858464693,58.60710762076771
1717.5613826485358,0.45172866370602405,5479.248168843745,0.09643372031970408,105.30622776945526
1776.821367240281,0.16182886058990703,6865.7426847648,0.051223183055953636,62.09973825775066
1673.4197289114327,0.4445899249370777,7117.886927908603,0.08154924326037327,51.70753230243099
1614.4994602551924,0.23175492879463855,7737.690335246166,0.09179211825757712,127.85834718513456
1892.4690939520117,0.2472534359924553,9958.297728739812,0.06562304212745887,90.3410600338384
1078.626710989758,0.11565290179354376,6104.9086166659035,0.05657592725096125,102.5005172062436
1330.9147657801952,0.23075151590612786,6878.78189253456,0.05216698938046316,116.2849202768534
1248.287479630846,0.45534547312050566,5661.20062205329,0.08219515297179013,90.10276667112385
1988.0139620654215,0.11021896044864166,8038.067630166173,0.07761171901145342,55.113159247739574
1389.3897796668734,0.2625309892186901,8638.365911539167,0.06146474941959988,75.27436577079607
1732.6126992403988,0.11255985192509646,7410.384116179394,0.09158086538158741,69.43411913379455
1684.7251638810046,0.248369370043626,6229.156341449855,0.08677531760761717,147.73940208242655
1212.0812374773777,0.16905625631211646,8104.441345908738,0.06382143924933917,123.95054540254598
1238.9976802115514,0.20088735730734883,7695.788616844247,0.0876681511432317,95.15499982631925
1281.284563553034,0.45103934926456757,5855.928617018589,0.06224971067503863,56.336739645751436
1411.1272782593792,0.2744196882487564,7028.409502510651,0.08376337309331805,61.58505224782705
1234.3250656505268,0.2095191965607649,7175.985458175975,0.05592725205369398,131.28995692714147
1019.6514827468478,0.33573535118021913,9913.088768857164,0.08461197316666036,144.54490938370006
1879.3930568071955,0.15684278393303297,9246.429160777609,0.06193872094911301,53.13501844753284
1965.609831380884,0.20375664296834237,8671.853941367968,0.07862346771208571,141.0397122688276
1341.5703870315679,0.31849918704115543,9443.885127514737,0.05862319334259413,88.05637133859919
1338.5068794254728,0.19500921673922755,8677.422029143574,0.08629834737839762,71.36326606536738
1007.091812774371,0.3716510949603493,9517.009275628667,0.053043978719652586,60.22323574131904
1680.250688330374,0.29659652090380906,5272.76557439754,0.05827088934013594,127.17489419531948
1825.4398957486287,0.4087956281018764,7280.331046334582,0.059206823993541824,96.89104851818136
1146.608300360003,0.47929781428898743,8734.491676209167,0.05206717929269993,133.24237819352567
1159.6663493671508,0.14632195573896312,7916.478983050068,0.0872506258080123,72.61571534249622
1790.083249971438,0.23386600399381796,5875.830820753933,0.09904762523699664,117.85680368324246
1616.2907483541446,0.22781962515136264,6702.460432642672,0.08891988942058413,61.81217048661281
1044.860557627717,0.16047316773490172,6588.871875133456,0.09303159810611979,58.975068413476976
1622.5469904622817,0.42412125493338837,6306.73456592168,0.05030038301691386,63.33998503617515
1308.9177228437661,0.403951481615516,6715.67776756983,0.055893498188729664,130.89013005603073
1368.725155470846,0.2937701883337596,7574.266442305605,0.07795101696474313,115.561973543264
1769.7314182968803,0.3151083111178439,9274.34512391638,0.09889344423970838,66.59638919336582
1810.9351926726106,0.12381765520099851,8710.163311968781,0.08303564655241019,88.47722106851853
4293.746368891879,1.4647752054587135,2517.8813215202945,0.32217675181998334,316.0380405381024
1947.1529360063546,0.41653660960785455,9418.018722815432,0.05730746527407296,78.56743894138873
1406.4627179520721,0.32953102943354284,7080.752280488036,0.05764178471913254,142.12637123130958
1771.83603523011,0.20612254804816757,6730.131420133735,0.06813766011583919,141.4602791350257
1483.8772645642591,0.3670193089337349,5288.116908420809,0.08569050986720037,105.29008256947236
1897.532326522084,0.24459537198609907,9652.458109382173,0.05159096455124554,113.19742691521148
1907.7612436501786,0.31794931371429414,5329.115089690719,0.09260887957308193,115.32183533878299
1087.4168078710838,0.2950261453115699,8705.677576852351,0.0970775717844903,75.84684577550756
1936.4933313102256,0.25247000038607204,6890.541522327936,0.09444082302654157,86.5321388723987
1825.5348415204157,0.3875511921576541,9743.903872495932,0.09565134546984466,63.59411104898847
1791.3107143126667,0.4535504447943527,7098.010104670645,0.05076696397091319,142.4871341653869
1200.9113396855225,0.10208500739076998,9083.041756773582,0.09888961579749479,122.3849438695552
1805.119208754665,0.47344660769214697,6413.274160818383,0.06831785574451744,54.635626633264756
1850.1327346850367,0.30460605443329003,6495.443586219233,0.09346405591825874,104.93874500979166
1289.1503344541509,0.3802927521453061,7977.59704939217,0.05934044353498071,84.30737347379593
1952.2600783623238,0.4422498264703508,9989.913168537369,0.07232628713311184,131.52878770614092
4607.104060597702,1.1303242233546398,2805.523853384982,0.3688572841726018,212.63367726609223
1149.9092532471398,0.4339896293459561,9681.543181966452,0.05200379984214137,114.4150124600895
1537.5811380515142,0.1710479277820809,8931.24914124364,0.09716380503848192,66.57403334565726
1575.7924711223097,0.16366701379192578,8979.321570886175,0.09053033062645197,105.87554896490587
1645.1500833009034,0.36298854754246146,7179.799945643821,0.07649130222068967,79.38857325535491
1016.9691293154665,0.4480572022206949,6932.711250864003,0.07627290867822689,66.48884223625127
1960.3667746221304,0.4569704710144158,5959.609040454077,0.08743773092380933,111.92591469364561
1044.588092734144,0.3574961833508986,9819.706334918268,0.06708343907852451,113.86412000153757
1143.0619527234023,0.310195692083727,9796.9680622191,0.08809346379309761,148.33537811337865
1014.014517526057,0.23255723507860648,8735.338671550915,0.07425041899966363,116.91060596611158
1566.8584332940945,0.49200016623973253,6481.262249263347,0.08189587014557326,101.57099385271282
1932.2668839209723,0.2278782746665002,6225.897701711411,0.0982414725051574,141.26208430847498
1665.9471660804643,0.3976744428926373,9943.051211934815,0.07356577787601308,132.82808186884557
1822.6574684804273,0.3127927199620003,5332.714075540887,0.07092023298732252,104.87462784401787
1013.2812034585801,0.3434049370101387,9217.821460706546,0.09528745869706794,101.13490777408073
1542.015298479726,0.2573922202354505,6777.290002412374,0.0951290247458172,144.19691857158767
1459.5629775055218,0.4859292501888991,7094.348598636103,0.0996209350941588,111.71270439589308
1498.967944220793,0.32867293043970847,9159.888243744186,0.07754314996541546,121.3779169169507
1072.213185335188,0.475115052183516,5453.01508002679,0.06721307705133014,58.66790421472031
1684.4353610693074,0.10303656646956566,6770.848392601286,0.062019503158885186,121.83056212492592
1503.2204148586345,0.3290682332764484,9760.121385847866,0.051704817847583094,76.46818422066832
1765.148849861264,0.38687475589010856,8495.329563856281,0.08633643121054427,61.55379232062917
1485.2906340617153,0.39803206846488726,8774.695824029452,0.06167380868677234,134.966610880531
1149.381636226432,0.46199075271267254,8787.526504777383,0.08033204426128288,119.1191086652746
1648.256954077822,0.10176064360151452,5302.850415819723,0.09582961826821979,90.75643122381304
1172.3863621051662,0.10013206370379057,6016.037966302156,0.09751068036972635,93.14167262080664
1872.3945633548149,0.2889053843180861,7456.316280406059,0.05022050669901552,69.71177222098163
1613.1162390692416,0.11171748200214826,6840.751162376876,0.06585375156881783,50.95509954662752
1157.2038835569542,0.48981302146494987,7054.561465664267,0.09186890147326135,84.93591395693767
1962.3380574812068,0.1888260698165568,8907.236893128364,0.07682226026757677,64.84143596825855
1518.3654633353208,0.2890658917459379,5073.396175338677,0.09037543667410765,92.17267956873152
1072.898451871655,0.12445505200488945,8302.459631606194,0.0926661641418969,133.38250879299585
1626.8329044150673,0.3088193664685034,5000.551159009112,0.07213131099706614,61.47543634027197
1253.1989070128102,0.2519824500589634,5315.292627881218,0.06794914690123928,59.175360213614645
1803.6934518773023,0.1178640115508895,7041.43059918812,0.07277166330252628,140.21022199655619
1817.8220735661907,0.2340497066784899,9204.742599024106,0.08263976013121332,124.51395624383233
1978.947355854662,0.2565744080891422,5724.978827822302,0.06835795764434092,55.30698656175901
1501.8695310245037,0.49596859650997605,7773.107045643058,0.08874941443488764,57.95704852575838
1454.956879727737,0.1831543487677502,8392.526134133721,0.09519963968425113,118.49242281489275
1753.4756054464806,0.3179118461480399,6147.664420860803,0.06411556010793633,87.03442021476862
1132.4706563419265,0.4949262196794515,7561.651276347915,0.09824948220871198,122.41732955444422
1546.9155137931243,0.4168076831760541,9557.036415690962,0.08113626233626553,90.44540693004777
1546.247600130851,0.49734700035283563,7561.142626827664,0.09390843856098706,146.77866873211678
1089.4731228103872,0.4873193258640677,5786.61530893824,0.055195821763605275,119.44166122606511
1417.9840855069135,0.2958158168376617,8139.071483437723,0.06257495685281195,54.66157648456749
1853.284798567202,0.3785503399482263,7961.000900042571,0.06605095397162962,83.05017748773662
1856.1536219946602,0.14417725077646046,5134.773798990656,0.06514110755872567,106.36061861360292
1099.237664919681,0.27645953001872076,5452.972028737833,0.0585930578299266,64.18736382003574
1090.720882747831,0.423607416906679,5783.906775705054,0.09341004737624162,50.25203000752957
1262.6954770019352,0.3021341283908574,5681.44538780935,0.07093060706447751,57.93081323217163
1874.7660625539934,0.38107961312689276,6297.328852804665,0.09815651062333941,102.4263477696168
1128.902585073499,0.39830053199371085,7270.52661617784,0.07917361833950737,113.22550908855709
1719.9968026274464,0.20138765649715756,6858.581489494922,0.05691973178224316,59.29033756942125
1101.1656196131032,0.4502797491770262,9453.249457022985,0.07729523549169787,116.51565239056131
1623.1378537478254,0.2839289723636716,8060.547047031685,0.09967725738621212,111.7124157254676
1356.0672991191448,0.1840740414486175,9380.721749809216,0.07825858435496374,143.98969820112626
1788.913962965867,0.4461663527153775,7635.196624587994,0.05009346725647813,134.06754915622702
1233.6904488253635,0.2671275224425015,5449.352353446699,0.09665399517952096,144.3241863738965
4576.352935480643,1.1404550929383257,2001.256407094313,0.38477675249941656,340.4065584836403
1235.682534575885,0.3192132288886372,9110.162734211824,0.08442645265344784,94.0808535979622
1713.6602831121538,0.2527487008938002,5970.518835835541,0.07575400774777213,98.79106812780108
1873.6780345607488,0.4239505660154278,5456.071393763249,0.06627168784204432,78.1621968289101
1126.80179912676,0.3337879726578452,6647.1736916913005,0.06413197618381944,100.8432402594837
1866.5956885955034,0.25622484097081266,6944.489153200698,0.09643799312535524,65.07146981992119
1593.575254414298,0.14383914813405083,6531.288382029522,0.09559629479599187,117.1430960758198
1127.110490867024,0.45817812550668313,5676.20392812278,0.07565674200268896,52.493253466502956
1427.541855359712,0.11418783413666662,6254.1992986085725,0.06292475977675696,73.56277562855497
1160.8602934850978,0.4452749393472225,8411.412023010551,0.055117101608599894,70.8071698191315
1700.3478888665695,0.2439846099532622,6929.64258146582,0.057828819142954284,143.7889071422054
1758.8681344179495,0.3557355054005623,8162.747223092779,0.07611258628703023,64.49017517078491
1105.796520272799,0.4688798895342742,7681.518899593662,0.06539149802895046,139.0775450783094
1506.1398526946443,0.16068264620155936,7745.264699288346,0.05210340711299784,62.43582213681638
1814.6250560259173,0.3267801902555241,6242.74778973898,0.07275836926555501,115.06979862804624
1936.1630415509965,0.4057731449480768,7607.715163840908,0.08730946462321568,81.98859681733381
1513.51786674177,0.403033533087623,5117.973569316009,0.09458475579799938,81.60023685469916
1950.279223611407,0.3102527658398016,7158.718711624631,0.07926420228415447,149.82711001214653
1535.68897045603,0.34989578396258325,7863.1141159495755,0.0861646061921223,72.60428577929241
1394.1904945999079,0.40301079765313785,5909.978106770546,0.06820352354324663,70.25600679344426
1848.2031285528956,0.43641105510296474,6282.792531244757,0.07481190896084698,108.93347490979636
1492.982710458089,0.4047252387503455,6097.655099078097,0.08648134282550146,124.0752397028573
1471.902510564523,0.24160197727249708,5352.789776327121,0.08638291136861473,148.25045235234478
1490.3124894098282,0.49869056042309323,6739.28660570045,0.07122631322847521,120.14137742374608
1846.7850018697454,0.27380107748772176,9894.828832259696,0.07718336707791615,106.18710662504094
1831.941541688052,0.10978588110357337,6769.40203231805,0.09619276697754847,90.91317177580876
1403.5199924402111,0.24504678063418484,7302.683109184878,0.0815998802471617,109.51128089726663
1333.299859870525,0.1511131818295373,8265.436254781876,0.08212873128432949,110.08349967526917
1491.9280240391292,0.14857704629135002,8242.488755845536,0.08923101461926801,71.77114938643237
1572.772509737109,0.21261401604275776,9749.47490009312,0.05576114481579864,117.12085615338033
1238.337210627997,0.12135019767090434,9287.820701995626,0.07614421458243638,70.44237906644041
1793.9550847155906,0.3754048753638253,8969.753435525761,0.0979715868135491,98.99548233953591
1486.4827657324229,0.12959555368076203,9758.136128891554,0.06808301960880495,75.98695126299123
1334.0455484199597,0.18131582217438247,6153.826927415858,0.06474630732110456,81.28010237297511
1106.8209929639906,0.13715988579764776,8085.270973108963,0.0800603982802379,111.38770199960298
3835.891714976787,1.0576639856831611,2001.0214990505442,0.3618715069926687,317.04475720574317
1949.2811717559837,0.2071006662158167,8120.690791390509,0.07779725782618245,51.20348153242274
1305.0996868195266,0.328759587064148,9887.102373034348,0.057782600542882034,63.062000954764365
1168.8592893670352,0.4858742225787367,5501.763569531895,0.07898967303489529,66.87069780744974
1460.6727916549933,0.4502226617398425,7196.652513966002,0.08011895918225888,69.7872968045634
1307.0877433602486,0.45037357017812996,9886.814539543182,0.07092002395061314,127.39310702144799
1035.1592502711942,0.17042681441506305,6897.840142849629,0.06913732127193443,94.68579670378786
1323.1452172794172,0.20596287739912805,8697.781875496523,0.06227291392002247,96.99361338442722
1544.1086239394685,0.13055732671812229,5152.014505393246,0.06654611539167972,114.43341628555434
1551.712372019967,0.411387335966074,8474.185573151564,0.07491729835956817,122.91087684128476
1356.5589211768888,0.1279265205942248,9673.133662637892,0.06238294505145506,50.3508349553436
1447.3027562526006,0.32267826832834134,6913.531425950014,0.08914172316859313,135.67253358051695
1965.5179182347665,0.19915022892958031,5106.499189634647,0.08545176206628859,148.84348472741084
1377.3484772303116,0.1973782536114979,5139.549021977419,0.06346529335729978,62.18074322384217
1258.226813259983,0.49629002209904205,9460.116528555445,0.0548717581550774,115.10805836569035
1243.46704406676,0.402711922791415,8612.58053548131,0.05000900194919814,50.24137544009765
1457.7646127041342,0.4347757433164201,5533.431921132899,0.07983594261907445,54.902948617458236
4378.403263880694,1.1829050767785376,2197.5144566953177,0.2905061311132982,232.2113746605965
1205.9881841884733,0.4484057149574997,9024.126818077397,0.05062912350507696,134.64040844196342
4621.285988646863,0.8852134133744145,2834.962002072133,0.3048703893068534,339.7100553611266
1021.1498233494162,0.4784694819185381,5602.609198960245,0.09809992311587168,94.5820931972327
1418.932977983946,0.21253543441825473,6507.602019443184,0.08449714038149087,93.85984736023929
1775.8650652027868,0.338127818313158,8900.130322869449,0.0928881851461229,96.60535743531267
1338.7329557744315,0.3760525391747569,7627.060354770032,0.05723695491303651,81.10331078010037
1563.7371014453995,0.2571749220111227,9782.924303626496,0.05366440773097182,137.77145176255144
1204.979232825911,0.45188319296162127,7405.313226730024,0.05057648817548613,106.78691311997973
1741.9953911261723,0.4919212652416618,8384.789687827562,0.09778311450097436,98.39499635258528
1052.2791032687596,0.2975077965490647,7548.916828707921,0.06501013676767743,96.50766031571038
1852.5426448755004,0.2562562619217357,9714.827478425228,0.07297524711704291,143.58264668979427
1198.1963864216682,0.28877517142258347,6993.295460338044,0.06972618118008873,122.36619282196818
1874.3980317083308,0.4410946982927727,6148.982275893,0.08652284676964297,64.48145547165856
1352.5292413005172,0.3581873702072671,6633.169301404966,0.06549824409763716,93.6970169943265
1722.6835744744867,0.11790894900723803,9263.876020826146,0.07677264413070259,78.83722104145232
1319.2252977861885,0.31686796417828594,7489.692817560666,0.09977911324777339,148.68686577301628
1905.9116712346477,0.10692004909638793,6771.261517511195,0.07220317756721181,91.53957063131807
1126.6371255183744,0.41141414840136215,7721.3001090474145,0.07756357703498779,56.78701030297824
1178.5197892725987,0.2313249094169855,5666.148536384212,0.07512640311554189,91.12120014628044
1493.0301251588023,0.2888029928469318,5026.79652312798,0.09015930790680161,82.13502806059353
1081.938439038146,0.4194712423630528,6402.923418467453,0.06334198270167876,109.95826470782478
1195.980184701762,0.11857952691430462,8025.028598917712,0.05852190080713985,72.60781752290299
1943.7663822120144,0.16341661423664416,8558.403848306936,0.08770465791324311,53.59736496993817
1976.489661147887,0.25918415057804595,9133.054831759833,0.07078090931843271,59.588037515889134
1376.259329330422,0.19197006541822426,9633.317796972347,0.09568630044883436,78.31475895343654
1923.2860210139356,0.23516057031002524,7060.56173482384,0.0822079642896699,84.83226315331076
1544.8246756734318,0.49926989515698605,8702.583997787273,0.07821715558558713,133.4450540044733
1269.742465873767,0.43016577502952436,5373.364650990313,0.05352285274129386,77.00696840143848
1702.3987210805985,0.4535607259840434,5287.6499938604,0.0865205952568899,53.14930534760462
1658.9018065748573,0.4748218534263101,5623.989959930783,0.08430201827564791,128.07334832028542
1989.1253191087335,0.23637435212567826,7242.845489153811,0.08200359622435774,136.89175700889626
1265.0472874092834,0.21883078311858908,6056.40719249375,0.06339547617853453,99.23062374005278
1672.0595026617355,0.19362499702882996,6434.624709689079,0.09733696608372223,78.49272307564708
1052.0237550294469,0.4320467645232491,8239.400867561513,0.06608275635164101,127.2139880118416
1113.6460386967194,0.371820744914074,6792.610894014229,0.05761154783769672,50.88984066819905
1003.9183749510933,0.19446879299315092,7786.85778859011,0.09936005774675069,142.40282291078947
1999.460681059673,0.25079753168418195,7062.018783682961,0.08731231395618841,136.55316448773112
1802.2736971474778,0.30268470557311933,5844.846277599097,0.07073934411630907,104.48332099548358
1786.7230147335408,0.3112560229095015,5370.099951279471,0.09679582154443535,77.75811879097886
1509.7260752881798,0.4554910914206859,6181.157476549439,0.05455586871830986,53.284488274899765
1300.06708290544,0.25222645317888653,5288.502347455222,0.05438306082132789,149.98237501968623
1151.264284462676,0.46340961220020493,8093.0597994490345,0.08412255093142929,126.2073723038684
1284.6747388464637,0.2765470241279159,8978.588007330502,0.05889860241894218,83.87098758081584
1375.9712219291391,0.3985490699169415,6698.703841187004,0.09585697575966422,51.92719716387846
1756.310096980294,0.4721017279940224,6935.555276761791,0.09201795871494355,113.92917284607711
1539.6617889031525,0.46303028158530657,9080.955313796534,0.06531836120505932,148.69040057516955
1077.4836265554827,0.12278114691827247,6113.064561867802,0.09444197911346852,120.70727086326673
1018.0290089589122,0.18228171799062795,5595.801325974371,0.05214438435036642,58.37144085698053
1102.3321795340632,0.29076217021291006,7505.590586655432,0.0774318926368747,90.22783721735561
1410.4987136973793,0.27262171598124296,8230.950847666187,0.09677813868544166,60.91834627275581
1933.1929170490184,0.3563566659348828,7998.272125232396,0.09276914894678491,141.21605496009477
1637.4024812092216,0.47788362033016496,8569.365226370905,0.06780366619004975,83.04144709525808
1801.825899875515,0.14496188451117953,5283.755910865119,0.059143521761731745,123.33765293406711
1466.3745945045484,0.28074346605369616,7141.0080637918645,0.06052702942018723,58.46903580091066
1361.6660831950428,0.17696441515485573,6192.8526197284655,0.07572539390392027,62.841469579543954
1108.4003727166228,0.45764303935917905,8795.60629773012,0.07983864719182371,117.94876620506847
1875.933022186205,0.4858320743206611,9363.652420301747,0.05164071583118182,134.3479948362169
1783.160029027903,0.2914806727561401,6406.678704032074,0.07067757796174441,70.14499563312789
1168.1180975977252,0.1416041190912563,5476.0903953470415,0.09151935578219524,91.83372459970634
1512.2605638762607,0.41411786668906936,6267.139809956984,0.07221644751178986,111.94170347031266
1487.3748079212448,0.3788565401969596,5520.042445294598,0.05845876954747053,129.62763392602727
1625.0915526865288,0.2418683306441242,6612.110830567269,0.09774301465095485,112.81966103792811
1946.186893991261,0.4549629895875854,7690.9928916091285,0.06331377699632335,59.542592064257676
1579.7714417624798,0.4903327559130829,9868.404771991032,0.08992141328170303,104.2819328334084
1540.2172667786185,0.32314153965207815,6996.851271756793,0.05968970831694675,138.460668147657
1050.3229329346639,0.32629116453771695,6100.199619273106,0.0711586364610795,136.8023721023984
1062.907476018024,0.21900540204551114,5834.008701854175,0.0745211269887406,108.50156077509612
1187.346791326789,0.3338024143933257,5865.19883069338,0.07503176479741223,149.5696206770839
1032.4707716917483,0.2758569282099386,5962.988416307296,0.07582369340503525,60.51237223843554
1743.3528955700124,0.22087641077122078,8811.335112687235,0.06124737703448807,97.85953573916528
3487.3920715735276,1.242264712278097,2809.2503175572137,0.2807033975069442,330.18272183403855
1136.056234431643,0.20108314388364998,9987.01353471517,0.07408563769388772,64.10381181141592
1836.0789007952808,0.1791418598710658,7613.4319558313055,0.06043597485631316,147.27497614828548
1154.786034846112,0.31681679382157957,7721.359471504129,0.09940957797518554,85.4046545183645
1301.1755869973588,0.34066800870543756,6787.8193934980245,0.09327816963932752,85.01397539785908
1248.976899161365,0.3434286897224066,8451.276797060602,0.09437881755112415,71.31943011412062
1372.3070985730478,0.25527240041827165,7357.281704403988,0.08427855251914475,78.80174640665943
1254.663765889962,0.26849189347419844,6645.306424822749,0.05799485153458783,107.75889000730973
1488.9509264384521,0.43369537185625606,6325.692018540214,0.07840460319498745,92.93542890509545
1407.4078813546853,0.290493125406865,9628.256034666298,0.09107198158136931,69.33781783267303
1986.5694907793265,0.4951093328548489,6454.947575262101,0.05193682443443313,130.91399403164695
1055.9263501282257,0.27584689200354595,7181.96629714921,0.074792155164381,56.223930712405966
1142.1813763873515,0.3598323778471356,6751.707010582341,0.06980614399974591,133.46527445002718
1052.8258939086024,0.12014519959735832,5430.89413714018,0.06060623648296518,77.49387246479125
1625.8411949823758,0.36133596976752436,5929.671972411335,0.06891250018826589,99.59033330959718
1054.5092774137195,0.4405705577660025,5947.50987663191,0.09917487554347265,88.10645385883919
1836.4397373761233,0.4769831354133185,8468.247571948274,0.08616216631808887,107.06021133897141
1511.9386306819279,0.49892824465590824,7032.927049829046,0.06497685400074707,129.59899951401755
1527.0076245815337,0.21287145825969325,8909.837815353294,0.08026775257404148,148.9319793474695
1561.5945077121942,0.33014802593028675,8544.754621670785,0.06233281201428399,80.60591456539015
1170.8137063062109,0.28028719421285897,5960.248831980189,0.0805421954512137,105.38044123635336
1197.6903031144875,0.3255269922300684,7814.584600600503,0.0948083344742466,96.60075487749974
1318.8173228730047,0.16298118287593866,8714.544230244013,0.07784383999712763,149.89281593131207
1593.4964158218513,0.44245982903837666,8165.214617378615,0.08666699877263415,130.8913630499449
3960.573735772212,1.498472290325144,2313.8549008142986,0.22215179153647477,297.75526462072946
1116.3317271332612,0.27986466524516906,8698.05443700384,0.07620619588319984,97.68790556076465
1970.1168864184322,0.21217194462943076,5283.903696281534,0.08475375393774393,74.59565944265933
1021.981814809623,0.15633337106120493,8657.109736807164,0.09062025025256987,125.52473197488266
1802.6974053360216,0.37350592991112175,6363.276315767142,0.08297256932627248,134.52117863784423
1788.035149575022,0.22489273584829408,7859.36127254677,0.09887459969450466,146.49868236229202
4136.019069459008,1.3789301126507576,2316.353424947114,0.23323371879870108,276.55853127067877
1135.6266160073135,0.368404989937948,9194.087861034188,0.08885801023039376,117.06830022374395
1145.6286467054233,0.35827413006969633,7402.79677150378,0.09225507894905127,94.60588316694594
1697.4316172371925,0.32376084635929636,8214.706060124918,0.06406054677121746,110.91285103376437
1642.8065910861737,0.11831053577149026,8970.41021738364,0.07160235769741904,84.87490302401308
1782.7456742513868,0.4727689742742348,9476.576275356821,0.07822314591972954,123.76891165206392
1937.4811723991047,0.3511749973197841,8660.310485346705,0.07311931592213429,52.27003657543774
1691.927363266592,0.49762479335324417,5743.842880952028,0.09237289091120399,52.84568496919836
1155.8515365514436,0.3149425619091548,9272.661847928932,0.051353425883961606,121.6120890186598
1243.4426167654108,0.3840443567624853,8092.889579327531,0.060458770861641045,143.0682803125166
1842.1937308731144,0.12248382314648887,8047.248791901367,0.09408532705009275,113.22489344364465
1209.3060758342085,0.35269447072936433,9606.702799024608,0.05295500688384836,122.65282990036968
1072.5223169544813,0.4058598446361429,6244.157778329416,0.061349415180439903,132.39342912181678
1703.2800540422504,0.411405717941023,6197.938092470166,0.06756251651882432,86.16742644635795
1402.5263554901421,0.4080446608921142,7565.967773474809,0.08753702804058455,60.81136575594084
1920.0400525459036,0.19051305091746706,8754.315332674325,0.07800903480834243,143.30922872500963
1650.2550710936616,0.4901593910420904,7236.203541142546,0.09773023513901656,143.85705650024403
1090.4189777916608,0.49807284824997555,8169.456949462012,0.061393750753648675,94.1840555572079
1947.8565672536606,0.13023835006464052,7262.623621113595,0.09360602024943648,71.71696569946138
1258.5572636402458,0.474578569124703,8051.935902434843,0.06414567448746245,139.2354382769989
1337.2124904062857,0.21577967772174775,9111.311513068555,0.06227491295632801,120.84266970852532
1402.260413683542,0.37571363270038594,5902.383480454617,0.07491875990496755,50.82283505469618
1051.2242964043132,0.23524436829445286,8476.89267002992,0.05356022526282469,60.77197014590825
1496.5154222306048,0.48710172934924867,8937.128696690917,0.06921535064966416,148.31996427717445
1123.3184910752923,0.1406015433214142,7235.557037408913,0.06778379840548719,53.812817880814464
1400.9703266883516,0.29909872678255045,6616.167885339271,0.05800507778508868,78.2555010363622
3393.69393223837,1.2983118142788734,2989.84827430781,0.2511952498179071,352.25126578618244
1772.8400834265035,0.23040938091119398,8985.525111670468,0.06929448218546917,68.43556162055455
1803.1705116327312,0.3582135963520595,6639.693295179941,0.09909600897568413,73.2054086362959
1153.412882389088,0.152422297368667,6786.547347040251,0.09498539745188872,85.29674865620021
1366.5511873792261,0.38666496725347876,6680.030815494061,0.059740534978496275,76.95542683229536
1373.3531610318316,0.49223684952191493,7493.69665406169,0.07525610861689692,130.33562279200072
1151.4104439360851,0.4218234857874521,8512.497866095386,0.08009020691832765,100.02744733926048
1798.4535050511904,0.44400670116381813,8859.315655002554,0.09094802514718106,77.86201475776105
1707.2283283354232,0.24385469727160103,6962.853602015792,0.09428213748256975,81.30960334946984
1190.3817862970348,0.2299546425924875,8315.510175225845,0.0812009010577745,53.98649595880314
4448.143814962579,0.8629264629112808,2101.585457143046,0.33068342565227127,237.76195890895357
1105.8050248565141,0.11829064590490908,6484.586658386907,0.07406382247590647,121.79075663588841
1628.206597093044,0.478143253782613,5483.107347685466,0.09424017680931662,61.291083707111405
1121.3719245486197,0.1575140692064769,9473.328603222311,0.08570448012721299,97.57967746817818
1985.9341686249177,0.46120521566723693,8385.579858907964,0.09350709707047289,134.23656428557968
1780.6820746878625,0.13343288880014229,8240.552044381457,0.08370398948613536,86.84535057272012
1390.238549583995,0.42904997107142406,5294.51257605989,0.052201750490748634,84.5752227010706
1578.5639322793545,0.16078501035128606,9089.365287519631,0.09840033281033053,137.3048275786972
1911.341816216409,0.11525264563658909,7830.270780430266,0.09590092702848393,136.48503966496725
3412.683888209299,1.2449020384884433,2450.678047565626,0.2882558181370941,282.99975159224044
1174.4984863979553,0.21210612006977134,9872.805918683807,0.055634558342187446,107.19139601317589
1378.7033555811593,0.38579846111373983,9785.501604401212,0.07695392502385101,145.23042735732605
1843.1448650297452,0.3220341001891279,9280.446731951037,0.08785254172784417,131.89639478173774
1644.2130159896178,0.14352295609202625,5054.7368691568445,0.06910866059691269,91.56344269523687
4139.234464109579,1.1011089600272856,2176.2619580828105,0.2832008523189794,225.74208155173733
1866.8214856884892,0.28092566990539103,5375.311569138227,0.07552780493906773,62.17890827583097
1893.9730574625046,0.3937789111194753,9255.969850883837,0.06687830681094863,105.13321859508514
1919.7925717794365,0.30040822880625007,6400.870343058118,0.06758859777756623,76.31490835542687
1094.849193253156,0.3417445899844819,8050.341692666838,0.0822492768420191,78.35472265113688
1544.1260019631009,0.22110943694267698,5190.341155749398,0.0942804049614752,62.57182329279249
3259.450759111659,1.2867655730594263,2436.9548778800577,0.3910667200871571,211.4890268198708
1756.9268451270138,0.31702808136322713,5558.530611164857,0.08438012554148178,98.13903302991577
1606.716201970004,0.2760875891884008,7053.440858378859,0.08299734957606208,110.03544411868631
1166.7873351836743,0.2560452853735733,9087.230011626507,0.0775573096278465,80.48693362693095
1797.4205539416644,0.3690268780378493,8476.744982541675,0.06553790727915651,129.22482343100916
1720.1113335149457,0.3762026528044544,5030.213484290334,0.06888970924551194,102.09599616037181
1086.1357715490362,0.11836802243650522,7015.161672712744,0.06578518992452081,113.80521089557307
1463.8098246743762,0.23549779769746887,5209.63758482254,0.09587490482410274,77.81436089785328
1173.9773995218036,0.264705820090551,8367.499304092345,0.09133093352552216,131.41358790122646
1337.4770457129719,0.13875686446566726,9844.742458766606,0.07896736864256104,112.42744505659373
1018.0810922056854,0.19436034667931534,8276.306311503797,0.09561217354871004,136.2348749449157
1400.3298684107583,0.12065671888910266,6121.862155587779,0.09432043465739891,65.99515789382944
1549.8769211562103,0.4984968394468082,6776.165160332701,0.09638471998759177,88.06632669309985
1619.582592827087,0.39462288118793787,9883.252778292339,0.06108869288277665,61.30161840572597
1663.49034512871,0.13498006260110149,6120.26206016175,0.08587515188819474,71.55273109043925
1836.29131310246,0.10809975191603685,7807.645365272214,0.0804612249961751,89.454750448487
1215.46290727573,0.38771512006091213,7002.2690434087235,0.08669153189173036,139.45819076593742
1120.481822438468,0.27567686627306676,8841.57648964111,0.06316896819591436,105.7040669071904
1851.5371718979256,0.4147186836258304,9336.946359899435,0.0847404535719149,83.03783307142582
1156.6128148926498,0.46939041512735347,6704.186371751484,0.07049142576271936,124.68991628795924
1974.7600813361953,0.339720155606549,8301.981818496914,0.09170458981531501,51.96827061943014
1842.538229398637,0.17484336916690124,7745.238487588636,0.08976828625808866,87.00922112426679
1500.8766058895992,0.41287761441858106,6392.222450277167,0.06056788054294586,110.08316965933784
1981.4214249220254,0.4823246972697498,6359.704014065009,0.059192763820165153,108.3237303862202
1097.3767291080042,0.3320925148239824,7693.15823766152,0.0858865860642433,110.75578824424943
1303.0657611751017,0.3727989789122934,5770.014367661499,0.07752374473640802,71.1500764814466
1638.2244150406113,0.23498987801466922,9054.049482412358,0.07786029553410245,83.70791529934789
1350.0068684731787,0.2526110778641245,5345.02419600201,0.08762576617296773,143.15654521146269
1928.3725519807917,0.39386179914122554,5472.872431041582,0.0927485396510895,147.39755312866976
1065.6260881778176,0.4711084393627277,6711.131544636338,0.06194819503043584,81.20383513318947
1549.4118320609646,0.3515953548897409,5590.458790985667,0.07777697733952751,114.45037034087542
1590.8662673951144,0.41593916339413906,7378.500106277463,0.09144773547460386,74.12967791369059
1652.728123777224,0.1686540069661492,6998.379452209352,0.09363970855975014,86.85286669737144
1255.6662233318143,0.18478363610318943,8609.048979428586,0.06437046941692584,129.23346968159638
1364.5664275198644,0.31281387473335603,9765.020776048601,0.05520769282987563,100.11787300064157
1843.6805296649777,0.1706216768971362,8767.79292369563,0.061641162693889,134.95899598415397
1194.9427689701597,0.35399802808836944,5897.243314403022,0.09727497570072637,112.8740245659057
4322.455660456299,1.1861091939513955,2826.5478068941993,0.2714339282127156,223.61584502454133
1562.6554229027424,0.41661304746675676,6960.667162765336,0.07092868952780125,53.38800281478251
1762.1875111940822,0.4232441386457374,7370.946804634565,0.05065421743671051,124.96703592419095
1713.6073662634717,0.28551498230214123,7107.8811868531775,0.05255073414606756,147.7866527950497
1207.511495384879,0.17232425401505413,6402.735116438595,0.0834347964737362,97.30285602533847
1568.812736433873,0.358709984432773,9475.22143898742,0.07949135343624983,65.85800149591722
1867.7231528050925,0.49711480730543456,6661.194329483081,0.0787764149247702,147.6977671380539
1432.1162368019293,0.34903635917700937,7892.9823483977325,0.05551614380122358,79.01258748178662
1966.5907702233167,0.11430987628560314,6200.167921871651,0.06760305847826768,90.91979557371704
1452.215100101718,0.10691759030683304,8986.876873850902,0.0906179069320074,57.73664141015317
1142.7856366678848,0.2281447881969225,8870.993297645933,0.058745561195831866,61.083686569241856
1389.4346800776732,0.17831352274416196,6481.56069223522,0.09413436254912183,71.65656705594063
1951.7024063905371,0.4252204828573233,8407.770365717268,0.05607391501744516,104.84660650902009
1319.7208493398543,0.43792226681440016,8519.367665474749,0.05845746650619941,105.77892018644081
1868.0981598670628,0.20344750852419047,7812.557080523831,0.07388749805768643,110.62438228428819
1881.2506816818898,0.23025791077995708,8002.991911358351,0.09726499522242688,108.38169570075962
1350.1865243319612,0.19449878708604587,7872.273191453979,0.06647738390727119,99.52369830834144
1083.257658050632,0.46335301894850567,5409.322019974228,0.08291089967790244,130.2098654602109
1724.5579091588183,0.30105973384891294,8351.326723568925,0.07943356279945382,143.38996973738725
1311.512299013986,0.36245481763280796,7348.875049193456,0.05748113182502788,76.97613332792294
1782.9236142575724,0.26619283467984134,7192.286402707068,0.06240834506970817,63.019368230643494
1442.654848260433,0.3524056774018125,9299.996093909003,0.09650763863219111,92.5087293905958
1485.2667423426215,0.2543421506886945,5116.133567305588,0.05924148118265498,52.642237509397596
1777.9094067485369,0.2358713750916902,6256.574589793776,0.08475049448775566,138.33188737116765
1382.3633310616278,0.3537920292693921,5607.017499213732,0.09823472413001523,73.97062602463241
1443.1273453229146,0.3364248312195957,5176.705223048629,0.05597529961011391,104.9296629748295
1376.1904687696222,0.21741118166717988,6378.3849883797375,0.06995909950936573,61.50949898964757
1367.34051527728,0.15973938012778938,9942.381363973389,0.061196607222136865,105.32573392432843
1525.9465769014594,0.24743067753525505,6351.1458660378685,0.06107807587022715,53.89934529018644
1808.7994445011507,0.2660790556567637,8318.529098978857,0.05594929219998404,126.88066955890585
1361.7683119225658,0.351473733369842,5591.494450203607,0.0824775591995733,145.54214626439148
1524.2547205377368,0.4658115054547455,8009.2381502361495,0.08731717549553558,80.69760649435955
1670.7273254426009,0.11447391901317006,9922.407415691567,0.0838396955011528,75.82146104542926
1269.4394463036551,0.19746440501673798,6459.1876173023265,0.09623282288095765,94.79949715868402
1277.5228049023926,0.17748637691182415,9240.378081877914,0.05728394043590271,111.99736602503758
1933.4131270234548,0.3009177634775134,9987.856901832678,0.06599226866925031,68.89624619918081
1723.5345733310887,0.27188032281726393,7942.77044360372,0.06722864048512281,130.33079972628775
1577.186676223309,0.39161504952807535,6547.005502140177,0.061604105192345236,69.85348133504108
1647.720054420612,0.19696636501794554,8367.65629949578,0.05711024720784833,50.5474219983708
1029.2994431034183,0.33779934629990344,9224.241031343094,0.07433517379631319,102.42505835855745
1618.1029655616967,0.45354290543998377,5856.751214809891,0.09172198140237142,61.51497111659118
1509.508873224202,0.46427109596732186,7262.578819207267,0.0977269862801659,119.82387253870641
1545.7496797794356,0.48351384189001245,6595.938550619205,0.05646703161092489,66.74699958685052
1359.423826830817,0.40930446083199545,6416.7949848119,0.0911578614036368,131.73803955200356
1081.4738977129418,0.46239516250356605,9304.106303700864,0.09122905614826375,97.0368132875998
1193.339233612052,0.1938123487941097,7108.270034109193,0.06944890607762835,106.62779046166625
1950.7447132126717,0.17903237774019082,6695.381709019564,0.05550148120727271,68.65851653027117
1408.699562270934,0.10259523351221059,8017.5527071300685,0.09950040033784491,64.66880775304628
1466.683155830864,0.3827377429716393,6097.0078981869065,0.08277965152644093,113.1292466520212
1052.709789853439,0.47498687512549775,6149.467452840395,0.09910978475207903,75.54606153416852
1037.5662295439806,0.17477413801667058,7601.443654357523,0.07418277578423293,88.59255683177578
1717.1814470467575,0.3547774301707516,7046.36364323092,0.06975964999683644,97.9449153936986
1538.0946641211112,0.398583903688711,6474.911919611623,0.06235927379852269,72.96336055809397
1508.7059842162666,0.4710456940592226,5269.755661370511,0.09917860008860098,129.54238105597034
1243.1245304226686,0.35874408960688864,7603.871193192608,0.06266286347311369,143.94244089089057
1744.7507316299223,0.4881174930995009,9083.046028005376,0.05118813781090252,93.18931620602277
1168.236579108492,0.2378692564050191,9256.88602643029,0.0756234206794239,141.75483844887637
1189.93474366102,0.23997141350856308,6177.199898630401,0.06885252465254578,138.26828173423587
1460.7121713482754,0.31720500400573826,7998.206019737441,0.06306912517146324,66.60472287201259
1286.279862111941,0.25340075244636284,9279.406547314702,0.08173040582405867,67.33819458229132
1247.4629812331464,0.10057029131501305,7043.629641381323,0.06821343074489111,97.74050614703836
1645.2376445533316,0.39270881003479496,9660.684086537643,0.07011254441584365,102.58571792319536
1650.9717452185446,0.4006868165913934,9514.892645647764,0.05115228019470222,84.11297256523915
1824.5170697999292,0.39878984187470823,6040.669487094046,0.07945354642765289,81.29209798386172
1417.7085669729759,0.23800826664418664,6294.8241645010185,0.05610355149235214,93.13672898015456
1073.0850910261502,0.3089157893244688,5902.209993229844,0.06069024294477109,119.04792813992009
1273.6663849214576,0.24398940727066779,5980.271757273511,0.0858558910306319,58.43936330118811
1980.005463196817,0.10641456001225831,9539.31043586749,0.06566213630919555,121.05820035123403
1596.2585752327022,0.3249795765085675,9655.689545963116,0.05816050987191905,142.6240261632135
1709.7370848010203,0.14950426643360443,5259.486205925655,0.07887120735312404,126.35067088410295
1007.3578296254145,0.13201652963657626,7968.016778361024,0.06074522474689703,69.1676856346159
1518.205732182521,0.40219962747871485,7821.157814287858,0.06354891069793525,58.74811887771419
1037.5286575318032,0.10380248096724226,6952.738233622299,0.0810669654988937,99.0380408989539
1569.2302120914478,0.48360337744349047,8158.487964115535,0.08699308906819575,145.6406089178987
1920.7708496360754,0.3061021456450308,9736.83912755425,0.08698298425977885,131.9059287388821
1968.4191305004078,0.49320657228245934,5851.274413610731,0.07411217059354153,106.27336390129929
1540.5526753889242,0.12319902898908337,5602.054548582279,0.07271484555047178,64.29814234175927
1458.204805252216,0.33341181954636534,5166.952854144878,0.08938225921156287,121.38367821115955
1945.017094248494,0.23973081439036448,6819.166539200717,0.05965173625562586,131.29982386075648
1673.609831996695,0.43739299712571433,6688.14238538933,0.05761012237642296,143.50691364258432
1064.8992795384095,0.24448909409371453,7154.098440793219,0.08323475330147549,111.21162341599153
1465.7255776674974,0.20419503162293964,7516.550154404745,0.07047534671946278,101.44658146454086
1240.245018464304,0.44302125083996535,8789.119970152273,0.08549992302850905,111.91820435676792
1469.8043214486815,0.24986123666130441,6960.566952287592,0.06283001117316181,144.32525046585448
1455.4655720063618,0.10673332794422459,6653.065546806168,0.06624359405333835,112.81270861732841
1582.144802814742,0.25611564033573353,9134.394101298134,0.09483388245926953,75.75918493937075
1356.7704903492513,0.3618089076043768,9248.983353268282,0.07108282634107942,113.61514079423463
1164.270449455928,0.20174381552255274,6163.829821466766,0.07954767348601922,137.9744572801555
1503.7194345899563,0.2727950369700629,6573.359113556542,0.05533410970591548,106.70020285960169
1830.202884345762,0.12268605531289022,9125.58185455044,0.05894145860963794,100.26988280097075
1664.0122280676023,0.33523711660558286,5397.041221488824,0.05179438644113221,123.33692495025147
1338.367865925216,0.40251796954415753,6629.233901953689,0.07121854058808333,116.09886951448122
1935.5230227588572,0.26532502456044416,7241.750535204306,0.0994460002247512,55.66875989536889
1912.2075712491821,0.26809305312058407,5935.358076002855,0.09369365763257331,122.53111408974307
1209.3483993840987,0.13531299943396657,5899.570983053491,0.08164544574702534,90.75494300860845
4318.213827630386,0.8477382336435288,2992.7393056938135,0.3866813686022745,238.04401933577032
1741.3087083507621,0.16187012125116507,8772.608623674278,0.07970846781762116,147.08029884185413
1827.6102613491532,0.2926751074646152,9201.164897738137,0.06843844401670689,94.87388181245501
1967.8645659513554,0.31170221638030005,9896.175462680867,0.05867732005505577,146.8794846657923
1889.8363940883107,0.47957605251370405,5369.920250458596,0.0826524370880112,81.08205149559963
1600.5347682064148,0.12929260171089357,6083.411005729963,0.05965256381953727,118.26444214519778
1530.052339212381,0.33994718926201883,8783.149211920989,0.07087142086000302,57.50547111094176
1027.8410512625862,0.3105994109312965,7702.993530278309,0.09129009210776316,64.49893485154472
1246.6564468447777,0.3064932391743317,6638.398869812091,0.056461465128086426,136.45259023778186
1459.6147517329264,0.44926371495313056,6027.948306236218,0.05645107095283976,139.37840392969633
1628.5039000835677,0.1822153882781946,6402.38775821224,0.06122012077957987,103.26111919697448
1557.2518333184107,0.11630930973654859,7146.44475150476,0.07759586535611496,83.97734269469153
1742.6359896816905,0.368908603053677,5885.756097530164,0.06258617391299566,95.10239317639505
1279.7669308870409,0.23806298565439207,9821.129779383753,0.07515989686275004,136.9624489144656
1564.9526076524733,0.10703596648500985,5537.942222999372,0.06509913055298436,71.0993422620918
1088.1422433907921,0.20054960291616553,9927.887172446095,0.07531211024542028,79.48702313015964
1413.665523583207,0.22373070968672476,9209.466430003362,0.06388157245008652,128.54429342527675
1750.1608329546011,0.3467353507136968,7115.758087568695,0.09900061878042826,143.52694459164158
1693.400853429044,0.16903431761970883,8699.08167194105,0.07463589505709839,59.29273400155043
1990.6427371721788,0.2652217391813592,8357.57621848193,0.08718217170541201,130.37723013522958
1277.891125987756,0.292990177767133,6066.434589744655,0.08502732794491025,114.50683069318244
1498.1892991739792,0.28369495654563637,6695.350430594732,0.07452796874071807,73.07715444640489
1329.5304137739968,0.4895763066667127,7565.6128140272895,0.06194310308339626,125.5817196664768
1440.6031140591747,0.11820169511611844,8189.220899438635,0.07553591389564325,122.79160649993278
1856.950129869388,0.48038727458095976,7714.474906783107,0.08404858118602174,64.20298115494114
1684.2090751884866,0.33277488559761337,7364.937305032369,0.0729959635281606,100.22510574113886
1882.4411913475817,0.4182910859879353,7215.761367274501,0.054096255368137086,125.82910828506658
1203.5111083318864,0.2721570472064302,7491.32249647509,0.0508991614779042,69.15441268078125
1873.361117841438,0.28153515250279215,7171.757599229852,0.06639384042339193,96.27660223911701
1059.7622741783844,0.45173059960632944,7706.6503877285795,0.0575111963046656,62.074112469531144
1888.5992804371524,0.45837379851676086,9439.926495233334,0.09530951229629979,80.68349240408936
1329.073779460728,0.19547555257251906,8164.1465652730585,0.058791633504246245,71.79449009015342
1314.5876334140664,0.17969675143384728,8613.1043749427,0.06971413570057831,100.50711267248559
1512.088576698664,0.2984940695479804,7987.415668653883,0.08560387560357408,64.12153348207525
1940.6901877232317,0.46011081085107663,8215.08841207001,0.09077108300080305,88.3150755392513
1047.7813646814054,0.22894203736247054,7891.7491422409,0.07388565765890655,77.51629049856595
1352.2309750707452,0.3608058461356526,5134.332610979116,0.05905675048041961,124.60489142069767
1856.5719886833358,0.3832606750962405,9997.9919110001,0.06354476117879265,119.96697731353439
1396.0544774354667,0.41146986595766233,5168.046201064483,0.07094842238205737,59.493052966562274
1199.156897597067,0.3255697831683853,6975.740041168268,0.06822972946627916,145.34838878779183
1424.794181331412,0.26098207131158785,5525.578391494667,0.06743363785848283,124.46829180800889
1385.5525014916693,0.48680639551958915,5484.642252204662,0.056592690087833214,111.59586957477684
1915.4162014667036,0.3445323013211411,8967.634758372418,0.0956655126085475,97.77014947846847
1761.934375743097,0.3914260846533083,7129.628896790385,0.051487830320885754,67.7922420765439
1505.1155557440063,0.23799313827835133,9005.693541493823,0.07200010639378757,146.2015976986794
1988.370566721571,0.3679796724012321,6363.932353404158,0.09901607462515434,50.78583767024082
1465.2775312759234,0.20311906486565037,6282.313959031174,0.0829861969412051,119.24811342298776
4178.442103083308,0.8338780933068813,2903.3610535681228,0.35373332182374717,259.5309467552099
1262.274321814985,0.3858888807237706,8080.728132039596,0.0573048792226585,140.2581890024574
1436.0704802193127,0.308557894505174,9074.996949228,0.09819363028228806,88.0697279354776
1156.9026241461202,0.3733106441689559,7261.305050376202,0.05069931809365749,101.86444189679509
1947.565126324043,0.2077753962992367,6896.244453205412,0.08406937853065719,124.2339391913386
1766.8488978177731,0.3394893364226922,9867.897771008247,0.09400687357226636,54.75665433225223
1268.2872004277726,0.27757345988124504,5583.7701800581945,0.05125802449431211,55.44752410250216
1590.8045335179158,0.3387841147382112,7433.1634102244625,0.08625874320452506,71.16727488379287
1721.449157109572,0.21635189289768775,7042.438765907172,0.09994188806273675,64.64245835292287
1941.278928906798,0.3861803854596496,5490.632982934452,0.08198212342866748,50.644346833389285
1881.6353491754107,0.4223717464637863,6341.001810441096,0.07073394739216994,112.29898221062106
1515.1922261382138,0.20396658954308947,5142.2060628955605,0.0937200359678141,129.59379674560074
1774.6526197930175,0.22024822394225685,9384.771444914786,0.07770896232113142,145.7114976335591
1562.144753827585,0.3644617078876372,8039.247644952005,0.08747204233949701,94.09003176719183
1552.70389004554,0.3782340697214177,9075.092489351253,0.07938894959092525,77.97206582415683
1114.7419583381918,0.38163987375898,7607.772262014949,0.051914554624397466,136.39024487784974
1126.137658016152,0.37307940191033473,7997.549147109472,0.06065724941026738,134.43956128393924
1529.5336150224575,0.25712308678101553,8504.272389045824,0.05393817869933748,112.48432109337034
1268.8615449790066,0.25794146976147136,9540.058137321073,0.05533438811916115,77.31490386419347
1021.0369024604686,0.20192704945775258,5458.759439129229,0.0507702746794036,140.85175949059345
1722.8392039002124,0.1627334799585452,6654.741973678634,0.07105824895070766,67.8401336691779
1032.486596690165,0.37703095175876233,8545.130953500002,0.058932581587708255,54.36465036436856
1595.2768411040547,0.13727551438892516,9791.752815006963,0.09278482602469859,129.66182847273643
1539.1937941273145,0.4751169147147126,9904.037142450026,0.08750187687703302,106.36590604344585
1968.8146905778044,0.43067452146858054,8190.515045686312,0.0786588497407748,74.64678171185251
1484.2131393476416,0.4430022959829024,5967.992388774336,0.07445106726751978,117.08956623202127
1063.6014363777974,0.46266752584607607,5596.044557069784,0.06279343202879879,126.67165238127652
1551.6879678064615,0.26344198828929605,9730.218221402127,0.07374757329374929,134.45459513422935
1841.0961706161015,0.43868028934016046,7169.638447312537,0.08206146379322055,78.21260159686312
1996.8492842814399,0.16322452011665972,5974.080166313424,0.08911144300963877,52.55874512519494
4437.199378537135,1.1412092500513236,2796.0671248229405,0.34373032234476986,258.9044330373359
1320.2987424967425,0.4139565578655401,5522.621357821559,0.0854232344372775,135.60785981303934
1906.653296951999,0.12991865919877574,8647.855484285375,0.08713649383806427,70.78213372619382
1191.2421290761213,0.4954098669303687,8126.3151377166705,0.07794861004624283,92.11254731185385
1615.4289150329266,0.3699185718406224,5438.673321904459,0.06071595978516006,75.64207350848886
1405.7144241809478,0.4013798840968422,6693.743978197211,0.07695922937505875,51.33626514239097
1041.0823649555552,0.1983215425111464,5749.653447700053,0.07513524409076552,139.8524096443347
1347.2884743056977,0.36954615756787523,8022.492962665807,0.07378550481933982,63.505322670899155
1265.2285225026747,0.1172879749019829,7385.565158387144,0.07303199577335921,126.67671157535068
1686.091153943487,0.4351302879694404,5021.375623302455,0.05554127831457599,84.66032317916606
1948.790497691918,0.16784963721262897,9878.55283141954,0.05914462424286824,77.76819089066652
1268.0471873786378,0.3789432267335082,6747.923249447702,0.05486660442256712,144.10288865053684
1811.4659391516816,0.18979220049309134,6291.02196418525,0.06212389138339922,115.71994867406424
1055.3598169384095,0.1273812677704171,6112.214778970513,0.06317383913653365,118.69226619214757
1538.1210100398132,0.2925974714197577,5794.079480867839,0.06225379307465227,125.96529184538447
1070.5500637098946,0.16771448410911577,9995.685381082549,0.06054645340928017,84.09333360226643
1934.0329911306394,0.39177759533061995,6475.5473394080245,0.08677110227423945,106.36644806957732
1766.35128055739,0.19502633735339395,7027.567486121408,0.0909282699799059,77.02233440468856
1657.9499112045924,0.23698902249433154,9356.779580890445,0.0663554608286285,133.4541515476869
1823.8963816246642,0.32697570050578917,8209.43751771439,0.06525644458422244,109.930737929866
3284.9207727110856,0.8543520055963062,2480.9575719868353,0.3695041692083358,380.18303890590994
1968.9443971742912,0.25119524648398467,9491.642179619266,0.08119619508328955,139.97584063217784
1713.9579478647715,0.4262487084161547,8748.621011068,0.06467191623945288,108.08400004838518
1924.6586095822468,0.17168393982441027,6139.5025377084985,0.0856806146293291,99.5030503257413
1517.131892010638,0.13288063579277348,8218.694972999601,0.06722964051165838,53.44875864319671
1117.0644129818627,0.23134311405320773,9611.992491462008,0.07932778071710866,140.98020051606125
1528.1777214230171,0.26975070680555124,7482.304392252063,0.09963170149939007,145.22739160313782
1126.8728280630933,0.3170637128546271,8668.062014158335,0.06507971876080167,106.25986278378039
1592.493479176405,0.24896947847000284,9855.518719945796,0.09652630003541667,94.25133536145574
1482.493060527663,0.415964680089122,8452.070704476064,0.06603262071423491,85.95650660046903
1622.5753978327816,0.11572779506738931,5512.193448830403,0.07701433521874118,76.80479825360356
1010.0469810548316,0.2727070152794232,6222.797754656447,0.072999189479952,107.45293378042062
4189.151971257019,1.0662330187520226,2376.187794324323,0.3842028221528261,292.95871641850374
1491.330431912131,0.3590313963227436,6377.7790768595305,0.05305463497409974,141.91736082451402
1950.5035615891347,0.4865105007589584,9787.708526945698,0.0813561152034332,67.59587380578208
1383.6090403551584,0.3041501626515449,7026.760170110869,0.08803334721744115,124.55132623435173
1424.3720260536347,0.4947507387766882,7286.152028661825,0.07360724256910597,80.68877723686515
1714.696089006622,0.220899757965279,8508.010467350587,0.055264630326890274,72.60710776786783
1603.792757286118,0.11234725301698441,7621.248656709371,0.06224025067424066,105.78691793547797
1298.9261500983332,0.1662652669905651,6910.729834443842,0.08398361850504318,126.5124981159505
1410.8163955674277,0.25804995390982693,5383.189375772894,0.09477186927501577,122.67366689403147
3353.043906309407,1.472860807276502,2642.911832369376,0.3004508196821749,284.4504847859343
1966.0214591302085,0.1388216523933511,9337.900153970173,0.07802060175391297,83.0502350269601
1130.6343815573598,0.27306404307628673,8428.812208800282,0.06141925183634311,136.8832183000376
1371.8367845664195,0.23524630866382512,6907.475050234761,0.07061066570184357,122.32437445164081
1025.838972220011,0.1490476881829754,5638.630323115647,0.06683949038852458,121.2693905352562
1221.7794919335465,0.21844685224476357,9081.690934521219,0.08277627739857618,76.8905076331891
1780.471138380155,0.45457442214215626,9708.741811156024,0.09923494758375556,129.20043076744355
1201.1752322888794,0.22081954619573607,6941.364953981324,0.09066517259928432,85.84177954324377
1080.0634025289655,0.38558216929682065,8643.210945920307,0.05960822924630926,90.13905201593099
4656.027427977182,1.1336165831169502,2469.9259934996658,0.3801173527397088,349.2656870985477
1009.9692347345185,0.2708724649633487,7511.334694260997,0.05332058574742008,62.13902470392419
1084.7661544263333,0.19561025472146767,9182.381903082049,0.06234577434213178,92.03935629957981
1807.6258695629751,0.2476058797383782,5417.121711055768,0.05861088380301952,51.69395019223686
1771.4733448596064,0.3368428853884171,7651.676743933525,0.06677727688197316,95.59102394272597
1915.138820404896,0.24030128589974198,6073.101373356112,0.08394069845221068,122.5006438103153
1854.5154359107496,0.18595857342969274,6699.029727478812,0.07496966584584135,146.0745032764475
1683.175563239818,0.14658509955665286,8222.144123211372,0.09664546299146089,57.86131445660334
1052.332857300663,0.45190677516382616,5136.1420616842415,0.060637441992425434,78.12907041754951
1782.8486179866575,0.27612519030076227,7969.125494865813,0.06821045731269701,99.41310516117002
1845.5108108405605,0.35008332869717207,6417.211197268749,0.06649262883962348,67.03879487019162
1799.0821457719544,0.2961641444547221,8347.421804040361,0.061798181297996496,61.68285220763047
1508.4790353080261,0.44902660734318534,5707.906759565271,0.09965853845631223,95.23181054505505
1232.9018386494818,0.31877394097928435,8679.058019080894,0.06936127727215273,108.07305288922068
1845.3299756887268,0.2923125671796454,8228.198598814892,0.09702544902497992,132.02077265463623
1727.1628097401385,0.4698403961686851,9856.209164401756,0.06952367369264947,149.78034217941786
1980.7611743888515,0.3878758384181419,9556.17681629074,0.06020458393703305,127.42707799871847
1155.6925977559329,0.14461996293874294,6416.514315998512,0.05596031653413556,72.13404519663203
1225.6645830520551,0.17108178447872563,5136.582863627184,0.09277815965877526,124.79780687612475
1211.7981498815027,0.41484914517577676,8276.842805558788,0.051604882024253916,103.71536243190823
1792.5397676213368,0.4343405284719818,8014.436945023363,0.09821972941696408,95.08095757034388
1186.907296450118,0.3180763316361186,5137.14384383223,0.07090956058927743,143.57284939072696
1066.6598298233062,0.3217820911466557,5613.387646012963,0.062368717554217856,120.20925869196614
1998.5608065856286,0.35277318514057787,7923.508522679927,0.08087230661076814,118.1693073543958
1024.817211445149,0.2756463097130558,9559.13632021746,0.056645649591809316,51.17559647276002
1835.2440601588655,0.37207964939356164,9532.501382567036,0.05360727867831779,136.5071491379783
1365.3668415506527,0.14339250302656628,5757.425273060374,0.09138916759547835,129.3300477410311
1841.6154597578152,0.4845116969469546,6922.869732026247,0.07123353873126634,79.89418779304425
1554.620491211145,0.4000619295179687,5216.01432176087,0.07591274560522661,79.21134125066087
1901.63122948636,0.3524696816036028,7346.359231814646,0.05883480044375325,55.34784600519001
1926.1929864146268,0.22652882280379227,8765.417298366028,0.053071212226347114,55.08564237286772
1009.098181280776,0.1643821949826917,8949.863556828057,0.06838880663259234,116.85945134616813
1075.4121759927882,0.2637371855315779,7494.947332982865,0.07530731261900447,68.62376129077794
1250.3587295708555,0.3646306962296234,5479.348373541092,0.0882715310939014,142.35478498385504
1669.3154163635018,0.35348389736924435,6906.819875907832,0.07505260001177318,134.24044280249524
1888.272196511506,0.2530564620262286,9660.509799871823,0.08912535088429516,84.88851600321837
1459.9419512939628,0.3453145575332519,6148.062782598574,0.0557716389837157,88.00685518124355
1606.9731162742655,0.42549931822701903,6598.772249563633,0.05319813860219758,82.72765608547806
1188.499852795561,0.11051390893504283,8734.135877315355,0.05794304820717258,59.239491319175926
1804.9668338816855,0.2802484191721103,8667.90394442969,0.08860060634443644,53.143015765021794
1967.3281113534697,0.4034220913867165,9561.011440124661,0.08796651154193508,95.21331583398972
1268.5989329145975,0.31845778818535087,6940.593453601878,0.057068390225532076,144.30401144914944
1494.8259516005464,0.36059043517162803,7572.993619371456,0.05154943291253399,141.72493208191352
1086.1161105063738,0.30667055704213686,7336.9623061023885,0.08426409681060826,130.98387411213645
1559.1366564629684,0.4967498178729244,9638.760855112265,0.09276408916214887,112.85949274430047
1502.7834418466805,0.1218486145956153,8846.652944123174,0.08770538477550911,135.6222406691449
1144.4364841550776,0.2964179287089509,9157.208899169242,0.06013994903075391,101.50685177315641
1442.066213118075,0.13656661964580707,5665.491344147054,0.07918839486126679,68.01601330206317
1334.1046520865632,0.16391422484542817,8959.2334643408,0.08786828603127707,118.41703477892318
1521.8308753051892,0.25321534016730474,7164.893830287485,0.06279143522735198,142.06460351784955
1585.6543354287992,0.16221603660019493,5116.693414153236,0.07638604006847266,51.96050974057468
1008.4955786072095,0.48547486638266046,5300.441763716423,0.06572302019868852,75.14440522079308
1761.0059829495553,0.4787159106900637,8389.539698674223,0.06127877086635106,76.54381912712714
1713.0142918617407,0.23444385848824154,6860.06220572985,0.09847946633854263,59.90395386162609
3013.289793042818,1.1134226169809587,2873.047755605522,0.25245656237508984,350.9006826774422
1052.9359355688182,0.3135013282375144,8671.365669379333,0.07228338654757435,88.39820779114189
1754.9325397850503,0.42623479220630744,5108.400058334809,0.05683890305319882,143.9835424848324
1955.1751604781325,0.3509782439267769,8434.44155918001,0.08639536516603244,136.02657691267964
1240.1515960220142,0.10010098179622484,5961.762363661781,0.06278505650641102,144.60062242626168
1323.524613737038,0.40526975424389555,7112.91284351956,0.05842589029190473,62.05717767223392
1183.8128894818149,0.3987392485184472,8123.676010614814,0.06907645088690924,52.80484616192567
4915.848400481591,0.9341239650505173,2996.9058165794695,0.3213797233734658,335.2362730433
1154.841394647455,0.46116758929322155,7280.489441959697,0.054872016491020734,141.4295634852627
1356.1939434613794,0.46337848227616063,9042.452270955673,0.07858732365242634,65.74886385355506
1697.013013934263,0.30956467068175886,8914.828314003164,0.05076741873813108,107.26367065725248
1560.1159830093484,0.3431952924786151,7072.692564256291,0.09459345302965434,72.7582369860762
1386.4625643279353,0.498608828769869,7504.900817164515,0.09603708446394334,52.06354249167995
1420.249601807542,0.219528093924567,8502.425050249065,0.08665353867559258,58.462134214257766
1562.1108826232294,0.22984689692459095,5155.742173234698,0.07332747042870888,120.9797022966413
1005.8647278871613,0.17310956106539854,9454.05706899623,0.06274481352816556,68.23664520133391
1078.50986845361,0.4583467756631472,8849.080797188468,0.08720560453556983,72.91392054334794
1881.2580677630117,0.3977953559797065,6247.079407011652,0.09658986009760319,87.72565008236859
1077.8789890912908,0.14225713954809677,9905.899765944878,0.05792668524487198,115.72415601361735
1706.803596210505,0.4927069404791863,5896.951762948094,0.0732910994648849,96.93723929596663
1920.0381641090526,0.3923846832644464,9570.433368522008,0.06576308180179641,144.46102159937698
1270.683604301731,0.4402088438419899,6622.367291615556,0.0678370894522955,93.41821907396633
1370.4914370595143,0.11926031566928037,8815.73355082068,0.07028788906614664,69.91309201974717
1568.9214058447164,0.3019843675768671,7281.882966239726,0.09758981721856692,103.6142839409008
1881.7089696385847,0.3794393146908157,8682.336937250011,0.06293185839340469,95.0889615094867
1941.9055872604201,0.31717863382873657,5778.915239696831,0.07463379195467534,128.713833853503
1739.563248111268,0.36665898627971105,6347.5322919324135,0.09757437358308953,143.51212305394824
1086.619760854694,0.42714962543618906,5499.289122360128,0.07380284451091587,133.62952280365073
1669.1541555348508,0.2497348251840785,9325.719907189015,0.09317997609607268,88.90397249259422
1410.303721872662,0.4394674702474839,6481.464938847496,0.05293823871626405,71.61161222913597
1470.7009994910616,0.1651664419061163,8472.381147083317,0.0976515209231618,141.44889370139276
1049.148390345177,0.2083544220105499,9101.10598870764,0.059376557351302546,88.5939651437168
1191.0621393463582,0.11733824797093032,9507.091181896729,0.09899675173656422,127.02066234487101
1790.5136075336477,0.24577072453410045,5531.485576558589,0.05877884326292743,148.95273412128907
1453.9588330478598,0.25196381792964817,9465.074667563062,0.07221829738974872,107.74426815152762
1301.6622416311488,0.4221082388829004,5986.263888653597,0.06543072457862723,97.98804683688856
1384.0190739649581,0.3612522681158624,8684.510057954809,0.07166157105475221,119.98707824812153
1854.3995133256803,0.27468902326226663,8644.245096823055,0.06252623699627628,69.39309807906409
1748.999017404957,0.36084559144949935,5042.515708704771,0.0982658706213821,98.82397387986501
1272.3153971810827,0.12111334020627647,6103.119541551271,0.06528624920365458,81.23307571103257
1117.5018402123733,0.17210861440735042,7459.542573324336,0.08266374560321116,66.42278706756798
3059.0831960339674,0.9609889420808178,2590.238288517499,0.36503560616036645,386.33323703733777
1920.7564510547336,0.35654672769012097,9592.867399423048,0.0912193742424942,107.57060854581468
1581.5888378497552,0.40965386348297084,6798.704347512616,0.07712539717547567,126.12035997425399
1533.4802087447829,0.26119990362144085,9684.918574179812,0.0989723062265658,137.29701242413614
1596.3935996924615,0.38902163864646255,7297.146591962655,0.07117011084167177,72.03759860208893
1366.0282657465152,0.3735921330240758,9821.76448320083,0.05977239374883302,127.97026520538002
1807.1070203195127,0.48535735134793967,8686.774050124306,0.06730094997204919,86.7385160752929
1523.28624930025,0.18605209056987168,9146.67295816078,0.08684828030467472,112.88056017934248
1116.7479027687955,0.3206718255010558,5524.3844417450055,0.0829553260497938,135.02400275958112
1129.065124829063,0.34070577684418774,7930.707166211839,0.08891737038088626,75.61851152858189
1536.8591465026184,0.49945915397368834,5713.501799146754,0.05367351461021046,110.09612839658371
4122.683100559816,1.0467410860321784,2095.729640057936,0.32024618292284457,225.43978604970616
1308.3521216761987,0.3092872079869169,8117.827030836341,0.09660843385181524,129.0577293450719
4324.390714375843,1.0509873822187745,2616.127550653743,0.3213441581259773,260.20105304066965
1764.0955865788792,0.3103571874315999,5195.918910056254,0.05471676294564895,126.96318359032416
1247.8124429069069,0.1928514408412424,7654.718655361823,0.0858302182259757,78.79431296032081
1036.3407483162425,0.11904495137099524,7826.569931449432,0.0657591227922101,120.43562940890959
1101.8472651423826,0.3290261815590756,5394.139985551006,0.08292896051804535,110.58058742596187
1728.49393384744,0.23434172634433287,7503.440171003818,0.07726922565251801,95.66804560457567
1199.6697380406467,0.17277656069937347,8569.211400249133,0.09930333291699528,87.83436903681503
1371.2709205053939,0.2295742264312135,5266.136424377655,0.0944528208477437,83.16000307954309
1501.6991660064248,0.11971208057909798,8801.33888161981,0.0839036390780856,50.967436130283
1725.468168450163,0.4801768936360413,7882.1325245206845,0.06308373130515753,66.95585513067877
1113.2312232591253,0.3324591659893042,9166.136041358954,0.06309540810752348,55.89782122234065
1406.3664052774616,0.42590747253881,6090.31286427035,0.0941121900284473,134.83575426296693
1485.0729091426954,0.2692472790190922,9166.368421065592,0.07926705326376965,136.00888704150822
1540.8270639715397,0.46132586702647427,5472.80487633734,0.08946408910260512,134.61933366892677
1818.3606413952166,0.29332728862090135,7019.148482223357,0.07249321032684151,131.79197643537827
1171.6781950432169,0.3295781288802678,5997.423957623242,0.05515368183257633,72.1330453527977
1807.8314518266225,0.29671759202506276,9380.104161454372,0.0666343229119813,99.1786174510674
4001.816532985009,1.1001348617778102,2470.1243546934993,0.24724209912947137,397.4853858408478
1555.8708141989594,0.32666243104082493,5126.808885803641,0.08909164082127512,125.97817940470642
1699.5278704025718,0.2086395694321591,5047.616778069781,0.08502559948285451,50.18202859543609
1412.0177389516564,0.15821581252905853,6456.246272408349,0.05442064611940203,95.94265764037934
1138.3975859681245,0.3424497555531911,5716.415571402827,0.08106926993809385,51.06701992596546
1665.7652402653673,0.2956719846188145,8151.522387800979,0.09370677534973978,78.06610469806748
1524.6723066856223,0.1383902786784452,8318.9846694128,0.08486821476999834,93.57624412268851
1639.3748005427756,0.25824698631730736,9709.754518306838,0.07555559564922107,139.2899292650279
1337.99878102849,0.3059105688001814,9760.199622729204,0.06559316424694436,115.43842841473266
1906.8665773398359,0.43075729353023606,8294.483527056727,0.09435483747929478,86.24845654899076
1587.369868575577,0.13044042233334496,5028.375564263543,0.071140244107051,99.0654902452921
1085.4024842908739,0.23939813929840117,6794.989582848071,0.09276967901168928,131.73894885969742
1449.8039907044285,0.42906244908415414,7565.707566236331,0.08914999191090986,79.96555991137132
1756.3560547436343,0.35936957270863157,7495.89878254233,0.090811348264043,111.50347754686665
1794.1345617322722,0.2159833287215147,8016.7031475111335,0.09948987600808232,76.22468838878504
1494.5970527637587,0.43813404880905693,9802.757414023803,0.08743792579364823,97.99634372236625
1894.7475708313011,0.29731743222507695,9425.963459775769,0.051702046785932425,52.46585035620633
3169.011158195272,1.186543786775443,2685.367987092244,0.3214184474620888,254.81005786910288
4621.4874835318715,1.0402885500148962,2145.5496004194947,0.22806588839779068,281.984326755966
1898.59691056897,0.47884660129455137,9165.54708709818,0.059495678497084536,72.43604998384318
1896.2567164715788,0.24341307334793758,9121.534544096034,0.05307197553430567,83.35118789588105
1685.712768824681,0.15623165146523293,6376.8536206083545,0.07508085205931266,112.51611167671815
1858.9805471222203,0.23026669291123764,8652.940153430598,0.05141031065665389,122.00334655750557
1088.7732669562326,0.11219330412455522,8360.186893589287,0.07362895498076298,58.04510422854433
1864.9949762077763,0.10830715468415648,7367.619824849808,0.0949420453560006,54.34654858847904
1320.6199065502267,0.2582088545005677,6007.274763395147,0.08742880062874048,129.89898866293487
1178.3315124282162,0.47640792907889373,9443.215904470431,0.09719779618258781,121.21665339041263
1239.3698363420463,0.4485429364928831,8389.255921534173,0.061332338687826025,133.15503542546566
1417.968508013887,0.3045771335670492,5844.964624391873,0.07655429082026469,117.65382651835164
1251.1920046044672,0.3260905524683323,8524.011724204303,0.06592897265829195,125.10122703566527
1320.567586016499,0.1023733986984226,8707.1685978849,0.0746909897846017,87.90383830471447
1134.978486071642,0.1862004623335062,9434.401425605203,0.07785379147921442,109.01843203949699
1296.1767655589986,0.1099096507737535,6114.196276209675,0.05180930652379326,130.53923428701427
1572.2838145420012,0.40181581307815506,9943.770527067034,0.06166280676074916,67.2117534406517
1441.853708091064,0.15825831841059912,5766.967112634606,0.08523863896219988,92.28229608261915
1346.7187612359112,0.4476188409907268,8003.444459297915,0.08864640122701499,124.04897684798613
1746.452128857114,0.3573297254703153,8285.882526367393,0.07847256837437516,103.26365717651854
1893.5099713933178,0.19176747060628535,7094.764476329303,0.06354145139743383,118.16574529261715
1756.789222902397,0.1630881268332999,7375.188543851933,0.07025420583613701,79.2869195875814
1332.000702117679,0.35104988036922125,9454.550483610687,0.05480184059406923,53.23424513176847
1744.4421678375538,0.4603347921129294,8226.37114832731,0.0976589808396296,52.914577975437616
4839.015724386973,1.1355553568052963,2715.5592665096356,0.26459968448218274,273.8780430497321
1130.317988091291,0.23941866064135106,5641.747812167623,0.05328011734537317,144.45400439950413
1345.627037036159,0.33495343810745887,5036.688126115673,0.05832453328291653,71.12823399546194
1807.702369044057,0.22430467814896857,5624.843090759167,0.07905472205943768,64.7465657970944
1246.3482472423018,0.4996598267114636,9780.922837382528,0.0616215037064608,51.81398338930209
1063.2534088986795,0.39953567538474044,8820.433914956653,0.09672003490070642,73.12568563152585
1131.7095352063552,0.34575265590270143,9835.581637551239,0.08777952904355374,83.43514411545736
3163.084837491704,1.2702970964794587,2427.4618322595024,0.2957081313059676,341.37545246277455
1633.7832847472878,0.3472609161038229,8401.102019293196,0.05030507055952381,129.73841403062013
1253.2011633699767,0.23664642498693392,5221.46763201709,0.08997236956014874,124.94304992754354
1555.2958253281813,0.11154593578321231,8910.282344344116,0.07120448548005329,58.1014144685874
1527.5796224253504,0.25803540894265314,6904.750863675971,0.08211888559288885,119.73216081020927
1655.4359784406613,0.47219232783194676,5478.826800532474,0.06434874127106488,102.05851198879165
1233.1875544216164,0.35052043790954635,7840.233208937576,0.05714366296790855,63.21661063748597
1864.4029871943976,0.13358228122836066,6400.600983006941,0.08376557958928729,123.95354304929825
1309.368562080013,0.45399744535801034,8297.869709359093,0.07251622940733296,58.60455651742026
1694.131653976237,0.20754993973660596,8290.873797568951,0.06175848505349905,67.715066580137
1016.1246463722149,0.19750779723309098,8525.037370603764,0.05688139997831016,64.92264815531631
1372.6571298941471,0.21883638751212833,9962.325393888794,0.07902397972208168,143.9033404166484
1351.7098179588083,0.330880894450383,6933.488549737027,0.08627749701037872,119.81560032046488
1543.4844285830145,0.3178752373735907,7326.577372425505,0.06419434810615576,91.12859291647601
1072.7362617771964,0.2965655018491527,9023.058505126704,0.0867571267673562,132.2204150848802
1790.1313737261084,0.3870147454050509,7891.850115109426,0.0591561099366386,71.59594095222644
1217.7808017675686,0.2266150925339836,5186.286053438998,0.06692078455475547,143.10932790450988
1677.0378148820103,0.41282580862897245,9215.392601299282,0.08724411433999778,119.69973208791025
1803.2121232440932,0.17012867135143966,5257.493409690205,0.08300717598235396,105.95806410081322
1561.8769562415132,0.4130483156308037,5854.100682458921,0.06352618134519564,129.4648448703328
3252.206289648155,1.2420214659017126,2060.6940376268244,0.26778380711850996,214.3488030891457
1661.8603122150055,0.3732833238190346,5389.635664405601,0.0521236712473621,138.71092750104822
1355.5297971520076,0.292621358850904,5128.424376523551,0.09189575899596429,132.9152660074422
1808.8585390335652,0.3668006130723459,5275.138569861837,0.053757097478393,69.78305050407788
1294.701369885528,0.13191881862378296,7212.19594589405,0.055742257610319396,73.96638005443684
1571.2129177515171,0.4406204468197469,6264.261349913069,0.06188553151376669,56.509741377564346
1745.3977391415397,0.12221889339505841,5632.684417094094,0.0722834852119924,72.01989171728025
1378.9559098125076,0.159496603948599,8293.52771363263,0.08948935401182481,84.34888649381347
1302.767607617425,0.3307158833988946,6130.5595531712925,0.0623740162970553,52.882735517249316
1459.3460101728228,0.3957645821826766,5094.745776724048,0.0771754124179876,81.4962546210614
1817.9634943491537,0.1305006257385014,7092.098918836638,0.05451862610250216,127.15458416273005
1929.9217631456647,0.4683059256489279,6552.1649598915255,0.07322555025682624,134.03275980136152
1545.0834128598901,0.48944305952027944,6593.022156732464,0.05888194966886542,50.88732899874233
1661.4662053236518,0.3423800692030844,7226.350140907807,0.06055957794452826,50.71470382692327
1903.2736222389142,0.2924973821507346,8344.569636171389,0.06834142170544648,64.63071082510011
1098.5468514129425,0.39655798891189986,8082.39560018997,0.08806738493504288,137.25770607337898
1232.078577866165,0.23134294093088217,9686.308048944378,0.08719932149501174,96.92780511323538
1708.9000062515825,0.2973057736420426,7588.583331512607,0.07074864882426601,148.29020761679809
1823.7444619122998,0.4664604107257605,7362.849548625361,0.055933557709620434,138.73314657668013
1857.029028330578,0.48226217009661343,6067.072176084484,0.06403458100119733,139.012811347304
1415.1071768549327,0.47082764642047403,8776.906444240783,0.07526778882650692,62.847643192877015
1089.3399022918668,0.20497922678553607,5703.878881071423,0.09347058893475615,97.52293492127085
1437.7814772996198,0.19298761608670537,7455.66444910242,0.09841273074066653,149.3590597318019
1230.7345902070538,0.2190658023717257,7106.610991937222,0.08187354675119568,64.90442302604193
1291.1964549966242,0.2765244449553841,8291.504392022016,0.06753432452487007,107.42334536181946
1772.2675568375057,0.22566696511678544,9588.107349783295,0.08467267268471894,84.42799919530847
1075.5270860258868,0.2496851182956232,9732.977957491112,0.06681150679102993,88.78581400203552
3519.276175051192,1.056353886043639,2417.860176006928,0.2967124772251942,253.38456419982387
1427.669085824169,0.40501027083759034,6309.086091335891,0.062188328584783834,108.7902569192283
1596.063931100595,0.39422327930716683,9058.176599823533,0.0633494350615689,125.87763893888054
3927.304793727092,0.9638563042409759,2929.882156384427,0.336726869868861,206.96518830536817
1337.3590783572797,0.11287376128616088,7265.17284177866,0.07100705761065876,102.90156905699695
1089.7009190148458,0.11909351587150244,8553.12726190353,0.0809087260047834,129.1711198770376
1961.5437228811097,0.4157531842754517,8009.624763034859,0.08943974719053106,147.07329059103841
1807.2616493262503,0.31323152892985273,9853.570272106674,0.09051742724188469,146.68195539557863
1459.6327543564603,0.3312562695048481,7919.873261441335,0.0996222224753582,128.94520009933703
1223.602548323671,0.12103474408575084,7329.869131736266,0.054387786291848095,98.7329755749229
1933.4551052498523,0.20212552046850837,7714.086810390878,0.07465683842229144,66.31589591912012
1344.5965957269718,0.3553417219541911,9042.699083484866,0.07606872877012068,54.44705089718944
1160.9844316873748,0.4436727560442705,8063.375283926104,0.09022667131889461,73.14449683659441
1563.1643884539549,0.466793358872561,8235.240456933589,0.06331792577944236,84.02579995975435
1943.774120344816,0.30016779833403273,9857.19440018296,0.053468615996973355,62.984961591805266
1003.8302905003226,0.31818969309527906,8091.977422127286,0.06568794051342099,72.47653296124523
1238.1248432539987,0.4332198524275964,6901.426241672699,0.09919639145321305,58.35454645608841
1938.4476404104075,0.3150498402989419,8456.630135063982,0.09497205989122932,102.36769720629789
1171.085966857162,0.30674341021492696,8297.296984886558,0.06976234804733258,62.6318191173547
1113.2434516398198,0.46203361510438146,5069.23817753191,0.09381359993725304,124.27686299229546
1570.1872157998046,0.41597308842235203,7336.646483929166,0.05163772420583294,83.26497781440827
1861.84382329483,0.4636290105445179,8714.518014411997,0.06571020387321003,117.20627142112312
1477.109817693926,0.18729882191246153,7495.207288605645,0.08634059239937722,138.25194350803844
1994.5642566845247,0.3097501946621427,8898.105679676948,0.061072612550841954,58.60165425370104
1679.171699537993,0.43698885143734323,7254.418482138071,0.05991954757436534,148.90007874127105
1074.0749072104477,0.1444591309868436,9916.607988186179,0.09309037729821867,114.52433423667354
1992.8321316819754,0.41786486171758475,6464.457946019444,0.0807976980538372,55.33659354366559
1407.8942367801906,0.1731893533659478,5460.613040730368,0.0994511359156018,81.40022319261669
1287.4025338454826,0.4232475019941285,7150.059005770487,0.05673348381395743,138.62451489414565
1557.8791835778857,0.3448003750227473,7708.545124369595,0.06780642036165734,109.62336043728979
1304.3075918208642,0.17729439659394686,6745.468658412307,0.06556066859018422,78.72223672449151
1086.4575071201523,0.2893416717331204,6211.405800589795,0.09400661188594549,144.0494584398514
1001.4283430791767,0.37276206658430866,8360.293456927446,0.06276482600215054,128.7252570407822
1449.5833529202623,0.353541160353417,6885.625499281261,0.06767304988370851,123.55384961499479
1836.8634222265923,0.2708988784926818,8156.842645503184,0.057141693783771375,138.84271200067028
1572.3151856300765,0.4597466115683708,8895.35724299388,0.08877004913245937,126.97799447086157
1999.207298943441,0.30770536579513774,8805.01313880012,0.06188516419794265,78.67383531988628
1286.8466456472,0.3023469194114754,6876.546553178457,0.053416013611610975,108.38860755256079
1280.4550647600554,0.12490023597658172,7839.491144750873,0.07175543663454484,134.22861677619633
1159.7494602339443,0.4688481559190548,7248.291122213712,0.06957290619807674,68.0848106722835
1164.063588265335,0.1708466274713492,9354.026263548301,0.05888046021526878,66.30232795012031
1285.1865960100479,0.3113378773746217,9393.792398999996,0.05667987799480078,65.897624757088
1792.8400452735273,0.42142704056012403,6718.707914440184,0.09482786066916304,69.42552746625208
1905.756790636448,0.18618131078225733,5458.687239393654,0.05339222432756153,60.32308156132177
1975.0871697076814,0.3109493159883364,5837.912416620097,0.054965547834816,133.76290199641664
1232.2896540964525,0.19627396368933636,6835.008710654419,0.062252364056920306,131.83182203974837
1881.2975456140916,0.4038779991199647,7821.249773814953,0.09764195948282511,65.1368991859095
1328.255089277337,0.3257364671492603,8283.935054822146,0.054269212475992756,120.5537176710346
1112.8405445168844,0.44239034415805745,6656.855231430001,0.09080074133714411,112.69755592099497
1870.0249255201657,0.4578232011509532,8337.49559811993,0.09460260766594136,77.61942656123614
1636.1056346436185,0.3594933929781593,9688.69991836878,0.06889338707254428,72.73684336933195
1164.7308960810617,0.3901564984635778,8260.070635844753,0.06469471999159213,75.05858552754214
1429.8312575130026,0.3196880399547455,5792.826147221756,0.08386888641287041,123.06306081068676
3634.5212739828917,1.4218959596616947,2926.892819857776,0.31819763557372743,216.44915136915282
1736.794568710197,0.3592471692083339,7709.477583834914,0.08899885814120778,77.79592776174734
1453.416230624268,0.4633154493949315,9353.500554492104,0.0915283390664463,52.24810998686489
1989.279945106385,0.2666721521725752,6751.515276064872,0.063419772800617,140.82364937765215
1054.7449822595952,0.22576401054951814,7114.7280502834,0.08434808009433245,125.2704144478964
1355.0152661362467,0.25537477542102965,7993.2952774324685,0.056745286214233776,97.27836758067204
1481.9001671099775,0.27415905208463986,7622.126558710127,0.07553656657720768,144.29269203505723
1503.1335547483197,0.1294244115910865,8595.08296202587,0.08064434582562972,79.35322117754222
1315.9358223856368,0.29937673617399774,5201.944954562479,0.0580865968338274,117.47050431831482
1729.240249097568,0.2977256992200239,7817.580096034799,0.05382532698597704,80.51503776787243
1874.7470734889748,0.33537753105620927,5608.359465019376,0.05973731431380965,81.45724255189481
1938.7193019778629,0.2451280121885326,6576.044962598607,0.07102943739261836,134.470916671527
1805.0933767995261,0.3452430383822359,8308.134307661952,0.09439204889076874,128.70219534558305
1850.5801973065995,0.4512865241096812,5787.071002960888,0.07659572122673636,79.41074306573488
1550.5453006199955,0.48218839619806575,6544.209177523144,0.08742464458669953,58.13895156665938
1825.8882264268145,0.3334448864564199,8515.03241417656,0.05870722641457233,85.75841395911985
1303.5039091479523,0.11703638158812524,8254.02621263417,0.055298909902761276,126.00575354853153
1398.4787621092144,0.48769439890684363,5455.19834604869,0.061980867881611994,60.054436118500654
1316.9130138185442,0.3823448243585025,7886.34246746162,0.06569402063951796,117.21008647232524
1467.3873354479254,0.23438545942146086,5736.272309593197,0.07740510094110997,138.97632599139047
1285.5796162386364,0.15886308038548935,6261.356893572463,0.09406216601822204,67.92271556050471
1961.611442254447,0.15736744489451,7296.056393178893,0.07130463083886827,136.22043242862037
1312.8446280056683,0.1670977624558411,5546.734116490946,0.07593990939224851,55.136388245689105
1098.0445381109398,0.11822900864552813,9968.234839592835,0.05023067679924603,116.68802580905634
1526.8171660504136,0.46086167546116463,5826.847805270006,0.05166560314456434,129.1038920375873
1057.0990784451765,0.31630729313093453,8906.563142143023,0.054188459996377385,94.47661176593323
1110.5431663085806,0.3799837650855349,9149.194225116125,0.08494970427395143,70.37286948135136
1219.3893891962464,0.43124340370732306,9972.319849480007,0.07430956843859587,142.47294989035055
1464.3502498821417,0.41661640253328014,7143.266089261342,0.05964805992659291,51.996886860316884
1433.250932309028,0.4530422494915366,9370.4726006967,0.07962997193449096,105.50712292295324
1799.6918620027911,0.4869018490099808,9787.697195084256,0.07723060759095181,87.28494087050322
1739.4746538841134,0.2756282458967758,5864.470724473335,0.05443996509049979,96.10571954810457
1426.3182939907012,0.4801341866673562,7397.180445297663,0.08202063863585732,103.65650562788959
1333.7042075756299,0.3893159793371266,5300.054094280438,0.08835774363152551,103.47486222665088
1316.4687840614986,0.1282672761232314,8103.620060121008,0.06432772038545485,70.3623663756432
1773.995087294009,0.37271324848493814,7907.0307842828315,0.08437444309971538,117.97023229000433
1052.0724062212698,0.3746866638419395,6020.631423315986,0.0599859758504392,51.91482911921461
1012.8216495106059,0.4623442255170108,8989.51379447063,0.08783644068558724,52.11840942128567
1795.5443919266481,0.24917285298803682,5186.343613817699,0.09558870845613601,97.848734127831
1477.1463759890494,0.33396460010872714,9031.136620637786,0.07209335619008236,104.19028802702759
1130.881138553576,0.10487502040469701,5133.2264558193365,0.0622311039105809,77.48894817002603
1235.5659345945012,0.23283009687253442,8284.144060681752,0.069958835109885,105.16755336268335
1932.5039530973827,0.12489749046351238,5393.847569574506,0.06250387363278585,101.61092329855902
1859.502975624898,0.30874918910595883,6256.127596561615,0.05006196878831878,84.92205547726448
1709.7850502239726,0.4269790602027813,8609.56674655918,0.08252283059022225,115.17746365451166
1482.2252303373266,0.1825770768516276,6402.023998126934,0.05212633209810985,145.79372165467692
1520.3236261913858,0.3109764182231114,7555.869243588673,0.06051953701086155,99.08026944251355
1975.2445352839586,0.18160345460430682,9576.241347600571,0.08612247780649106,128.60507592749804
1965.770443884287,0.1482753871384962,5248.171770182892,0.08328625069578918,74.75965635729897
1215.2690457858344,0.304398716773737,9055.398968678368,0.05366644560230829,126.19505935074812
1811.1045663053183,0.13165944837989108,5326.359992842447,0.08300273705395386,114.89059545019943
1197.2426661670168,0.33494185245519575,5633.974221683383,0.09652874447878913,113.96977799283039
3112.8539287583626,1.2349519311169506,2034.623557935391,0.21436075826984227,319.8804885986283
1676.0930341645767,0.14268598874735022,9970.51141605363,0.07078441138383182,73.33502549522517
4916.399722328486,0.871314209244181,2208.6571077718736,0.3840809230640891,313.7324281182164
1931.5444071065203,0.3365629651595655,9483.809231281342,0.08338615015889567,58.30674570109857
1089.009734896009,0.11159477203750323,9954.660814732772,0.061325527123474916,122.61199767692122
1511.525640809493,0.3293507152006234,6918.92385206149,0.05815336387483532,134.38672852996118
1918.5215304431213,0.43540101012945487,8155.242717643427,0.0892123502020466,90.5833503631803
1904.1136604795051,0.3889264709175816,8895.456268818063,0.09781223276193984,85.68268184682594
1156.5292134157412,0.15247404156831945,6963.225409181041,0.08837917337714146,115.86518558565275
1366.6377000964565,0.336989859025446,5809.070702489036,0.0981602241098875,57.5590460789337
1619.1214000466962,0.3689010000296854,7168.813718962806,0.08024977120685214,79.38418961363138
1159.3948847714023,0.11489248070091672,8859.438225014723,0.09645494303459586,86.62127985351837
1968.0221720457387,0.4421390674734491,8903.813813742016,0.08452178472724434,101.8590284030752
1914.7493287276602,0.4625069589159321,6152.693960854567,0.09544423751005433,97.65692194690095
1166.950179034469,0.4401809093449035,5874.828199453733,0.05807944839847954,70.86804227746268
1121.1554612609855,0.42985258719564534,9602.803510501748,0.09077826078719745,104.07878738633325
4939.6450290496805,1.3298170626147021,2106.6661206307076,0.28449262687840166,213.7257985325363
1909.4436640366312,0.3533728125127841,8673.692378825435,0.05137145509729787,52.70878902971299
1193.6238097954608,0.3714508019953008,5232.10692723377,0.07587930670214815,118.03065724046725
1416.2849285443547,0.4225581173339933,9189.50025430494,0.06591258902809222,112.47090272623089
1448.851365652003,0.36499938334452187,9527.07406668051,0.052176568089400896,142.44269547116625
1599.0110442135674,0.2310907826728284,6487.095621145495,0.09901521893640797,114.53449404070818
1071.7353437474248,0.2503844408645416,5369.678217583488,0.08332330477449965,112.48427124810433
1226.758617400516,0.4588229873489169,7403.422681737143,0.09509060866077994,126.98056600982402
1931.490386918926,0.10684883431886477,6492.315183727384,0.09995412929359741,76.78059488196602
1908.4101072685694,0.37952823249771284,7085.680714051895,0.06959833683355461,109.5732262432237
1781.2906474056922,0.4819110209700862,8324.927267443401,0.06273685143670577,101.94211093618459
1019.4012456182154,0.38249126798318944,6049.130179743584,0.05919421963434144,93.84725066549734
1327.006768496102,0.4975647952927128,6784.757847570432,0.07575935538956713,57.94871673694608
1627.9587353429079,0.3750179622113323,8912.812451463367,0.08030403887510788,79.26288580128414
1275.1902117734758,0.11374521168674444,8218.809749764108,0.07362113680162624,77.99817139901694
3769.567476701546,1.0345771349798332,2400.323622844626,0.2176891201840193,377.7604411059971
1633.8894618324418,0.21385196477572765,8321.508001299642,0.05841362817295642,142.06561352104347
1071.9067173164456,0.2784228902657764,8826.564614459832,0.0720929811905312,73.07872228768485
1909.005588835703,0.22483676636283284,7962.4279047639375,0.05426215685395325,57.46239388913259
1957.7666581762226,0.2074216424838718,6197.484162505043,0.0932523879443796,149.995695436877
1077.7124183917256,0.27256228146791417,5001.226452559966,0.052345132604897975,119.12053301340548
1532.360234861315,0.2515005793762695,9014.245534941407,0.06903230308657773,138.64708469902575
1303.3642822141705,0.3533354327370358,9113.167776580824,0.05500689345214843,64.38794158637963
1392.8390764814023,0.4252604803950043,8488.02250697181,0.08874902497335392,130.07680411173686
1179.651217955342,0.2188354612748963,5382.904656838069,0.06563684894139635,131.33237459881002
1578.0721020124124,0.185488461128807,7926.11143754023,0.05565528063262774,65.14889259906091
1957.9793532488907,0.36675810834813694,9105.103356358037,0.0765745649432257,66.14041800940957
1503.0726002716092,0.3681280263323127,6948.341600540828,0.09581385036147701,79.54512161218011
1082.914581394481,0.4604524957144688,5990.003671101271,0.09543224355596017,71.67874476357397
1620.0013334774085,0.10637827458132434,7938.136486207353,0.062482552056639495,147.5409908056594
1340.222994451257,0.44121626484660403,9131.53313650439,0.08598298379801167,86.29438336364345
1855.9251895912978,0.3084008691793428,5244.349793535328,0.051514209642049565,126.13064117672069
1434.6781483164702,0.3485208356688395,7984.756085803679,0.056592589825171236,130.50508034826726
1192.8396089422456,0.13654857622456593,8215.868976696709,0.07497361851568898,88.59408871546745
1191.105622691145,0.2730459731488183,8011.835196741398,0.06143782172441761,118.25855542823355
1768.7641807211603,0.19092096289540952,8250.168421185243,0.0899130926980069,60.78001408957271
1265.58759830736,0.20169001203300363,8156.876538020772,0.09655360860263307,89.6962051481936
1767.2333941592228,0.301638045870411,5652.019424901745,0.05021666582413911,146.73106600948998
1205.8873107665995,0.424982380161245,6174.683884744577,0.06164579148004899,66.85306539136036
1321.6863687013094,0.39751237205794243,8094.970026445051,0.07197766730381137,88.57113047006314
1465.4869724396995,0.3363999836343815,5088.465805683853,0.07815396441761943,129.05215098920326
1943.1958496934508,0.31576727710138686,8173.722593616222,0.09579513887960506,116.54232549104601
1931.7314247538247,0.27092241729379596,8326.93311892516,0.09459417452576468,113.15186015743986
1206.8718754222878,0.48908398942455455,6195.873799308292,0.0818585049733983,135.32574593424224
1358.2190412430728,0.32407702169369335,7990.664148765698,0.06286940070419424,52.90938430236976
1149.3993884537724,0.20158655932488886,7670.4503036188225,0.08916439049391807,127.11643681819922
1509.9850793134972,0.19203631681601585,6303.457740765569,0.06013258856436159,138.25490392158184
1460.5825506946667,0.34454121231005674,7314.870059373773,0.09825861620484085,51.617447749619686
1900.7601624507324,0.3091310109243715,9548.122647060907,0.050291995786699906,105.89629511073056
1930.0053777910725,0.10307912118188511,7133.013902299414,0.07848852519539508,84.85884852106307
1383.5673910072921,0.4320261488783118,8149.220884397508,0.05441986234608139,55.076270881354276
1491.7379430189894,0.3816489416929739,5176.754105203471,0.07037997650910108,91.77481193181434
1896.236249146133,0.3647317158712414,5389.000566610494,0.08174667701552085,114.40301411718859
1806.7078077450615,0.1275122630790636,5406.540366516592,0.08447992477959582,141.90136315893926
1003.6563113446492,0.24482234006899659,8891.203818132228,0.08927847348369676,112.05304864960713
1320.0595641835826,0.4741529042931145,6751.284474017263,0.07966638513823851,135.6743081555987
1421.774241936126,0.4450356965365455,6138.058441829067,0.06256596756429973,62.157150667456506
1229.7162836832317,0.21421717514781338,8736.622842258614,0.09446266214674358,71.05211675231342
1199.5716158959387,0.1628235536396555,5849.800312780872,0.09055537065068439,147.0292864214568
1037.7845065956797,0.27963518286743083,6232.462625351403,0.0580026158853425,138.7400690256444
1643.3697250697605,0.24233215146706436,7154.657216350104,0.09132555921039245,73.52269530200255
1262.5102904831656,0.3728905506823964,6657.190345073066,0.0986322257955241,112.09738817975796
1052.347178431313,0.4865739240337279,7926.961055183221,0.08186095584039588,86.26327585285324
1230.9793105280637,0.24520057999302458,6689.203095374238,0.06409026115569469,96.85985087288353
1801.9139528361266,0.12488966906089681,6964.758179294459,0.08032969156367072,136.087814909229
1851.4891816465465,0.4590456033369541,9314.43304124743,0.06712675345741495,123.57126101330329
1483.0662451933026,0.11517989209594832,9422.657198140012,0.08379732353211532,73.84425617200954
1416.070670408686,0.48110635886133324,9138.555954067037,0.07723999797279368,81.59930746968824
1977.853693501782,0.365831771203616,9324.154663523164,0.09647453060448757,78.97104598189978
1200.5646595880698,0.4766756833767797,7848.643346695585,0.08089542716004014,128.06627783407444
1215.3592828546084,0.1798638746595913,8231.16607375692,0.06069908418635846,99.00884211368313
4680.162180797929,1.401191253184816,2722.151767761402,0.2645072886465964,386.51480539826343
1172.7573182810872,0.29528399131059674,8927.9404202646,0.0650439158930441,131.6687177229051
1379.3655982041867,0.2802493658280501,7755.002428807222,0.06361954764744022,71.11944308545813
1910.834226989754,0.23259690930195315,5555.384822753903,0.06958883127872517,128.59427953545497
1615.3478406285744,0.483062589755479,9047.900602284299,0.050599833953133784,100.6079347213927
1411.9465486122635,0.42903349286457293,8802.925853387682,0.09845703300806402,75.3710126180705
1934.4107945712149,0.3646328085502374,9101.502976413127,0.07661655556793492,86.33317428178901
1048.4642324758224,0.1651433166551311,5952.147316948809,0.08867469469364803,147.21261167433363
1210.2761779018613,0.39372936328740993,6358.085263574835,0.06289261111889392,98.39614425841249
1565.888605101759,0.39080498187988966,6478.75848631765,0.08733090658168127,121.9605849610663
4647.2930178706165,1.3970944245224834,2190.925672957785,0.30162611875058254,252.11209883157784
1039.557506562613,0.4699143638856055,5669.385420817299,0.07120720868897512,87.15572738461192
1403.038757907132,0.16679115289160418,6926.908766374337,0.0985334613098231,129.64200182593584
1649.1539648308726,0.20693502496466573,5910.790805395148,0.0746921857073203,134.83243517750628
1698.0705464034017,0.12528973570025348,6323.813565163682,0.08287292909448385,57.18891656658703
1638.1399025162693,0.418180383271035,8531.938172792137,0.050767109574493985,77.89775891316663
1320.5632243609246,0.34870375443815893,9274.055781586405,0.06507276032493242,100.78710476308807
1093.5201235979096,0.22597612227249983,5114.52933298592,0.09443457830800332,81.64977474444332
1427.112446419334,0.16552546543772617,7829.484816775002,0.08794795305580094,128.35830049607534
1128.7544373680555,0.11605910801149616,5180.298810311336,0.0768377018087825,61.473336074886866
1947.623658520667,0.16669822745037466,5426.246225057752,0.09500798535566428,129.77982862865733
1475.1708660226282,0.2813138585350633,8525.420173070546,0.0743110256603778,111.78864171948737
1317.2591743568676,0.19887078760424248,8678.040532510582,0.07832535320938878,78.9367718537483
1766.3040711189,0.2035928709727867,9069.903365863993,0.06910764235987729,84.44546884411791
1497.948592582264,0.45023054666708573,7371.2075588515245,0.08100200183614421,68.28991550932014
1310.0340240124501,0.30605506938444027,9299.037410080942,0.06595007654604369,75.25734002981378
1811.9677423908017,0.39170078925136587,5834.191458208122,0.06927460887711787,121.72688689824965
1867.152151001122,0.11428437961125724,6248.582068175013,0.09831631316036343,87.5884140541193
1673.0081662886769,0.2460653422712115,5672.510738009856,0.05556543398997951,118.74841386870489
1046.9644224076674,0.29166773895817677,8987.686302909384,0.05526276726230205,101.4107541101748
1566.322880166532,0.17456674208407388,6143.375591933094,0.05216580097275079,64.52977496439257
1763.2949119972816,0.14807661657821547,5777.5562137914785,0.06600222598801339,99.9070647799692
1136.5030120835822,0.44812151139993706,8115.553437940282,0.06991146212339622,125.6469845842633
1228.6707513846034,0.4757726508399186,5385.410131803372,0.05472578220347732,79.76755047243243
1882.4951050681366,0.13152267921816296,5224.501386100863,0.07745654976834149,114.8081664686928
1020.1217218530741,0.23960748501697726,5533.588242762295,0.07916507645274345,69.90326545417084
1752.7271378259761,0.4833142512577895,5001.204419935838,0.0875513346806664,63.5698957916751
1473.7732925144228,0.13326469325298596,8484.950771108963,0.09879840583079008,86.02261306239566
1446.7721588396068,0.3574565491514905,7811.176608572394,0.08096761236461998,88.92035936996703
1007.0965324948871,0.4888885483868023,6049.375545188619,0.055582540334047276,126.10096303671024
1819.3982309664927,0.49128946743254986,6165.024739887979,0.05442621216228914,96.00787512678252
1359.8249006365666,0.2884893323614973,9054.842992350197,0.08887734318251857,58.12348953308197
4072.446378424615,0.9507375711393321,2861.2375110099733,0.25737814027344275,250.95276100681428
1677.3006863356595,0.18083372599097555,8492.641785408698,0.058095719735328094,96.92532598660472
1702.6295764379158,0.45584055804975787,7263.777256374578,0.06266799863417671,83.16432005653161
1955.9800588260723,0.4646732017318944,6188.590130103961,0.08751201936462592,130.2218808610986
1531.339953236609,0.3431518575494219,9852.014003414533,0.07830778909028233,65.43847902275844
1399.7195509744276,0.40647055978796454,7828.237816876987,0.07925000312512695,141.32123439779633
1953.7036264917078,0.39597250058816325,5654.909518839562,0.06050043356439548,83.40614903171111
1642.110235025521,0.3647286391956428,7030.450210919534,0.08145289908288558,96.09414448426277
1298.1503562765556,0.43091078194877563,6646.687059734503,0.08853142977036277,142.92329955601917
1126.464245403571,0.3741626492161284,6070.437342942607,0.09426261127319235,126.12398317377075
1842.5545014651811,0.3136009222989997,9667.199946201297,0.08683586624090246,57.43024338048196
1362.1816027941516,0.1947825450352627,9404.599977298763,0.07881878255045081,107.82968587553705
1660.4697213644313,0.3975552576474476,5995.735582600582,0.08366296536233885,81.0362871673195
1470.8164193658981,0.28937514713530976,6760.739445277584,0.07425557312569389,100.848824984072
1198.9297797950383,0.21791667360300374,8811.576958354108,0.06134491215588113,124.29690416341613
1601.686608620465,0.4207785102967102,6042.530240701079,0.09411034863859677,99.617291391865
1060.6830689506824,0.3786854401412113,7957.824313021222,0.07663113165837127,57.102187694504515
1413.3424598711922,0.47493582524988,8498.969710624082,0.07971591555736175,102.99805186096837
1546.614939663671,0.1661766560075511,8269.861628553832,0.09950544568765914,52.41296665601437
1436.046974118579,0.3596757138545973,8532.043201377503,0.09925078391363203,84.84093573599412
1748.6721752509907,0.1976957872352704,8533.497945143816,0.07931554924999687,97.80305229234318
1827.9249545453124,0.46143319412065675,9824.02959924464,0.05169786310087331,114.46735633766275
1771.243074033178,0.1397997657026463,6732.494447601598,0.06980737690224217,100.62067876216803
4367.522081132842,1.3510028694365412,2978.2364094497952,0.37985298698459247,270.9020321782258
1194.1287704459721,0.416434288611212,5109.035312575534,0.06441532961880046,143.22175639610418
1536.6075092637743,0.2419671361458829,6441.014816616416,0.0999634342598158,115.0299672751142
1934.8220404438011,0.48165523175352376,5243.278909995658,0.054215876342827624,81.69677851249075
1834.9567750521169,0.44029227383441494,8256.019799779202,0.07840570905025937,146.59396951310416
1842.5345083518016,0.21784731987396136,5503.951853658098,0.07577246800873472,138.25776091089898
1303.208193759675,0.10301643708639947,9228.53431826023,0.06276764566838501,64.3490088678164
1429.4478970787027,0.21866287044722435,8232.958418951299,0.097430356532255,115.54290951065636
1470.7059473159375,0.21252418818829702,5144.077005268028,0.08095856049986552,106.00694520865486
1157.3715833499105,0.4559858430003636,8573.886827173115,0.06151141417223381,69.28089228861943
1031.0681302444564,0.486848471301899,9310.174736284805,0.06920240989191681,73.3475140489029
1946.902899460517,0.12817599438810415,8305.605038310747,0.08606147134410314,106.37737735509698
1240.7125856635066,0.2885179314133267,5152.621079675161,0.06488483563481569,82.1288284333977
1239.9489037236312,0.3193327994119183,9289.597742302032,0.09398031010305906,133.48314310951554
1083.3790537687596,0.13716466453188134,8662.319564670175,0.05828369489788121,59.773923530627414
1928.5077519437787,0.250999083655009,6892.2565624199215,0.06322525449324244,141.40307732021125
1579.737114939772,0.22683296695718025,6643.151291577513,0.057244930668305,134.05525490682896
1667.036857125354,0.31442254173083495,7399.1009070372,0.05520894193797492,123.86234831137467
1911.5768872630524,0.36447635989277527,9335.508754689356,0.06501577117319635,76.25672509351637
1345.6201689007894,0.38139404419862666,6260.296759347788,0.09995893731677202,121.49578560421189
1621.507311138084,0.15470200944535503,5504.819056206005,0.05471647066308341,93.87697796186322
1038.7994547288874,0.4251790807778486,9323.18186480525,0.060650109592364415,113.37578972291662
1186.7725282311294,0.3714168119163036,5131.449244403615,0.06358083995390011,81.25544172033545
1831.2458050899425,0.4556299666986878,9554.985111220321,0.0809564842236102,133.58578538080286
1766.7683563383357,0.2797344237741737,6528.725971507003,0.08726728482039263,54.05760993188781
1350.6426914571468,0.45755590508887667,7541.113508441338,0.0875966837427023,119.14597466959168
1376.8106277742124,0.4463096489424302,5661.47762376114,0.050431799096941565,132.86312403833145
1533.5544335535794,0.27536373294370786,9511.274846883425,0.08259252293997327,114.64281151638993
1000.2410046851345,0.25245732611719146,8749.181116922024,0.08153684396835514,69.19917821293124
1241.2443360380278,0.4731248059881027,9620.777933040172,0.07588273409449386,78.4980779780263
1208.2318086082144,0.38606589381537504,8416.145255590813,0.06896042807018796,101.49052945027505
1250.4829467497634,0.4712981385752303,5923.468883711631,0.08987220987306149,82.94490692722431
1805.9058425334413,0.41878991155832523,6541.335014931246,0.06719403977166762,50.49164217071983
1279.6738565464432,0.34371897571656573,7434.242875517367,0.061500613605330066,54.06781124445477
1191.5213220501482,0.1463411108015058,8036.291026801035,0.06550475872838066,126.77684310100086
1504.2634607930315,0.21659226903163942,9632.297186681368,0.0719823958561583,58.37071816813643
1865.645036372732,0.48753696283935666,6919.757328945695,0.06070286940013698,142.80218556382317
1241.3497038374999,0.2277688394856818,8515.36010953573,0.08037856231027433,94.27364458963308
1078.5362427927987,0.13730194791414832,9805.044244554108,0.0942104601255948,125.81866383643671
1356.4047358496646,0.3830213423677279,5761.870317077265,0.07977300620810376,62.55045960686071
1747.6518245649777,0.39360170181747367,9313.547943897742,0.07233341537386907,142.65074200770383
1550.6905446947947,0.2141830881148603,7103.530351965994,0.08984343831124521,53.380882984215475
1816.7933695743475,0.2190687917385215,8662.108879646683,0.08740193114372644,54.21371607295562
1959.592147609234,0.28755719420351356,6467.691693685419,0.06835290607653481,55.458578021302344
4672.598382730846,1.103701332487026,2386.1362547786343,0.2861702742067994,363.0788930973763
1603.8030788437534,0.41572920414446546,5135.6661243403305,0.08649214301589955,98.68316438859111
4732.2466597213715,1.4630383919221572,2155.9965883142722,0.21712212064167916,378.6326282225806
1040.0690863482666,0.441505240800791,9067.262876153922,0.0683136939542095,78.49478314563311
4653.584982574097,0.9686934067627017,2879.0217906706557,0.339323438357067,382.0677731859611
1383.4811225750425,0.3645608132475132,9997.543978318872,0.09938401391534167,127.40609747685232
1152.2282139168667,0.22994994683971548,8025.122986014707,0.05429388252115679,140.82773298517571
1666.7088553964568,0.306526624664468,9268.643189821916,0.05843030625617887,64.9351920147768
1284.2882890954593,0.2779317030391836,5333.303816389345,0.073991597483207,63.553450903434296
1585.7782709310477,0.2355527544994697,6947.255892459618,0.09326359167722698,62.209505553411795
1586.7679078445913,0.4392545157212713,8348.255611518049,0.06779410114739798,85.93106090541235
1445.729820902869,0.29340282983106614,5532.168593498508,0.0884298073765673,98.94126641919797
3003.0320563401538,1.2606240413415102,2287.467876481429,0.3716937167386616,247.454906470904
1264.967061555443,0.14208738965672973,7213.389372720708,0.08193320385798394,75.70487313997945
1448.6325916177343,0.1564099154401343,6080.201122367898,0.09225086254834201,112.19796254634997
1537.6921285909716,0.49092812204519076,6501.349179259011,0.05070851448143129,83.8273630700544
1663.6247207672996,0.33510738504243587,9835.591772474912,0.09645765192801958,86.608298807952
1783.9718505055894,0.3039078693996196,6443.24243004968,0.09146130901681467,60.55300628025927
1394.807282878256,0.3092624252576447,6067.130669842055,0.09689336098259137,109.22313350910756
1646.046944096596,0.18610750961314393,7681.0458553416665,0.08967939419283436,115.52803752282912
1150.6109530685192,0.38748157980078923,8354.790170351489,0.09392957037271363,125.79502204615923
1932.6481005424785,0.13391224949190175,8625.465555347824,0.06015390240997396,140.4009213127177
1383.0588064210035,0.3293294852412093,8771.23592248458,0.06596145334385253,126.60044556570162
1729.5214219764384,0.3283075186343606,5184.162457573765,0.06576105067353655,73.57436661500685
1020.3410818821776,0.4656753696534044,6968.802001897817,0.05545833729390284,73.56551594643697
1205.187142904807,0.31047312404194416,8869.790398915451,0.08647896276422953,141.5087195561897
1487.082544323578,0.15482507838967183,9524.260509000647,0.05680854463435364,129.01335694151726
1878.2524677323465,0.32910130369926505,8011.000616663916,0.052625458303953036,128.2246430310905
1527.2551499506772,0.13653105774613294,5261.534267548428,0.0887723435027532,121.97136601105359
1929.870482293879,0.18151753411996868,6983.229029275656,0.09523315848659647,76.72019912537813
1483.7968965827963,0.11244343367496645,5371.135579342274,0.08820616739825667,134.74103424070455
1490.44909673595,0.3053174329837993,8742.689313422923,0.09126761064159883,64.2884678080126
1119.746788500532,0.13381304611742895,5317.527346408326,0.07978108389153857,85.00176092979035
1802.6562441522196,0.2877577514125316,5928.655333675886,0.09438731689573766,84.64745399364296
1246.9654124670624,0.47317801412965765,7084.792119823871,0.07483517411789276,106.01321417080348
1899.612489372315,0.38790456520773287,7313.241835574359,0.09941613092437325,96.34435559955776
1910.8242203303962,0.13096466969011722,7032.408501575062,0.055170752138472445,95.98081330998706
1943.3101118741497,0.18968392488353727,7316.98323303,0.0904590353350692,105.35724312795917
1520.23048910309,0.3694649679573737,8566.195760101,0.08206947080056376,91.54184549121288
1677.0937847836444,0.4578807444096735,6846.344114777708,0.07903230341105977,74.99832313177356
1778.5158800616637,0.11316743470558151,7738.752295753096,0.08629052654305608,116.41207177673373
3846.3241880362275,1.4554622912475637,2788.2306377906903,0.3125490443139078,363.3707743275364
1600.9571949974973,0.3247255521353235,6768.137475452413,0.0931442033420255,97.89958788445894
1034.2979013033116,0.31843653011855705,8068.994795210404,0.05876904814719925,114.94831867145072
1497.566083388726,0.48312527310134323,7452.4732581851,0.05985179648764846,103.5363281823036
1154.8426816202275,0.3990578450387092,8615.181474296405,0.05080832547567986,55.899643853710245
1182.9229259620847,0.44004754722244477,7802.692940258748,0.05659212288961364,92.30846615641362
1365.0475666926015,0.2415982278178667,9017.870426919364,0.06319412464249624,50.98524995217373
1432.437166716503,0.32174561633136395,7217.041064973582,0.08605179112751415,116.1879278164758
1623.1724245321873,0.3461622709711083,7455.168099334007,0.07378837545012551,100.81614698846013
1074.4284184385156,0.22863357614498603,8349.856744504697,0.08789517677920088,62.68315351796969
1503.6917612374446,0.3280992499789598,6106.219722060245,0.07432679239099454,104.21915320788382
1182.6251302531011,0.19466215179188553,6929.647684656305,0.07777987264549842,139.84260030279893
4675.665027125072,1.0680250119970613,2190.6241105257436,0.23850214772365497,322.06744219743774
1637.4046122611835,0.24958810371093307,5144.3813463286815,0.08882791423380162,148.23687662329664
1556.7092565528537,0.3957158514985748,7184.8571681697085,0.08790632660997774,145.93799067421673
1738.2955104783077,0.466474859229555,7994.249681530584,0.06537807958403098,128.53098424564885
1335.6092442409013,0.283085620599293,9836.87765989099,0.0664289038900201,131.37999778189555
1765.1065916331308,0.3571294753101727,9385.082808088355,0.06098407252865678,91.05453601998423
1432.7670817081937,0.1412148523900402,6403.7097647132905,0.09069198380180764,90.25410952970901
1484.184498322597,0.4617855034209315,7536.050520144623,0.08735034009808902,145.43973582669926
1648.1021272610715,0.3274416854279738,5282.071863300456,0.08045738690921264,86.6196249553642
1018.358383999224,0.41213529905006285,6203.772074089035,0.06194110515648488,59.68728890730432
1653.9942214202483,0.4177764803685575,8874.27934034045,0.05859266663068721,65.2701088191265
1618.5851490721152,0.20259221054724239,5616.570061376723,0.05251344255873066,121.03989651929221
4615.526050709292,0.8419271161822848,2752.826565128105,0.36646108434304914,266.86589075677006
1085.7942848994894,0.484191900624391,9720.21250867904,0.05935680699041635,69.93428397121927
1090.935449913041,0.13585381792833112,9119.27900246229,0.05502662661616111,131.3786128683064
1923.2237469852284,0.3732199592118254,8909.13856324456,0.07780538364612216,98.86734906732923
1689.279321225837,0.4849056312140688,9322.787451510783,0.06790450638972385,106.76412047697843
4036.7384060298723,1.4258032904467282,2042.84793926116,0.37457058535182164,247.00794670789548
1356.7231693089063,0.4445791685617393,5602.931080591175,0.0797033591793595,69.27542014159393
1592.4829939015963,0.4734630181633087,7582.806632426156,0.08295508726767568,62.58560369738058
1835.5717050906487,0.39883448375793007,7221.2196040116105,0.08241008599412891,101.45427992344311
1043.6609287130086,0.19253132492278333,6555.757891351901,0.06304282934104163,127.56570117272543
1236.633131470009,0.23360028753063755,9170.202048598028,0.09048135101480514,123.22852438814743
1889.74899029538,0.1143237177670923,7320.696011871169,0.0958854834959615,76.12308205222119
1009.1655501838164,0.43258129369814213,5301.488006787748,0.06579691736115977,135.15501879056376
1201.3991027938873,0.439844474604432,6374.8279186013415,0.050853270828303404,60.566084814041346
1959.024175972966,0.35308412398647715,6143.105290147226,0.09495770933242526,61.40499700831113
1613.4018465221711,0.24101114050554054,9437.394424056418,0.09617743664767381,134.93042826041832
1261.6713666375065,0.13072441105596821,8237.190503195,0.05254732202065168,74.44195611758968
1066.9910943958475,0.40122304396596375,7801.881329410376,0.05024782959296062,120.81158446400948
1028.191340447222,0.39061047744396915,7533.246208393525,0.09082023914963712,50.907959192167596
1244.7450796369274,0.4650410086955604,8250.565137707326,0.06507316772415533,59.36010886191531
1881.4858195889105,0.3922128084021449,8774.377733885623,0.09572910836479943,110.92887087222832
1415.9136542975095,0.4314779768976008,7771.92352915755,0.060837178663477334,68.24159548779045
1720.333369165993,0.39838184716159986,9691.427075763053,0.09305773080632936,52.82136863127622
1918.2850353799577,0.35227487532492663,9884.170853251922,0.05343221348625184,96.69467566833231
1408.0404616028165,0.2707865576764037,9976.711583044114,0.06303184236569868,83.05204992785187
1191.277371037397,0.46084692345691114,8346.955550443225,0.09865644395728206,130.22569280831442
1517.1179308569194,0.3603874287629879,9663.102333779392,0.06155983271656412,131.8828991103304
1908.0836870598546,0.25934212878636365,7022.398476539774,0.05665064920375206,111.44231212091987
1804.3744141377006,0.1333877180727829,9297.961956236926,0.09285273262364976,79.30337463464525
1065.8298433631537,0.21628194236175285,9545.871493698403,0.05589003958807395,96.16266512624506
1692.5728000775819,0.3174906939320659,9520.702361661377,0.05487280542897518,120.22560271046095
1571.8975224589537,0.21025414800647782,9154.231414541908,0.0661712567094768,56.930855315530174
1907.4631763464254,0.18849413916716085,7032.995808206252,0.08176642532984799,83.2497088328125
3485.231576329973,1.2409100608948658,2445.572166957019,0.2613721963055938,267.72629910136243
1534.0361132046567,0.16792813835829384,6669.781781722229,0.09406193919136979,90.60285422470179
1879.4626935118922,0.4201640253300414,8836.442846490465,0.0770455762979553,112.46680113154659
1410.023786741743,0.29374726053706324,6164.427556649876,0.06967088933804877,59.633436913527035
1481.9949177328672,0.3295451095850601,7391.360324129862,0.06794168809172327,127.70459751840522
1070.4606776669582,0.15895330703893942,7826.99758992336,0.09234513642387371,60.04654899372419
1278.143640448911,0.22983053425174696,8019.2928121893765,0.08619076547413328,136.1525254502757
1324.5066491689472,0.2640358733044612,9678.627741893994,0.09527145068625698,60.66010448896881
1945.122448744887,0.42328513220660124,8307.465102071588,0.09820177278658071,139.08927631696767
1282.667360541159,0.40806380923446106,8931.49408038651,0.06500254180419038,86.37698742271485
1460.868735269652,0.18919098991507255,7909.391739458168,0.07648370593504197,112.45307317743087
4580.125514504838,1.4459894428020053,2775.0506202321903,0.35447279492104605,267.3338146123538
1162.1833724078774,0.19738254310879905,6318.318065348814,0.05819244733882288,51.02414209905666
1486.4423871418744,0.4952988622760982,6049.3883583439465,0.05266735169624924,76.56931614063046
1738.5390394759074,0.4808495512523483,9631.60024378985,0.09338819570576568,140.83383212925258
1866.855213027066,0.32530588820824824,8467.404381786891,0.07677617553776866,88.8176060584812
1626.2592746624268,0.3795610287576572,8357.627885291105,0.07853871081800197,120.63759257976245
3735.418051208269,1.263062961245695,2242.0536539443456,0.3098859498519808,345.06604987698745
1126.283472584569,0.3883993680179616,6883.486296467552,0.08774803524163452,117.83716014112629
1945.7764972463472,0.3799314764329683,7778.455972393194,0.057275097234102165,57.31609955260433
1132.5740774844824,0.4834216031798112,5602.831747108336,0.08070242203857664,121.7325139764667
1774.6729371817983,0.33858244252291336,7273.562805415539,0.07347397557888151,82.38049543867787
1264.8163217783188,0.35452106872762223,7276.8385223274045,0.09484790797538623,96.58476559532664
1933.5931437012516,0.4397075001752725,7691.682564721326,0.07598104689481627,66.62601809670558
1719.9595393694794,0.3679563471433628,8173.428071836011,0.09714674870370829,112.78490177342105
1753.813712978369,0.393173048807009,9786.59182992681,0.06766264970899534,83.75676287809736
1219.0591730598833,0.19366747447865698,8260.845635458783,0.09834473531949953,88.33750060493566
1443.0399766351609,0.24850676964602836,9418.625759767057,0.0937578974045884,115.21929249541363
1617.8131945892865,0.15892053828475722,7781.5193073458195,0.07921316448676774,67.88616612225506
1769.9736182066008,0.3023061769339222,8134.639413137449,0.06768549666595124,135.20088935722436
1103.9593759123895,0.28229096027209855,5349.184765547848,0.068796167872628,123.92864055762207
1962.3653164545285,0.49886512571178276,5666.318614422078,0.08863760432291459,107.77300031381625
1890.220670554556,0.34448346112621697,7898.3521759876985,0.07903156755845223,62.833306708244876
1270.3485904955844,0.4145779292777694,6978.5643497901465,0.07007937927346605,118.7109694400246
1822.760243032332,0.2336058683030617,8994.052599327508,0.08180274807060822,51.809937208952604
1518.3239230398235,0.43261813253711867,7715.8893743708795,0.08666166989504723,130.4395801533944
1461.8064815620187,0.34603398659507334,9411.45519475669,0.0511450256279233,80.3797696806092
1314.4341058114055,0.3787969326393754,9861.658392311456,0.05449314005587551,61.72115505303463
1580.9685866315924,0.21777231117978177,5738.175925607425,0.05472427202035396,66.44889540561968
1729.8891177035978,0.3194553566782309,6974.138758278133,0.06159669026316674,146.31343985084007
3352.2646018239593,0.9005751395088336,2082.468633318679,0.34848638723788816,256.512337662002
1629.2191930082922,0.3356378703266324,6527.4437770017485,0.09018249496462773,73.78719733364002
3287.536849089465,1.413587674920006,2261.9795229073534,0.3877621787342971,360.9344278821584
1711.1218170152858,0.45930906579702147,9068.692803144184,0.05087388941903024,64.01176706625435
1051.9660981311802,0.4883936231507483,9901.892345293714,0.07416809264758645,123.35272119014414
1859.7478056850669,0.3669712024027958,8869.016656237407,0.0998314297712311,115.67396268523468
1458.253314765048,0.4887656520502739,7618.3831140205675,0.06745104978274596,132.14767723855766
1262.4160816962144,0.4329912000127636,7212.556159726573,0.09806272593836575,88.1698720673206
1241.7645074796815,0.20833285613598373,7698.238602651825,0.05506725655682113,90.18354583107764
1483.0141128439504,0.2709742678205188,7314.198510938679,0.058654982895265245,112.45670184427898
1886.8315394689594,0.19535697687560394,7514.44028392834,0.08620610350728541,89.82057569652216
1378.347581682647,0.10167886433222609,6017.265252646139,0.07506062244853531,54.13508927022118
1749.7257467835434,0.17521950125876345,9518.709746546638,0.0882560901732943,122.97080318117405
1096.8187309872187,0.10162423451475028,8772.67500761634,0.0931779172514445,114.09460630551271
1476.0567021510617,0.38793538454019605,8404.8871134661,0.06255424380305173,92.37128127559811
1991.6861403927355,0.2702137190884798,9749.624854872367,0.0841414585219871,80.28295608801194
1770.437802792337,0.22502989083114333,6421.97165956419,0.0803800618316878,82.07258383273683
1210.528488440613,0.4046883564380752,5405.797054468071,0.09307675145960656,124.10286237117965
1501.4414736979106,0.43299470984785804,9130.693301776659,0.07150519503049414,122.91608789795427
1233.6247636485666,0.490119815459952,9992.084818246274,0.052593521535533004,131.891842034125
1409.5609272625093,0.35680543387009644,7892.162190100997,0.07870930636362561,126.2180428236109
1780.0840237349648,0.28461158341602066,5294.046939563409,0.09794391595592289,125.79442021060652
1771.2248152904035,0.22210572064297437,8902.340200774706,0.05073155897526117,75.17732340554316
4507.353206960435,1.034639975619316,2791.352352128989,0.20238700180860428,217.78491344864145
1922.2233181548602,0.1851703801930405,7700.069931296406,0.06580338949820601,126.17522660360171
1592.5681827648268,0.26367574988791953,6387.6623710526355,0.08829194439454878,59.86180196557529
1379.9242909620145,0.49671454211517196,9575.133902961978,0.0661638461234081,148.21114052949798
1501.9355807808606,0.10034147897496132,7256.656066297424,0.0619541931598157,137.50892674500068
1605.0712534377437,0.17888235889240034,9492.316742392766,0.08242790072335206,103.34616019211872
1559.8905318457855,0.17535719296142954,6495.405426272838,0.052320264448049984,85.21835651021614
1486.4050355361783,0.38684779421291693,6936.812919106756,0.05852984299793735,102.6843035947429
1504.9328040894002,0.24099389103922475,9735.595941235402,0.07040151143347219,123.43018331033707
1176.4119104278861,0.28290432183672826,6006.5722546581765,0.06777999811700156,125.63299785606145
1812.7329043046793,0.159449652187962,7892.505758255726,0.06735829095916816,57.36659986499176
1541.7603199410155,0.2619988155507791,6942.551642800557,0.05542775065598309,130.48540948948173
1131.079861704703,0.14127992476233442,8870.834425343637,0.06804200097248983,114.14970817051555
1766.157101582778,0.3132173151554333,5646.481855856787,0.08989963859957015,54.05796139052028
1932.443978377351,0.1391753461531424,7186.074845023342,0.07069221008986977,81.31612058137902
4017.4862347411754,1.100566438075095,2823.7017806725,0.3492455189940158,399.69013028150016
4276.200096565684,1.2353959914775554,2612.683412075911,0.39340424507704475,240.44546441454477
1135.516873560754,0.38958714950940676,5292.658696376883,0.05348556817342881,65.52405288745547
1518.399626633065,0.26740655466107355,8525.56130667672,0.09399780209657804,51.42811645973288
1112.6092293492206,0.2525965172968909,7515.991638424915,0.06656862980729794,141.15506334512585
1933.9874185126173,0.13928355561954545,5056.543433400503,0.06751686165340665,55.61079550301873
1183.579627355146,0.30954224281712905,8063.279476141865,0.09388439247394292,86.6011421464029
1252.765859951164,0.30580086594283684,9599.405112643934,0.0853885674454372,70.577163727149
1406.6365268849704,0.2872408177798421,5555.129741058445,0.08781313554938065,124.10331022073613
1383.164468559126,0.3962073458729797,7953.356175045845,0.08410017420838314,120.71846574815343
1794.662892397889,0.43300176001294177,8643.344408813151,0.05528961223957682,130.6222411961981
1456.3168205509623,0.40031586997940327,5353.868350701528,0.0978997910528114,111.68083012449847
1170.7682600033368,0.15754629712273754,5113.077290820932,0.09545681435639639,109.16531603333351
1267.2098954860742,0.3488238037128433,7320.979333224736,0.06181100634157272,90.71107154718845
1509.113385187522,0.13212924227581335,8955.93343617182,0.09019970955719207,113.63587001088682
1147.453917426135,0.37784891497619066,5803.597050496642,0.070469821574866,61.52055849667531
3820.13427603228,0.9942020012626565,2367.325102180758,0.297215730317823,295.6581360795467
1565.7473065511458,0.15299958250651466,8282.886277117981,0.0582801499906617,60.389775786308796
1714.7023163822578,0.44482034279045113,6660.866438942428,0.07692771253282105,136.17399025326662
1937.7046153793676,0.345603335615575,7579.128992462247,0.0563308149779953,100.56828058270553
1912.2545611011556,0.241889987179011,9827.874898633692,0.0768083582679058,103.03569045356406
1946.0756180688313,0.11229087186019981,6082.184853161694,0.062179697802860645,108.48576022052359
1244.7155970237009,0.3149241036014442,7497.676988720201,0.07262332643844074,127.60524989788571
1131.5653066393547,0.46929035139449304,8122.4327805381035,0.08339846835872154,97.84706208721674
1302.2767004964485,0.33855193308094633,5690.073027378331,0.09385372908303094,92.7588073647322
1895.0851727663146,0.4886602418477973,5217.610443116549,0.0582644501542639,78.83334567729023
1972.0534746234882,0.15458044730818343,5067.299764657357,0.09466345577088492,62.80393507175913
1859.324951070476,0.3273220418379348,6623.464283000081,0.06950188239636451,69.03425410760332
1110.0177211275436,0.41925001920257177,5369.736472424327,0.09218982843029405,50.05278436858324
1947.427998059793,0.3102162924502865,9018.849762705573,0.07562739592088816,136.94216477856673
1423.358027350786,0.13642654239498905,9986.59763580873,0.093110428588147,126.49583948988818
1009.3102907623537,0.3331544006188871,5306.51910867232,0.08314120337600998,71.86824288189564
1442.3937407481935,0.3446951623369887,7163.631379667198,0.07543580703083842,50.23900905955053
1046.0691696754675,0.39148369939014105,5128.660614912874,0.06562693165001644,99.21163048620392
1543.8779211611177,0.40448460606618963,5669.954453786316,0.09844545438093277,91.25731993150706
1338.5540274370514,0.4083090752842429,6614.612804553371,0.0900448828833209,127.60066213420586
1473.4349335940487,0.3653777574555864,6968.491065288249,0.06905935925861308,90.28955066975178
1613.170360743117,0.18632447456746326,9698.914732143201,0.058336179652952305,136.41128075237583
1868.8010958178202,0.2616943023357917,6979.184043784479,0.08897677092966469,59.583822906525285
1661.9015764719286,0.4104519890457595,7481.388295287011,0.099497214390546,86.5858086252548
1434.0488684781808,0.4813707933603253,6227.916841369331,0.06394874768962361,143.39408986687306
1819.427853670365,0.1315787859346488,5000.6256937828775,0.0957931536167498,51.17296223268788
1905.582137573132,0.3142146711188779,9496.672283665675,0.056268535279396015,89.07894240069245
1119.7599664321972,0.22500890852972258,5408.573785181524,0.09761031271259271,75.9703260066531
1531.9329775527915,0.19015755772673193,9821.244205181145,0.08726694562215317,103.18607224430781
1284.511959742444,0.30232427340788603,5654.2205205013015,0.06732981146318517,77.8766800278628
1047.0611978769475,0.3424357362226147,8024.392403752201,0.0652315911148117,136.99080454614722
3827.0448293413533,1.4315193034306728,2375.525988792968,0.343446153945703,305.0478183167302
1862.7707774592254,0.4120826288804764,5692.322980348379,0.079675357012935,134.91342970739407
1162.902654477394,0.4279528525037791,7119.715424699121,0.09594683507468432,89.85678452279492
1812.4136576239005,0.4862043298271732,8902.118344857383,0.08831215671046072,148.99337655361987
1853.3957335369416,0.172257493289878,5160.9507492498415,0.07701824362869635,123.50363166241917
1914.3404426664833,0.3378210249443792,8448.913755700223,0.09637829209198273,85.5608936628619
1265.2850890860525,0.2706501493905578,5401.866689453997,0.07963653156666095,59.36928211987951
1903.9530651898892,0.23393114062214027,6182.600711366132,0.09248424178303387,116.70464163817287
1320.6627547364324,0.32625338057500186,5800.380812466802,0.09204713260489282,122.8567444231835
1552.3380134555027,0.4129532372894201,9536.682158234682,0.09595974294747682,62.2459132888461
1050.507470832282,0.10922111337808404,5902.283583908405,0.05338010156395523,104.97363517962577
1043.8810883687436,0.48776004502647474,5202.170477575786,0.07919098339733889,148.70879840538203
1720.3732127322028,0.42395263428228436,7938.12839223881,0.07341962955855247,82.62421024991369
1444.4799779777911,0.40046148145823135,6730.9046270485105,0.07452711917323362,80.18950224328638
1256.2923753692176,0.4041549528722014,7028.531103206832,0.07299553018101015,140.33021660929643
1190.4134960249103,0.25562428384746105,5595.313724312735,0.09187333447111705,61.741604466505564
1669.9534908592182,0.40064822033792546,8741.172457165972,0.06592164487084695,143.3527503375234
1000.4015440253398,0.25470808344118306,8007.76824821759,0.07313755408148892,127.94870602734893
1805.8911691968542,0.4594827318299173,6821.0852237414,0.06003412714505429,89.08404089329198
1079.249606129929,0.17088895332258786,5857.874718815679,0.06258583079623674,58.35476203521517
1191.4896149081194,0.2169389696860606,7967.258695852802,0.08302100416719375,51.91745412537845
1386.2363952990895,0.32053501707963045,8892.986397536886,0.0558467969125331,87.58311964377808
1484.8587397161036,0.22768441435490902,6561.9864193359745,0.05939109054973387,120.53535844768444
1354.9951158139418,0.26969489811810937,5129.301917692986,0.0764017279785657,98.75292134689022
1320.7121649842938,0.2969690757594379,6071.71992376492,0.05218865139815068,123.865189281059
1963.9160120731885,0.44254133952540353,8411.989094464147,0.05634634997101958,117.05708487261094
1641.5796812433941,0.30927690144347714,9945.481887284614,0.09316764694833744,107.29071893683664
3440.9642501598255,0.8292673152778139,2451.148779515217,0.35211004695690484,307.5191565861802
1430.175908444313,0.1990944656140463,6530.7678106605035,0.06738880525234911,122.838443435347
1875.0086997439703,0.2634703915168789,5310.104352244194,0.06739956576555922,141.46134491814422
1301.456186410668,0.30629444176574794,6581.746438815161,0.09682577246320019,74.21605643200284
1094.5563447743882,0.39844594288129453,7029.5717156371065,0.051292056953601166,121.36396267772011
1758.3847715899178,0.14841951046893548,9604.310459731274,0.07901477565426354,109.78028634151593
1606.0138319360813,0.18864367529566037,5402.803997024894,0.07986952895203638,142.4296096838853
1570.3125078265039,0.2518616063474693,8885.67026532885,0.08939435335908306,101.04530176243733
4262.472539385961,1.270066088923364,2052.3234077743286,0.325311888464197,221.98583188089023
1140.4990097955174,0.2566992350420847,9056.314248334638,0.0677913793521672,88.48389603785418
1622.5493962131138,0.4174085058561299,7567.010926628107,0.07189167367280007,71.88298054262611
1207.823841458836,0.22966176118486925,5196.41019421705,0.08356492402600887,71.99729993881867
1504.0700797484244,0.3007592721610659,9731.029423574193,0.09836358111720883,97.04215860266609
1544.8816860293934,0.3495628131431586,5413.670317172609,0.09453961768683539,139.2568835292971
1283.5071902709394,0.19287142007344205,7988.417512668781,0.08335265016350224,69.1869342861256
1948.4251555414928,0.3874781548590156,9388.338814667579,0.09283617858355112,78.78700121241155
1842.4641068355752,0.31884452789531237,5398.8489887509695,0.054260221544571816,135.29881280515386
1722.3735076327985,0.2787124652125512,7769.466942080064,0.06885634714259264,83.92562775605154
1077.993866409409,0.4239136106953255,9121.44937762226,0.05065462478494236,146.24134019897141
1106.1300193090194,0.19739810367407282,9931.62354322898,0.05887361191304752,76.89202764635412
1492.7813458649557,0.4532703882457293,8621.637004070106,0.0815246285601201,94.21434216985779
1160.7133491909856,0.3244194941466815,6391.671877316468,0.09427808118668335,59.56099391927408
1978.2654635294741,0.3436699517518633,8497.851649227046,0.08163901549958977,149.21757952986016
1158.5202340274095,0.45002358566757716,8528.833846538197,0.08320690535042834,139.01420448756193
4015.3443878318517,1.370746493546351,2410.67096643866,0.36584671560640475,290.26780287131544
1364.1210568415054,0.3406248275287601,9271.302185465529,0.083243024545669,65.73424705609406
1639.3864214540981,0.4012750815392697,5436.900312597455,0.07271733586845955,146.93580578479134
1129.0364088894248,0.2733277960931587,5542.099227077167,0.08257201157909116,142.91512856799244
1430.316428042391,0.3189511013998985,8203.08562112779,0.06630865547649137,93.56714419975194
1274.7050328071437,0.12482805468340447,9769.40548049094,0.07907429708315851,118.16370297014068
1887.751524671688,0.13594316720001876,7329.19319459623,0.07120346484154948,149.2458427692047
1040.585712134695,0.43177016167453286,9802.813508128376,0.07793185277175305,90.97452194995819
1913.7274940064592,0.12386866227299867,9690.426297580769,0.057354475916490004,61.304568905408296
1832.9941385530005,0.1677596502530429,9514.548691171598,0.06979124268086426,136.77790348189967
1297.5707164408154,0.41833306358017663,9549.254874320426,0.0687139328628427,97.64851184424967
1789.2906546771046,0.10045838025130252,9491.59396663993,0.08681972603264042,148.69694550592686
1031.2135603387476,0.21296173153834574,9099.44691769591,0.08532047569840329,105.08928604048076
1966.8655502933937,0.3336154631306487,8474.894793026651,0.09544293423656666,52.947760358920235
1526.5949425897893,0.33817997258771865,5122.040892963041,0.08160277961415988,99.17269636043801
1303.2810260654453,0.41086116329178946,5661.267960780262,0.06572735648967368,121.80621293289605
1362.5832125946772,0.3023705017968682,5671.160272657336,0.08916123316176658,52.603002820307964
1066.4053534604973,0.30376074781238815,5117.701421397949,0.07484988217668133,91.34487143624287
1989.3495140420391,0.3901242302162802,5583.508842118184,0.05967466053145393,65.55602004515762
1039.2919451506925,0.29944978530651345,9598.732167835531,0.08737057341635632,114.30968210213585
1654.907123147859,0.3433964346254468,8319.02143455393,0.05662656978596145,145.73458487780414
1442.7359277064584,0.45910962730202043,6560.365091477112,0.05890766656230646,112.4584904555293
1948.916218188715,0.2605804030449488,8966.8000611834,0.08793779642175736,119.48777063858891
1245.999740306795,0.25405002836768886,7441.847434774255,0.0885072347035644,89.65629004256095
1532.0868239380113,0.10141959674590853,5710.635184579383,0.08953906344021077,106.31408689519164
4033.452874844297,0.8021192767945462,2445.77854193425,0.24829200891786785,214.88552855948376
1702.8664440501013,0.11190876296285279,6693.309731182362,0.09332937286857595,125.96063452679441
1068.0102319524206,0.3016593958913265,8494.296152649471,0.08613340679810363,135.69116470202954
1193.7891300233548,0.4216935156128907,6452.970802498037,0.09169837047756703,116.28859442830998
1214.56482009285,0.31996842820786525,7500.356253369,0.0854302742373445,147.9808801924046
1738.1507548416898,0.2078544660866704,9081.263557652077,0.07897982293731703,132.82883925244994
1189.13869632674,0.41446736857974853,5783.886732121839,0.05546973857870097,62.46467489169251
1573.4917638909767,0.20788680163301554,9886.256976196393,0.08554681059759747,100.74753983861712
1215.2438205009537,0.39321271237835953,5351.079614303631,0.0845230387729092,140.323607869377
1861.6249500839785,0.3441033820760925,7670.044548702521,0.06562455666434303,144.3934868731214
1942.1854544896387,0.1679985186992005,9580.12759675974,0.0867909884523213,88.0205938432398
1518.4929749422404,0.46205354993767433,9728.469424412626,0.07752272767156639,122.57040615165245
1352.3088842091784,0.1802574731828783,6160.54481439888,0.07797031192717076,91.05454836423783
1234.0577750174991,0.4958348296562679,5719.924906074043,0.06838023393928563,62.36597221794319
1049.7810015230439,0.10292419546197631,8622.015001589454,0.05583925206700683,138.4611304922418
1268.5000761974954,0.20539335085716123,5209.867841381186,0.06084642289329945,143.19531227123076
1654.235779945318,0.17994411890967954,7426.194845151571,0.08844158266680291,100.47505312658066
1533.616931309211,0.10559736406818505,8981.77613396591,0.0635720775248447,51.83074308201437
1944.0412782809276,0.39294716005892627,7801.273622584169,0.05011265271678058,131.603625069626
1396.2772624917006,0.37737032083983857,5940.066328870025,0.09985087105657751,97.6960366230791
1693.8633423283945,0.41694038574197223,7435.221497349816,0.060534111692518544,57.502835754156855
1489.3227474751213,0.2026794185858261,9606.373582244465,0.0827691574435197,68.9391482871495
1512.5762159242117,0.277734066833188,8086.064890221383,0.09634610022874969,65.21193402304284
1267.7743146041175,0.36364540864861905,8607.4531378451,0.07998563673169685,118.62788663197142
1454.9507768419996,0.27590740155525745,6681.319398312575,0.08995153075422288,79.94094928674781
1470.7849970127072,0.3789303081271663,5942.418875838089,0.09881858560744075,62.76905173114432
1706.642521748934,0.35358936337617686,6278.211149498018,0.09301817129648929,141.76488262358436
1940.639999186114,0.1458591212088706,7665.887968801475,0.07789520443391809,145.65310590158032
4622.812426036874,0.8507865279407882,2333.248330060919,0.3210611380554994,255.16762718851334
1042.2004685812985,0.3882705436370073,7709.823937130505,0.07412322245819798,73.02358533098746
1496.2951255006396,0.3623337550469622,8538.959636880885,0.09209130840952723,109.2120719606416
1544.4613321491686,0.16203744250840094,8671.979380851508,0.09266773050753202,65.05078494984741
1168.4405511319153,0.20719857951814546,5823.424698305467,0.09229274611791818,65.85916929036118
1760.4646062760667,0.25727081263504015,8752.154244169316,0.07986122013750055,83.657604173739
1984.9291084414917,0.21197184866257737,8363.440697961796,0.07384779588788065,144.91703328680052
1945.7747170084608,0.1911241162704526,5060.025666843533,0.0655669028047831,146.24421963562685
1197.1060388236522,0.42214306806471036,5294.360875448754,0.05016804275909647,134.178824982537
1875.3632399007606,0.35529289854408097,8231.247509301902,0.0882242635430478,119.57129179290506
1704.4936364116847,0.3261888526201001,6918.519497818548,0.06384991400070274,122.06733658567526
1453.8465638069115,0.19038108434130155,5730.519997878329,0.06648389476926687,96.95728430874009
1540.610994324729,0.4672306249074566,5221.9827958481665,0.0921740612423522,103.01546281555488
1849.6001749824582,0.1764732156389265,5796.991703362154,0.05261255785613103,113.4452660005988
1480.1349396383732,0.4179803731298709,9787.569821608082,0.09638101657287193,123.12866374945891
1373.2073691051269,0.4866690666821173,8637.82820785485,0.05006809612192532,59.68461725105513
1493.247493025986,0.3908370916896945,7638.52710467147,0.09695845574127031,72.48870096795551
1579.1298040350491,0.49714351007385194,9707.702500272959,0.07273792455417083,146.2943191302679
1189.0776537783488,0.3604204467911787,8095.552188408019,0.05510613125759098,83.5142265460579
1900.9077302669907,0.186984137441558,8628.225941403336,0.08370806836205938,76.84742108082028
1674.1869488296138,0.18152779748660453,6413.259092529361,0.09479282128606109,92.19113121243231
1633.2689173374888,0.22982571370219054,7944.9092179459785,0.071903640842381,79.0920750433262
1099.4962261806381,0.10285200808840243,5717.3862214892015,0.08456789520153332,59.118019255185516
1604.1739381725918,0.37267938803313383,7022.415725988877,0.0989681360094647,70.79611319042033
3859.0470281281277,1.4181917095291914,2850.1981487204685,0.3292726689572939,306.76214572115646
1078.6976751953991,0.42607329291710117,6083.140437913402,0.0910224728461344,72.31825570527327
1527.3108956423935,0.24366906022372012,5374.343147113374,0.06476185546735884,114.76671966948354
4796.46843710059,1.2810006801949552,2931.6882891165164,0.3175964166451154,266.1837931026716
1588.8102701562232,0.4862755666241477,9215.17582319245,0.06408829342486305,54.187634959247575
1089.2221680572386,0.19686884921891085,6889.670531725265,0.07230058742170613,136.1567682659192
1430.9830628472585,0.3885016389718958,9158.198129973218,0.05025445162141413,126.0026195541693
1174.786715045158,0.4020471157221669,8282.491562894436,0.06517194236651358,116.60276828463732
1987.1000859241167,0.1883992630094541,7547.647233154139,0.0722647031968848,53.0899232936865
1561.1502124351744,0.30039873464487826,6184.458466306653,0.08161200918530481,73.93539351537393
1687.4368609408673,0.24008077012518736,9610.780464220763,0.08186806955879544,131.23143271522605
1325.418280682608,0.40876249736003567,5271.004044210166,0.07918928092352465,64.46676650585445
1094.7389147793442,0.34899332761161495,8444.565088494077,0.06465159147961486,131.28534398937637
1975.8708627835367,0.2903932219442188,8106.199464046844,0.09737021579678729,108.42335497091801
1286.2590353831831,0.4117453060190873,7205.207611282634,0.06959849118705497,124.03683677969792
1423.8081851735742,0.1940622280033668,6201.604776463027,0.06084469706195289,114.45070784511731
1649.863921702575,0.40144875223374366,7153.479684226335,0.07772564698339937,91.69895800837546
1024.6972976861114,0.4461497248371298,9363.863627767103,0.08744643349404568,79.19773488969244
1810.2591305172868,0.451448638723029,9183.830551274772,0.050611678641113315,117.27291785908471
1536.5781900286202,0.4134694372078416,9706.906249885145,0.06381720036977738,130.69128818048944
1278.217187068822,0.2632056667993075,6538.96603312624,0.0912488926300015,54.47326361618617
1061.6079852924693,0.49272320908713085,6935.520791844365,0.07535105466927991,87.99089337238306
1162.4984154744413,0.25183745752897596,5093.630763299317,0.0704244152289957,85.07297841798629
1895.0338588534369,0.35545015964097026,9714.74997360004,0.0965450639791156,105.94708404584526
1686.0242239358909,0.16442967122778746,6646.950459086344,0.05447675485614194,61.39250563877997
4772.9516504442,0.8377483512010863,2751.029947217698,0.26370392150547306,344.91072356820473
1065.6007649450296,0.3815943687458653,9539.023057236973,0.06710943581218885,104.85102684338226
1690.6153123866363,0.40135101809854734,7632.992150834066,0.05354116991464629,142.3752804283779
1572.4077259677651,0.12631068136445786,7830.87270877739,0.06068722543054101,131.69409234616506
1404.519524458235,0.4053671256882687,5881.1641907545845,0.08139666065086422,69.16388623151813
1363.611449190064,0.4098893716882406,7493.300104093272,0.051413846692727874,63.23390122929572
1216.8142759291084,0.368709090544892,9591.04300454387,0.07961244076946755,136.12502400009282
1669.6112565375176,0.21676384551613748,7793.59044053963,0.09784252106086522,103.6100222584219
1970.6680277938704,0.2958760168643526,6275.5818231987905,0.08975480311851347,51.974274789789845
1175.715245836826,0.1441737485234866,5155.904320673814,0.06727985396669228,143.42267484393597
1597.1166200155035,0.288634826583661,6681.50886727034,0.05691038231808042,97.30283993930644
1424.1850557459761,0.19752954104016196,7862.95457032229,0.07325322169564893,80.09363017523957
1446.688721744665,0.23963879459763282,5213.066441854151,0.06964752180892028,101.65978711706472
1254.1472801278144,0.16504016336147945,8048.962886455782,0.0985866480011926,132.2918390434155
1825.134875661419,0.19202174709875883,7617.069135590564,0.0994934027254211,61.02927350357904
1485.2556041472412,0.13062745672804651,8917.177345832853,0.07052923281618956,85.89329032375325
1543.4058521982643,0.4679605465747686,5144.440861359809,0.05743919917649684,81.88666732455584
1304.7609127973258,0.3121642751901613,8904.236724093687,0.09553047748214527,133.96495200281475
1181.8084656669498,0.2586967885050959,7604.385228790534,0.08967711378334967,127.84672759772123
1085.9103882028205,0.31401168510751354,6852.646663898558,0.07556371033278489,90.0104034576932
1714.1191409249159,0.35131729139262113,9826.91488179412,0.06826773215075707,116.44883096645599
3758.4731104471557,0.8942833296879839,2093.673524898588,0.2407600877984163,392.58221508389374
1690.0753541887977,0.17147718091452535,7706.625595455533,0.09509405876525552,107.13138383162337
1390.3764460469538,0.21822099945408704,6604.9073679623925,0.05923217238817693,149.12152946251194
1415.7748009896513,0.4903157345376459,7637.431893976679,0.09033917605617356,103.55744672355746
1469.1774960927717,0.24847719465940976,7761.3772629020605,0.05090953164135777,148.8574732830507
1367.7085081275432,0.10902466030293106,5447.241242124229,0.09602859965710425,124.71991062647436
1100.61997722259,0.15905739705486355,8305.675734591749,0.07501486398231029,62.07222902631398
1309.6318100028457,0.11053548069942082,8172.407479595059,0.061337391317058614,129.59661686003466
1663.7343606939385,0.4959692569682914,8847.33637317232,0.050142825140859125,66.12856414698152
1665.784401468871,0.21154833959648922,5453.292468295855,0.07797732343723872,103.23286083866127
1286.2243072399942,0.46941710277449045,6486.292734518439,0.06222439352799191,111.3245234465619
1460.102626557688,0.49835451030388633,8250.552998640505,0.08156321680054217,139.223045521936
1193.4472280119376,0.33993648845724567,5683.654129578043,0.06405846407260236,71.04242102571148
1210.3720815298357,0.11327852602622471,8387.99105394221,0.05440120145951135,137.59420723638627
1023.0470884066074,0.1326366521547708,5295.133554102115,0.07525258149217798,143.44937759583013
1896.7465499077446,0.2926356220431511,6674.6577647981385,0.07822428681440723,58.94873512595683
1210.7066650749061,0.26246880516459437,9233.555611662596,0.07262950127697754,138.52851180120223
1227.5338769364632,0.34247092231270704,8871.4564519058,0.07290177771648908,75.9180048607747
1279.6014326451318,0.2755391238845456,8223.80357613544,0.07948250639500078,58.10009493821376
1127.408071695429,0.4736307397085938,9352.292083125507,0.07631767547050768,145.85743559183243
1639.2628831813627,0.3138958861654044,8546.347720861002,0.05662837694313291,89.22034872495908
1075.1429531775866,0.37749042458497695,7596.875526054015,0.05985428232425162,112.29835051369696
1134.2024263263502,0.4585941090569986,9898.587501928934,0.057089552071452505,105.28731197953152
1644.756726590093,0.15874875033328295,8474.280398946597,0.0846647791109873,71.31819246598324
1339.6606204814427,0.19189386164741143,8006.835884065016,0.0764299206083483,116.95657281670651
1707.9478267011891,0.14292746418960603,7044.352804767823,0.07149275617654642,54.611498900726495
1557.424744670142,0.15585535969196493,9512.062492895253,0.08991694976364248,70.30949263119933
1256.021173061513,0.3050335867736933,6478.545478024964,0.06628973298804026,144.46637509339445
1650.827950489328,0.22847170358698562,5046.097971054513,0.07840533315454806,145.35075245907666
1116.2736802928807,0.269269135810702,5983.7026121618,0.053720380074509924,98.26551918134535
1536.4103830800304,0.49299593271762476,5547.587459711795,0.08722020419125559,66.90717389137785
1437.1481050450348,0.16268173911837924,6594.96887086536,0.08475962224077949,92.16200610349533
1267.8735828174408,0.31632482831923026,9129.393387292275,0.09011898146484411,137.7070833291899
1604.0049977395001,0.1395484620214604,8257.648426825037,0.09422379790082769,57.02740544360414
1871.3335923402824,0.22739852530555146,5844.902946168562,0.08790141336477093,62.78685771635136
1998.9046997630767,0.31101036946983945,8944.108605461694,0.09222449450636469,139.5652845856061
1607.7627687434247,0.4786526983861351,7521.099330497013,0.06728272994808623,91.53834006927451
1404.7058743291702,0.2564912885133932,7563.573120591485,0.06716686810074698,58.34586051423763
1225.2071002162015,0.12596267848586795,6810.560904904367,0.09721504099499081,63.92090771739816
1257.0960893951117,0.2552645791841268,9323.081824110117,0.09572872681631024,138.24481779607936
1479.4549781497658,0.1582964703495911,6591.6365192789635,0.07742486705526114,99.01033716245117
1367.2777012807092,0.19199584531657812,5470.698803348443,0.0683279392636323,66.29943078612445
1913.8145226249442,0.34723624926599617,6513.644969859725,0.09330007651294002,139.40597549281154
1368.2954676557097,0.12696954648147268,8576.767731339429,0.06617055662136831,134.5278889178757
1373.4445911454354,0.285889502500015,8287.909434016645,0.05768175414472222,52.302335078830396
1383.534512433977,0.34378463440430573,5940.08576776789,0.081974633750274,108.09901077494719
1836.620210367658,0.2687433569469988,5558.92149552471,0.05213109048664835,74.43366503807077
1650.788320846902,0.10765054024949215,8304.328792008731,0.0689550953083244,103.31358119805644
1614.1688503188925,0.4942077427611462,8381.884178274562,0.0903831907847311,77.92683322053307
1334.1430223838622,0.24684630693621412,6830.748186052853,0.06476080978464174,81.58762808919711
1817.9041768324396,0.41143087477330675,9214.006917645398,0.09656577395367667,110.18525324325805
1038.3638613557011,0.2302585968749813,9891.026018999584,0.09779123333083187,103.88591777677273
1870.7971723381131,0.2900067027973675,6028.226117246977,0.09079081503825595,89.51923977808073
1512.7498997939297,0.25538545704439863,7885.343578530142,0.09938216594960314,60.75679718290156
1398.2502348634127,0.23701569180384308,5026.731645019696,0.0765382055755719,146.9423898579616
1497.1672807176856,0.1087405508831115,8565.271980131438,0.07845997760694859,67.46055504700513
1667.415530533831,0.2440083751418014,7071.410567816589,0.09180834076352393,113.311724495639
1012.7654265178974,0.45579599615981203,5966.346134515824,0.07464026278940453,58.27447627040645
1871.5518564582476,0.37615733543747354,8761.10960882188,0.07033600034165348,118.83128325456185
1446.7395253113928,0.15816914363817594,9053.243987780403,0.08073767955872696,59.48397833839027
1342.9665197000782,0.3364620018490957,5555.832505879686,0.0828829755424441,72.95083415059818
1138.2455656340571,0.4568923439795486,5204.97880919017,0.08754479108480832,114.6985199378038
1439.4653743584422,0.3800136163859422,6670.392208345586,0.08341003486300427,78.29351919443535
1496.3227712843789,0.1594737569426787,8129.952328805178,0.08728608976316643,103.28508151479235
1403.6466944934778,0.44713299869379874,8967.097635943166,0.08372798354443761,62.45053933374093
1678.660093826897,0.22061760531554617,7730.312483152289,0.07402226192500895,70.24005392662029
1420.896528759226,0.2816304577249367,7903.743881534903,0.05674672921682352,123.37759082546165
1961.4175778465733,0.31045710387565856,8999.291108764455,0.08927216144676292,53.513886028223276
1599.277517823592,0.4402026417512781,7644.216871093797,0.051538957569384154,61.18002098570516
1807.4779356519089,0.4726429980590644,8055.772451131503,0.09962500458806699,71.49560186106396
1109.3559031094787,0.4718611511162224,7581.086699882797,0.091422924496984,52.0190559104281
1397.2912929459058,0.10318167251141626,9402.29116683852,0.08354553039906526,59.537869850618534
1336.8477014471528,0.4687553942341829,6177.583092925444,0.09833033859272267,78.13914776362299
1569.482388136592,0.12175478640062894,6319.967922702546,0.08062351407281047,59.291745158314235
1861.1135200614256,0.20630946272697415,5639.807308009129,0.052821644037217404,136.61194300298664
1078.3382177620067,0.3059951418911332,9097.333757472108,0.07796910870072601,56.607379051115494
1072.5747980447109,0.2919702756017576,7058.8864528117865,0.06386020928284715,136.09836991782396
1850.3177081575989,0.34188391755495684,6739.4697044062195,0.06847387639922184,132.2860086060266
1212.8500860383574,0.29177849149480234,9906.743585435781,0.07297925779250145,60.076159456338715
1668.7532544498135,0.47375027185616836,9634.016832198928,0.08873003731943918,52.51913142719115
1542.878132360805,0.1962195392858348,9859.938410623807,0.07514646071854782,54.99920148953139
1832.8935948872295,0.20960987761539435,5711.494983793465,0.07373401454125394,109.0378064573757
1125.0889098364034,0.46829517427722245,9456.259065740831,0.0650986068870923,117.03536244885746
1129.7829657226112,0.1306958054981025,6643.547996937257,0.07699361209263515,112.06533912462312
1556.8183602783074,0.3438243287619239,5063.283851059313,0.06241954272176578,104.1476851991898
1946.378653358371,0.3726943808262443,6956.491679915343,0.0630496907704114,67.46840906294891
1414.9977583707541,0.30221668937189583,7545.981765690298,0.08786293875722603,134.09538946352714
1326.9421002546949,0.37769275152925486,5541.1021178370265,0.06712736322545451,82.75549363602485
1606.6893231978859,0.1691018584047868,7688.388084371281,0.052569983646955594,148.61781961128855
1930.4486005450312,0.44105289310861595,9097.317920883657,0.06718386429474904,88.48577978941904
1836.9278328446237,0.15601027578795423,6888.25475419597,0.08192861039333095,76.30048439743655
1995.4836107332198,0.2603249777262999,6763.224032671511,0.09069927933386612,139.42508137817376
1022.5685832023771,0.13010304052328234,6694.052101153387,0.09809683406961807,106.74141631910332
1112.8581447127622,0.3180844315269601,9615.47222941846,0.0873110210737488,122.18504401747397
1609.467763366622,0.3678983229702557,5243.790493950995,0.07144258047084184,90.83987833272448
1820.5764393338497,0.47648865403811624,7225.3807099647765,0.06495596396024789,138.691550594359
1285.2443423067666,0.39573447835840037,6322.997270748584,0.056481499508544475,141.77252129843274
1239.2110880342188,0.31644116658166044,9469.035126937471,0.08138432172230572,93.67689311169147
1786.9757993812009,0.4730468068681335,5480.261317919019,0.07549416570545033,74.07238353687606
1056.3818538532316,0.2913747352163506,7057.213833402055,0.08388507582220706,114.7671384433488
1369.3826475825852,0.32448226123954776,7034.080760155428,0.061856657822753486,145.45843338205157
1505.8092225923297,0.3384394110680383,9441.972087735114,0.06618220840549728,112.24464595729413
1560.3486743503236,0.2639918903546268,6077.467225204848,0.06460476747493196,145.42224384077366
1728.6151567927768,0.4353930762263297,8224.477051508056,0.08988259210872053,84.38079649726146
1354.8457234306582,0.17407037553802365,5672.0306344389455,0.05856149074316734,141.5079070799875
1612.6843446746072,0.3219368761486432,9769.878570402714,0.08042360585122478,61.2566832416594
1585.3754227909562,0.38889330247487763,7965.074796361429,0.052567750787955336,85.88344189376822
1547.6161006537473,0.4615904687506309,8131.283651603351,0.07747637879508598,99.44712344905442
1640.4832931422122,0.45356735857371133,7168.867008302361,0.0531956987876528,115.31103382522919
1259.4491710680763,0.3034961157720568,6711.413563331611,0.05879382953939937,79.41392449487265
3026.986002387087,0.8078122138369407,2962.2249633753045,0.3254009869190335,284.8851216796299
1119.2716720397434,0.25769509445172045,8019.938769161295,0.06733626769417134,140.349620919416
1224.582382653901,0.2872711051520801,9772.80872674119,0.06718657088538646,129.93366129655624
1500.1979355227852,0.46250631702921985,6798.954770462015,0.09132096403641282,61.436252499173214
1840.44275054602,0.4722815972769896,9415.784443310271,0.06128437256902644,57.82909511382848
1701.2933420883842,0.45816562322680787,5743.881564236249,0.05431933708869885,99.81314551193418
1789.0406042020472,0.1553483447254553,9680.630104409003,0.0801755895407065,126.53437556959169
1350.9756239260914,0.4400336085322545,6752.431419490383,0.08437253498000034,62.323589291126126
1404.6537416485503,0.47934549240859214,6898.636057966728,0.06474118080107269,114.14374669360187
1393.681885990613,0.24449987782944188,7314.211285171641,0.08014070581806887,102.7855391102307
1191.8731844045014,0.3074585157686677,8591.22134973825,0.08880282840033221,122.59894197343722
1061.216658143572,0.4116381023251984,8598.267168445176,0.06737764695380562,93.53752261662679
1590.9160928272267,0.32483125502625954,7397.942923598326,0.07626769199665559,119.3296597220009
4484.854686119452,1.4030555210305584,2606.5859893096076,0.30491387310311924,371.74969836569016
1166.8297049502628,0.28228534606273137,5150.052438870706,0.05118234005350902,71.45942732316288
1046.6848198992739,0.385577084482951,6521.483507791629,0.09906839874054149,140.33340638140044
1779.531681823933,0.4170364560786177,6730.085371153047,0.0649865425268185,82.93750752974563
1252.5860066847242,0.29764016630337575,7793.6363436287975,0.06394510253609109,148.5505814836551
1829.6438053529282,0.4427935222845504,7791.498836856523,0.09866225665865438,54.62045976500932
1703.9366670345153,0.3184618364828786,8549.498988639367,0.08641167618815584,99.58758149529069
1945.6735370508045,0.26466031872065254,8585.136481090405,0.07926489439702417,82.49871644463526
3747.94396604764,0.8661731371886596,2496.500388294261,0.3395502885943731,269.8016511118569
1661.969839450634,0.2573654305401697,8850.935755524124,0.08549632833477014,149.00347563646199
1464.8547808132707,0.39357458189331374,5098.01784023141,0.08816679401464914,73.52432918529321
1630.5886973085435,0.4685145646720429,8580.809423033603,0.053359461570996,76.72568796821359
3307.0238576547595,1.362845012199329,2248.747066024956,0.38871894822560876,341.9993068777519
1188.6322464240748,0.24209420693220107,8648.241042106096,0.06475651589165082,138.96744313942907
1507.8974160033808,0.1615843976417705,7635.5904528420215,0.053528481925850274,116.36969878549185
1528.5842014374423,0.37628915769158755,7186.272503415461,0.07062994984232145,136.47089550613634
1810.6038482601612,0.4840753720039701,8453.331948807145,0.08080867427065734,56.32924553957282
1735.5207057935813,0.35638088793927025,5181.854168736164,0.058924883998720944,114.05284813965936
1663.791623941444,0.34683061200249055,6117.351628377892,0.06525133719439269,120.01708891706963
1113.3870955525726,0.3213959722001736,8082.20071233827,0.0819585410958577,69.03190630647124
1720.616290663715,0.1353822962742146,9236.07703315409,0.07896623287786067,127.79702093246055
1500.3051563545148,0.3918015305717535,6905.538184725585,0.0934392731586612,144.4265169701356
1894.0995361061591,0.3408198174197403,6293.807363167785,0.08956154848251918,139.7966492278066
1919.8709341305428,0.3645907075425149,7593.682178944971,0.09828055261430148,74.4967417913339
1055.1565906017854,0.4595244372109687,8111.576261934207,0.07985966550566886,82.39926379721862
1820.6415603544788,0.41358431482440716,7100.515157028733,0.08492336832058131,99.96113689462462
1037.6973904226707,0.41236610086181047,9383.553413298774,0.09302531294072015,65.83611842805696
1367.1696256950227,0.47087350755173907,7617.1935443000675,0.0919996222412634,145.39531631162754
1542.2999756210793,0.4959739805851998,5179.117937852925,0.08593608210131172,66.15966297108275
1148.1007986271275,0.33251309278442387,6115.269773530952,0.07501281046869876,126.14229579903359
1746.3138125690768,0.14355264641246632,7253.235154589072,0.06366034441153645,84.14281511709285
1008.3547041721386,0.2836519631101746,8488.627595084667,0.09386078769677031,107.37207976965968
1168.5990484340368,0.41504045858465777,6098.761218962944,0.08883277211186526,54.71738243943616
3626.043282147003,1.0668226198050579,2762.5580565831433,0.3243543827920949,359.95071147125896
1714.3875620372924,0.12275497534245963,6592.791290940418,0.05703946590736021,94.43912383212123
1916.6431026939163,0.12686311295312855,7662.401034302942,0.06574064390946374,117.7191217240503
1705.496651934624,0.3924143033313243,5094.831923655206,0.07124425189498257,127.75619262108798
1671.7792702548659,0.30046665142526885,9424.45360715402,0.09191759861502805,53.01405177633023
1394.3411463506643,0.24755917740823744,8944.173267625916,0.09464433363573278,65.24902160787897
1001.2844255268014,0.14224681810469442,5977.290021477964,0.06424463571276431,122.97917386892537
1120.159258735622,0.39289610008235565,9666.183456199215,0.08432145836328825,131.30554258120162
1534.5545447560391,0.22840792422035988,6579.1988189870235,0.053890710307628174,73.65715272857861
1675.1298858444197,0.20612962802586687,8460.931441900586,0.07047866359843806,72.96530470060806
1417.4482838964625,0.36092768062142044,9094.881590083,0.07433345538759425,58.80294394731659
1730.6790115283902,0.3236043570387367,8704.572306185904,0.0882816407449558,65.02939755970067
1521.8622953321787,0.24496425672532066,9587.913920149207,0.09459861184185603,50.80158918822462
1074.1761955943123,0.35659498832223524,9321.373801703543,0.06686416179122281,108.98312397778943
1192.0162509679487,0.20848860815364728,9973.057570458051,0.07638694449709507,140.38913440894316
1839.998223243943,0.4179321046417307,5913.057062880727,0.0823724111183762,64.95760995381788
1724.9127466244395,0.19172758012306157,6523.809006133501,0.06643436144734075,125.14436634410436
1894.761987012495,0.16353507815280627,8181.1293371581505,0.09927691065870223,107.36586863224966
1117.5572491209366,0.41297576379955003,8665.235929457918,0.09378871897850123,143.9921892613172
1990.222534615074,0.3831568122791733,7673.025272778546,0.06482014144333084,129.8122522470258
1209.4067139499336,0.17305559028071937,5369.641824433074,0.07539731154995243,135.27290227591286
1011.779876286642,0.1464983010759752,9207.97613400191,0.06154203066236222,113.91421523725668
1997.4229390535543,0.4353596353946768,9804.371780106361,0.07572519594516675,131.13361195358698
1281.073885445113,0.41063939287867524,7027.584219131973,0.08416661724116425,85.08695034798609
1668.0194525125598,0.2309029494798657,6124.06240849423,0.05427605463964939,70.90175948372197
1176.6823141763052,0.3632789632853467,5096.568774810437,0.09350586024036359,141.25199712329643
1580.2285321991417,0.14966407461912434,6186.495180467926,0.07968729342232918,123.43358780724205
1904.0349864545592,0.3028190636190713,8499.59387419211,0.09948014492885009,59.070289693809016
1320.1811674284386,0.10749211682416795,9557.946938363653,0.05127957536247516,136.69095277514538
1670.2539760443592,0.25664075236862216,5467.565332158829,0.09157491755491161,84.89039399784726
1187.9035887984164,0.12993712858856205,7766.29593580965,0.08959815241272738,79.82777905417768
1624.7953987187252,0.29005887206275305,8477.656242559162,0.05664262560200162,112.33135672863878
1336.4503518175102,0.26867265874115775,6381.904105531343,0.06676528175417035,106.85986361064636
1211.2082585879516,0.2777540106552224,7849.48519585151,0.09423981015220864,103.82567211654883
1313.182050703635,0.11813252081919763,8576.242130028864,0.07592271475361272,75.48771834020269
1178.8410685077993,0.24464653651273296,9188.596215676884,0.07006407437336196,145.97737512562196
1901.916107837883,0.4025935396399666,7262.499254099905,0.0952748216125421,145.0120923829533
3514.4609711620187,1.2717841855443113,2799.01540798413,0.38205124971039683,257.6057388622454
1245.2793049743673,0.38606878104383224,6508.914858699249,0.07365613914511282,83.78276291677085
1448.407841015933,0.2477914894534933,6065.233733860793,0.08261870489876762,54.554866406204674
1320.5361668064957,0.2692957765960746,5936.568730453337,0.08042707195075063,135.02487663099078
1744.4192538133261,0.32555684513170646,6794.363659128631,0.06321382272044458,138.65182382966168
1971.2199118854944,0.48027277472283303,5179.398408944246,0.07816564522671683,101.82982836862439
1438.0336566976468,0.1435441786586621,6414.959188326248,0.08542808821429909,133.96780344607154
1861.0333999722404,0.11316550746446948,8261.11412221614,0.07924427036633493,120.33603158537919
1565.8630735596194,0.3431828735240181,8239.595235800683,0.08422311129886612,99.95739429284242
1157.2356650942334,0.47963883557137055,5367.769032457456,0.06280393696943953,86.38113989890275
1690.6227420813416,0.495889253021886,6437.078085403101,0.09164244751358913,76.62250253265597
1513.4344971258201,0.2936656989568007,7847.788323389608,0.0724844768492485,75.9429137423052
1650.6065232521034,0.2872326484340394,6592.760687515514,0.09936119220522845,106.20643842375914
1889.687412571665,0.3579855082980785,7089.940120944368,0.05116426603334688,66.68088264903457
3269.2379530802036,0.9506564678556527,2477.9419463733875,0.2903572474913553,241.8894617727301
1901.1776232173556,0.3536352230456473,5046.33414728315,0.05902375261525555,51.03933403270317
1750.6690142816549,0.44959977021515773,6381.967720442153,0.07778047634970267,111.33280595591236
1488.604925877985,0.39852246779504374,5711.861218925083,0.06216025471868064,149.4344185660052
1603.2221356579637,0.29875095667471824,5638.045913822459,0.08687389732837408,138.92193754279236
1325.5811325190114,0.28474578360006786,9795.201082236235,0.09409329311687595,120.56898044271013
1983.5972997387742,0.35584069940524643,6882.801657812089,0.06054421767910555,128.5525297766573
1667.3511630503958,0.28228251376811897,7635.442924548199,0.05803388091508992,91.6852716263746
1043.84685249663,0.283111740506256,8669.109435348164,0.09376785928642394,79.80795549160689
1326.6219057480089,0.10652236071460193,5237.237374300251,0.06806359575442529,86.86282818846836
1623.3144337590575,0.16962565496292337,6205.113192788492,0.07172918174795151,58.14220817300484
1056.3332777992398,0.29540545599830126,9160.738936718562,0.06104847512217679,113.37951980296324
1023.8841913191428,0.4290613836201477,9309.953065889405,0.07126574340255737,67.48650222126739
1450.0242395278026,0.21149080269084966,6864.75460320401,0.06156500365389985,126.28782111600385
1332.69017969267,0.30905737325245963,6874.3079982588415,0.08329637203170906,68.99764622638128
1438.298608033166,0.23798483390369288,8784.484385544409,0.07494382062400437,72.81240252673365
1262.6933098800052,0.14192159581583563,6475.3511337493455,0.08940302229814545,145.7305639376168
1164.717746942981,0.48331939322852024,5585.470405699991,0.06563640580336473,60.539591202372755
1689.1433569803376,0.4418695481001207,6287.677251202917,0.07527975077295189,99.88425392460299
1514.5711162678003,0.13139696978676257,6936.723658178875,0.06297616614885673,56.26865074015972
1200.1542112493669,0.38791490498731385,5261.023547975491,0.09672369651233158,59.039099208220634
1319.5894262599984,0.2390319617430001,7393.401271000874,0.07609678338955517,113.3500362138427
1591.8079076633258,0.4979399228247171,8700.037563863893,0.058673124815897156,113.07272630585855
1072.2293482724779,0.22095940793159108,7568.725722402308,0.06363828296050146,69.31202813241592
1147.4530092661796,0.19549537814503998,5359.476702572535,0.05414509820620301,137.24865152583925
4824.164434969234,0.8105224482542958,2748.734692867722,0.26218677459420003,283.3920179228928
1812.317332714119,0.43405046533728164,8544.523040214164,0.07629609130353356,80.06105828711645
1752.4092332120092,0.1770075487279192,5290.48326995095,0.06685614612628027,74.83865580089281
1753.3129318792571,0.38376110788773254,5299.235948634443,0.09818867276301532,125.42852531308287
1716.3253434760281,0.12456263325644867,6853.007015904914,0.05856656981807421,123.36239241326038
1669.3854236698692,0.46757389724419895,5974.819820618545,0.08969563263684727,64.88319115314377
1476.991915378175,0.13242996645891952,9673.9039565421,0.06579857210964514,84.91878486702683
1642.278163507115,0.465692550537665,7906.718018698715,0.06117686930293526,71.66772466584408
1038.3615547879747,0.2963228997810812,6436.626997029481,0.09848184095006537,79.41441960858731
3736.2104556753766,1.3502642846058823,2398.4676304839377,0.25902313154855316,261.003494247861
1777.8777055368773,0.4893228318001507,6874.645256796644,0.08153104457226659,147.60236999632968
1500.3583603843902,0.49615367107928765,5660.57822189505,0.08485605186118761,125.02113731105685
1357.513328427237,0.3600712503844048,6186.161149217902,0.09956907374252949,128.00520489358752
3385.8414525178478,0.9244301130509179,2850.4111926910696,0.2537355044265863,306.5290334589351
1642.8020501620824,0.302468034262081,5259.380529984958,0.05509502254034801,50.05270850463685
1692.8011986299089,0.31166524038226495,6363.445200240319,0.053243306335069074,55.81570049219895
1870.9675998625426,0.3057785712541239,6041.557388210873,0.08333033887369368,105.29997666567957
1342.3340824609907,0.3277967354080039,6005.67555338266,0.0828800571962574,78.54811388983865
1769.7723073855855,0.10748988551775628,8413.812059879856,0.08740868964890444,69.29546006481884
1561.355824189338,0.384490912588201,9129.084583771823,0.05543893651163069,54.964092161631875
1882.8364906780791,0.3849577207811953,8579.333040321293,0.0972451137377586,137.58817394297378
1527.8121082956209,0.14618791007115517,8228.639079002562,0.07755792069553225,110.01273470579758
1517.6298283979672,0.32809577697832026,9582.258859089321,0.08247777605106077,60.73732144482573
1577.877081440909,0.32734447297430985,5291.961902121484,0.05174261916890652,126.64040160965936
1749.3153551424343,0.3729801680761601,5837.415429881204,0.0980487107257787,125.5825591076799
1964.690478828461,0.13415907685403244,7072.034278352661,0.07812959243719744,78.94036410152559
1073.5633542157657,0.35060132290643853,6862.258217519338,0.07816815564973144,68.84268915567444
1053.434602391017,0.2123007802985365,7090.258014815112,0.09717776581151899,131.39818761393764
1937.5503374073385,0.3028011961984688,6032.27452521353,0.09646750890918337,82.95647326511356
1529.875625518206,0.40932942108163073,5747.516577901141,0.061014929590862084,134.7428081080957
1614.9030145669362,0.3822583745452054,7545.96623728964,0.09655494109529647,54.36516130477842
1482.4236015947288,0.14756120707119735,9640.262620343969,0.08683106446900307,99.928894891155
1093.6574526074744,0.3364739148464293,6959.847311749585,0.05094503636657088,67.95952813996199
1768.0893784186665,0.4876466123762955,5216.7660705976405,0.06199215743691692,117.20448132281359
1747.2246450885868,0.1627077749340009,8530.836714447623,0.07064900727357232,149.72137614690467
1311.703321492812,0.44116283509016596,6455.524527635875,0.07914112277528774,91.25110320269346
1306.2392452284005,0.3810192322215108,6225.47503652446,0.08506648652443445,60.03105468919573
1837.8413809055185,0.4096013251639039,6621.29000348981,0.06051051969784497,81.76731194728683
1072.3572577413265,0.2127833308570582,8619.077619539381,0.09183502571368446,139.1506499565082
1881.1051483565657,0.215155571751937,9094.09693435152,0.09228576619445775,126.57610241039212
1256.6616898959144,0.4624077823105953,7940.280336694818,0.08174994096302887,73.22116618922574
4450.7302223789,1.2366731372050608,2162.9332683699577,0.34823057759898746,254.36361648319848
1935.9941790017779,0.1252061562771242,6552.39116558639,0.0906491213448594,112.2187934693105
1678.1225015366463,0.34023868143178004,5621.541749527315,0.061081182964677044,66.80494003175237
1414.4298124670365,0.14992706761673708,9666.505241175972,0.08993384331551803,107.23221424462392
1689.5342089054152,0.4186384965631633,8190.696994844098,0.09766010393765526,95.12768676639939
1343.9796363163703,0.35669857700042296,5134.87309927932,0.05688032235092155,131.9697674773564
1277.258416349186,0.4498906020884833,8311.835475933403,0.09893489423955146,84.4160029611912
1996.6832779346796,0.4139348999130541,7235.767120967539,0.051249639838504515,137.49783198369465
1750.7902311797877,0.14484545933527848,9862.789815234597,0.07610836223868862,131.19703864383112
1644.7199773818177,0.25242827057376893,9095.344124032035,0.08869465694892421,117.46034511599998
1355.2896432193188,0.4098240999658349,5856.578769163991,0.08952190512731273,75.86072223461734
1049.160829155048,0.2669365893065303,8600.555594374331,0.08673362845731339,147.0329576279778
1031.0568760351557,0.48894619391199134,7427.830019176317,0.0764675686376581,104.86667803021537
1554.1812554487988,0.39429617995737976,5935.225818349641,0.08254821610351978,140.7513978363029
1762.032721039051,0.10619996667612841,8493.699536649745,0.08499660928265569,71.57298992501961
1537.3791904438551,0.45199427662433456,7736.937893471227,0.07472696121069479,148.33783020855589
1840.7850719391145,0.14032191394742305,5151.869393857853,0.07978424875673189,131.60592289447652
1033.4265330932217,0.15620948967203435,8232.93975264413,0.09231840267287866,144.92268834271147
1366.7520764259402,0.39379696024442035,8174.935449312203,0.06564395105729137,71.23657322749874
3355.319096542804,1.200033982767358,2014.82747558484,0.27079771744993897,340.7246369812284
1447.272968157122,0.3145398511598224,6744.938634983464,0.0504239860512754,59.763392183360764
1072.3763931941226,0.21561989317831168,7929.494853755199,0.08437181998883966,63.69696065591211
1954.1316415710726,0.24052621810127023,5693.91507053365,0.05976927323074209,78.39586635870015
1223.255401069361,0.23715573183842242,9263.616889173783,0.07405006268568845,145.16256604732564
1922.307775483585,0.23067124152380492,5137.430231438519,0.06051026081402297,116.71916811199773
1425.8931550366817,0.19716386872865993,5514.1870748467745,0.051176685728924615,81.46323070668885
1985.5241332552182,0.34354683785169327,5580.5345992744205,0.07416102758490084,145.4573318837975
1554.0583834602107,0.4601621274260269,7640.535629875276,0.07124168033053535,123.97314066170983
1930.8328641758076,0.22283296523333648,8100.570060843126,0.07125747567621904,140.69790132443114
1005.3489886942228,0.17467771898456486,7018.703982507433,0.06044030799644352,142.72207938390983
1748.2388061809002,0.43543106654857,6443.3341383408315,0.09736022948740897,125.07697499120816
1903.0506531025153,0.39671333235588135,9046.586878127786,0.05017535759053473,74.3133429791586
1139.7205669789541,0.47233481262396426,5341.4299186321,0.09457727249986694,149.6588955118974
1096.1258517321514,0.16620789424196386,6401.459305663959,0.08684509615697411,82.50908400616365
1424.5726071859556,0.1577005256466366,5195.577894019854,0.05860360167666358,117.17057495677186
1933.678906132935,0.3165717577219987,5069.45067483134,0.07360959931517773,134.48116949578008
1542.3865601904388,0.34577346193403813,6766.899434661006,0.09944250407541363,67.51509944246564
3420.0686770217653,1.0103217433955103,2114.433699268432,0.3807205371287468,225.82212131543776
1141.126118299322,0.33958665452955017,6341.829274191232,0.05636883619093338,87.51727769282579
3551.7388513402175,1.4342884872586592,2879.838785423281,0.2339279036693179,224.15167610016977
1810.1400907454613,0.2918455016656334,5814.900481246107,0.07341015482864062,51.1771812756312
1087.574562986238,0.36323702437586713,8901.166835759004,0.09011316664415542,137.19740637979714
1633.8498187353239,0.27308257969948146,8375.253115731817,0.09580814664130777,63.588154722685545
1914.6164545151914,0.3717789343266392,6632.227625704163,0.05411207716443673,137.81171606848545
1208.651913158431,0.28047651222153586,7732.780725881439,0.06570186434764162,110.0690598808448
1665.2728362369107,0.2334398323369109,7222.1780488726945,0.06492190634425575,112.10555545150413
1078.6985767075093,0.22144201883483694,5641.976577488327,0.09980240624595092,132.8651794257545
1603.755143837613,0.2643608235954352,9535.926608670878,0.07796135583456999,100.94411466747806
1163.9317209532028,0.10923584907288034,7848.089837928801,0.09399157480599923,85.72845681343422
1735.953560515178,0.3674100553784455,9401.200228977275,0.0713016424722412,63.88066839925203
1301.231294793908,0.4380422563921048,9119.132559066451,0.08613615752044682,107.04153812081121
1463.3910088046462,0.24185083777724745,5398.8796265471165,0.0643292821152073,105.3167054251079
1599.4305420276216,0.11841325445668743,6036.353330092263,0.09558930117446168,79.38964856672858
1171.2734106662397,0.49471023895422306,5726.305571874154,0.0727573120493267,110.00569256534811
1741.637818617621,0.2054793021804268,9153.897663934593,0.09018627486580437,93.93668859683629
1302.6403406368145,0.15064844867630922,9312.233132276011,0.06279084416712824,130.5530153913471
1662.3718599127535,0.24790100318921118,7639.85754904183,0.08468021709609397,105.94862576265115
1158.2830506993737,0.3954228162534227,5520.890362540034,0.0702579202200018,143.36785863468288
1688.1176592063503,0.21756663875622628,5678.083092715081,0.05157197114872736,101.79829683849783
1128.1880728104618,0.32988128156779517,9067.744062191337,0.07065041268795318,138.74953031572363
1425.3564962699836,0.2662239977748569,9645.950682646651,0.07750108208777103,102.05251380141021
1247.2060737388767,0.1471055969106474,5997.378425553284,0.057588080695658767,105.8034803640333
1748.3752494281825,0.23211480499684412,5055.687882360865,0.059195655259630754,86.68079954555867
3944.0201756106626,1.0978168105347033,2527.4381699995047,0.2356242751467951,357.75730330503296
1881.7173063953962,0.34480155893257824,5152.496948239407,0.06713648562167034,143.31014872916123
1891.820211406613,0.14791135195342442,9139.874580390191,0.07203702690016814,72.32824019805375
1196.4413152227858,0.16532896388572343,7457.561286131258,0.07304134946613615,62.1457721672825
1613.8459450077244,0.35629334372297816,8209.3038938151,0.057003802185137786,133.02109118039408
1087.7176417199644,0.4253661657283475,7057.424380682711,0.05905972876350574,107.69107997448796
1391.537099601629,0.23978979838326772,6727.537735062409,0.09240826967397472,78.46473144614727
1713.3217295012723,0.3381243007373801,6111.002065380424,0.0581359344655242,93.24002202896929
1659.4232468499163,0.1682574355008421,8852.662735190728,0.08329571665041305,102.49052267772669
1624.700669406608,0.22455053476212955,8477.737922077646,0.07092640233838961,109.21402568364347
1282.5408636624436,0.10810808226922104,6803.644922480431,0.09841183429848205,132.10510229384735
1378.024949434402,0.40731037911980905,6605.580671495914,0.05330521809441188,89.43523274560155
1102.9461447002861,0.26040392790918676,5006.214393243395,0.0915194433015381,117.65031132264316
1719.0228204336008,0.4264502294615816,5317.760650227362,0.07457246155513109,133.47669737641405
1503.8887967912735,0.38334919840909054,8116.277624463174,0.050267618543209436,134.37734559580292
1708.7656323456545,0.43149770629139084,7573.036551177309,0.06318301094697769,75.42452050364243
1248.9435247968727,0.21426346783315312,7174.016022425112,0.07038484262746347,85.0173044250123
1324.4382286350663,0.17404349217113813,9137.511204008293,0.06570973767244626,109.49060342622144
1334.2153372601147,0.4887622730606682,7519.491022014233,0.06812247320069667,138.57723912469461
1025.7424097472162,0.3869311148163478,6922.4679070366,0.095833595456859,129.04460866918956
1341.0478728306234,0.43361690717066814,5806.281737624925,0.06804670161961639,108.39629014162216
1803.3045735180335,0.1052533494839735,9103.440041073096,0.07094146897013665,148.37336306238439
1897.2984957497385,0.24178464811835465,7881.241250605939,0.08805657767890565,93.89872294234416
1518.2183156359274,0.3971266762309327,5462.299829613787,0.08969167828741877,134.2450571186247
1455.5016952192202,0.13119313319599335,8244.49198998538,0.05420448258933473,131.84203799729463
1030.8246186993701,0.3269359718275743,7125.35372744205,0.08520350172835021,140.8038311670282
1879.2043375853827,0.27162910698200127,9056.93111793998,0.0741285976838388,148.76783550252122
1013.0102134258727,0.10704660285644292,9594.57298497998,0.05669269466188277,99.5696697579829
1944.7500802102118,0.19439023084778057,8002.32906588123,0.06323552819734422,69.56296487033927
1489.2162486880907,0.2139167956266857,8658.064096566832,0.05225177486532594,96.08953568281513
1341.9344935747267,0.144743978538529,5282.954238010829,0.06801185944059177,135.3884876985432
1924.21843484266,0.35261476389706414,7801.277275005787,0.06277032201670121,133.61066342554312
1024.3909931100968,0.19695915050075563,8776.69989177737,0.0691051698690009,83.59699075868096
1581.424894869087,0.21104779984775535,7483.810747390518,0.07901702737653785,54.73068069586737
1548.9325244993377,0.459295439280059,7967.7504475216865,0.086616977601831,100.98420978262436
1219.320401211382,0.2868492370772558,9494.740927905223,0.08026759932797649,97.41009290788121
1428.8874313502106,0.256851258787709,5990.497860155997,0.08391886511299729,58.57639777771316
1652.2640059437704,0.3895484153258869,5491.23253775956,0.09328195603093967,129.48899557235947
1727.1311968819275,0.4638455187531648,8453.218065697505,0.09369122217307554,78.35902739385511
1000.7168587065797,0.11001453449497754,9114.24452761222,0.0930359674179587,114.57520921741138
3673.7587336167176,1.357410882507971,2619.1696440115716,0.23067719030764577,351.9342776254567
1164.5253723928124,0.3443125424311789,8208.222485456101,0.06255345667968228,136.0703172909603
4622.294290146701,1.0894179102904515,2331.9503411192604,0.35219162394661424,248.7769173293358
1263.4734456938481,0.40896308884929666,8503.32102861645,0.06793696470080135,88.84227089786657
1037.8201365520354,0.4885908281081096,5436.884579533954,0.056583448413998164,112.94889493232347
1123.052123590325,0.47737094650011336,8810.21753942494,0.06438751173028258,68.74538926855747
4819.166543935615,1.2711093131572249,2507.8511075661,0.2834507731271758,285.9292770481743
1315.216737377286,0.1905353113749944,6183.046712954863,0.06734633777482682,129.61080420937185
1115.3010903390493,0.48299621240848845,6973.253134993324,0.07094570341479808,128.89400030690268
1106.9912611746233,0.28345139497258637,6572.835331631684,0.05032007109286485,65.33802175778762
1719.4599676699718,0.18331908923387671,6608.25869151456,0.08597074398950993,51.77335248938621
1854.5686640326408,0.3827987854521673,5846.297621020229,0.07067750327726899,108.53713677696334
1256.9522995084699,0.21376812956151664,6469.355235547722,0.055157003144758056,64.4120611839811
1020.9095123352349,0.20689879002842093,5098.312949879409,0.0984278369152336,128.0433456488845
4623.961910951847,1.2196761877282107,2304.223038631919,0.2448648394231223,316.3171415183691
1056.5156907967573,0.16499166135076138,8842.954793849034,0.08630750447163635,83.85942489874317
1103.3949366300415,0.12575717858649457,9311.236846124199,0.09789361674208348,57.36492624617105
1431.5081198476423,0.2076745760686749,9102.142794797193,0.07037400422585689,149.60650799446216
1229.9183708616326,0.34277816513528153,7082.2885949755655,0.08592667701462242,145.60107803868797
1515.9458785254233,0.14923514136130822,8652.13240581928,0.06031039486927256,63.15969078068511
1253.4937532571903,0.2886378689107175,6439.453870476063,0.084856027372606,83.28116041814917
1940.5373011029476,0.350934844170128,5277.812363588089,0.050703954609380146,89.07875380246067
4753.565101384595,0.8478330168637183,2012.6987567760211,0.3956842148588535,333.89846723326485
4167.917252289817,0.871222169675816,2448.3047060559074,0.21194758087594634,338.02678367458054
1354.4239919873862,0.4269385293531158,9008.146977314378,0.050604634740300414,122.13418290220848
1381.1468820347354,0.19396250445249544,8080.5310335143995,0.07309829277252097,145.5916405594065
1411.852283144497,0.37070661649585623,5784.458124869582,0.0761395874532502,137.45054025240978
1727.579322134944,0.2722694285929821,9265.81196025099,0.08108032987935411,125.45415194691729
1451.6389955188379,0.1458724969514681,8136.263940093504,0.05501933384968082,119.69671070798783
1856.7299465058973,0.38570538512873953,9038.04849517502,0.059050595656360616,136.61624909794813
1944.0947859303647,0.18710504741960712,8870.535601880205,0.08066416853585975,118.41498967914552
1335.9461533789338,0.17064937040983658,6489.3224361254415,0.08290938562313196,68.8719798981151
1560.69448137568,0.24332917143575328,5372.764874260261,0.05129501141051382,114.81265164280981
1095.0565368325645,0.3613160979037934,5882.522045447924,0.07701836810575191,101.50016399485733
1200.469047766359,0.19359859151625114,5464.311671566254,0.08924908659994163,148.18946770953266
1413.46576671016,0.1734646155127543,6217.062160400682,0.05345504388926971,100.99655470658696
1206.202715901779,0.10398145028534574,7297.661365129965,0.07065864326232599,53.845498315104365
1876.5604907887175,0.28865723884068945,9534.053024906414,0.0663255636515051,76.41895107656434
1158.2862560590982,0.2714582277260731,9360.093779603172,0.09568328126760084,141.73817604547656
1455.6608215530919,0.19354709745495052,8592.99907547864,0.05929011966032277,146.23563304466364
1605.6992404598757,0.12146086560387631,5120.56179773913,0.06591802065722402,122.84985766407713
1691.8639081608444,0.27170234983833474,6706.946006602768,0.09492223724956515,55.68638987869704
1383.0693697265067,0.4152820444286526,8411.742132422598,0.06653266530299864,52.35413877462658
1869.0990687247286,0.3861128525308708,5645.144484195342,0.07656737202927973,97.95950027991002
1568.3191510779257,0.4443179559440681,9005.439250079544,0.05165176686154397,149.9672306560885
1439.5077804475518,0.10383307508526225,9572.868399937968,0.09924512180875181,136.92967374994052
1067.2406340520365,0.48656772672183946,6770.522233189127,0.09124733539355948,143.3107620881998
1464.689468445165,0.23656490105097935,8529.215309319166,0.08172004723733381,112.35415049929195
1820.7358408157302,0.49615911843678595,5741.020663343566,0.05303776365449902,135.91247282515013
1614.5410182213154,0.20104778424070988,8454.082245565136,0.05374349806863904,81.96983743971924
1832.1624537291184,0.28861455503129796,5107.277061435217,0.07724868153953449,52.73640034510314
1494.0116705993055,0.24157107063012148,5753.857534055505,0.06425322181017172,141.82506282226268
1118.4617050944819,0.24230428599772105,8549.40723304335,0.08113947237515867,71.84306246489325
1013.639845835881,0.4369128394992864,8559.251114381532,0.07990962409238862,122.84863549412299
1303.2195467185911,0.3985675758949355,8205.813529225885,0.0919325699139649,115.89673148771537
1697.9904714977924,0.4968605740920192,7386.820121921016,0.06406885303563212,65.81635484196572
1790.2599039416937,0.345405873087005,8374.540455859726,0.07889317622454964,69.57789965311466
1295.7528346203294,0.28530264175780107,8869.00399144394,0.08886816594193805,82.90724814297958
1495.653920883247,0.13602954517875646,9832.408295183719,0.07453864931611631,125.69306529485846
3316.139398320328,0.9223421735730626,2606.619133301212,0.3962554082297047,209.44599938177677
1410.5227843514278,0.3206122611729132,8972.671012830622,0.05656381007868865,90.70687402885677
1231.3487132001505,0.38019098787605676,8473.787583571864,0.08669488825735716,116.51132062885662
4442.238903640982,0.9234171746738058,2026.8666019183831,0.2719710413782381,235.70325927413376
1196.6885582312132,0.31908628327169436,5603.044116759581,0.06659416604967831,61.94172725776386
1055.332387163346,0.47703109275715494,5827.784210491965,0.06831682212059825,89.02122410622133
1198.130741823577,0.1665677751726411,9101.397803354497,0.05417748385954274,78.65592178617021
1009.2008976253794,0.21694903373210184,9016.564561036103,0.0820746389787356,114.90956642350989
1627.2584006359784,0.16082389111121295,8072.294629866815,0.07762253628174351,146.95685365212796
1316.3754073876828,0.41688636152190994,7194.200663580767,0.05201728793661839,50.44689359291501
1973.1447114269085,0.12481810416873183,5130.163249118028,0.08761060134856559,140.2379912460559
1193.7170507762978,0.13265265994053532,6635.884712642719,0.09146422478725125,93.32230363904925
1345.828570309594,0.2193976451149475,7103.19828782659,0.09535598020703771,116.40077292676547
1357.8411586415332,0.3056752723684045,7429.081430867103,0.07728670430853211,135.10270328448073
1008.4514960624606,0.2625099202238346,9646.622992806046,0.07262900174508788,107.34586611221243
1839.207953039459,0.11792652426832291,5543.546999000714,0.09380685772660388,59.73118271913379
1031.9944601443246,0.48299662314838065,7594.334598898852,0.06993484095340696,64.05951757082006
1940.1798347292415,0.48114780814323355,6839.611484791399,0.0827721562617281,128.92800423195212
1892.0743510936206,0.21174252929630397,9950.490596080257,0.08076811282004633,72.90982314442329
1535.5219160859635,0.39261024610743267,9309.320081414528,0.0686080549909256,106.90376161324339
1543.595574911292,0.33143016455328955,7193.929271194605,0.05434449687830241,92.80805124787794
1653.7779229561563,0.19499067800224965,9998.478046773802,0.05107077693353429,80.36389828091282
1387.050011934887,0.2048686206966462,7570.316232357482,0.07141188702676937,128.69675641223876
1647.2222833978553,0.2964612697241802,5835.588982957003,0.07406007874116785,123.1216652224819
1044.7683886884868,0.26769477659894403,7779.373459133572,0.0911339134094946,114.61088844716596
1054.0476273497266,0.2164917312925057,6131.0288290182325,0.07072058249557356,87.26713684232251
1457.2304196195444,0.4230046385220596,8181.56420038126,0.06405799373667347,72.64703240212846
1549.622301106035,0.29258516705495397,9687.200874419628,0.07310482340375767,101.58949509981397
1887.8176403358189,0.3619392249556511,8930.99288417514,0.06189952402120106,131.710410032877
1104.6606339078962,0.1757094000671502,6365.818452095276,0.054568030555747826,107.56649703841941
1822.6479271938892,0.3134030650065947,6484.293124830036,0.055652151684305366,147.01396431949954
1210.0473372920696,0.22719041977864862,5346.44101545156,0.06595772299484638,51.54374880623973
1394.083648510032,0.3105654441579513,6429.3391782313865,0.050633820877924535,149.83467813886227
1316.602434827413,0.4123303333643713,5463.123998389086,0.06101016433406191,119.14090463586892
1400.155272865399,0.4075652840365047,7497.243596628214,0.0893761570466177,133.26740171909984
1150.4954980725856,0.2416882712137104,8541.735397491288,0.061730859621515546,83.49523677674553
1503.5700744035548,0.37771084683185563,8755.905807495792,0.0555364755519758,100.83413280865555
1801.6425898313673,0.4765159801577108,5297.646161240896,0.09745402799972697,129.69892478843315
1441.534010378897,0.35026773196996264,6699.7794911910105,0.08112350581758097,126.06494723669866
1490.613575898199,0.15936404935305487,6440.858832737169,0.053001297471783296,83.40344288792758
1848.7675852813143,0.37188345171163806,5521.501614936673,0.05311219832474515,82.44102350238029
1706.058114638031,0.14196175453972454,6812.356554660028,0.08060610628495848,116.28112029121311
1490.4544085197847,0.4488441635172109,6496.600545696181,0.07700644010324559,143.36591814719947
1257.6956481891798,0.3066641983207761,8172.496146696383,0.05341873861964924,93.878599067413
1884.9267468449666,0.25405629452463185,9416.513318668563,0.06121577374866677,85.2941799309216
1577.0204016905584,0.12280263785987695,7274.208604366079,0.09645214572427942,139.46870362361818
1221.1476101106934,0.25231349383684387,8733.325863834092,0.07860054052405087,118.30560614565807
1269.1197526380104,0.46128266716631583,5730.051835553371,0.07201626990739152,88.82759797060824
1803.133088936246,0.10839319851452128,9474.831893219323,0.06250777059601831,55.72762308477945
1044.1455620874553,0.289859263112722,5762.973691075462,0.056684902115093555,122.14892720477849
1992.09218702882,0.4724632364442489,5960.505902996946,0.07013158420553406,85.288649069038
3773.1258096844003,0.9745940002896191,2095.861353584473,0.29563311645056767,276.3417949688896
1796.0685253969373,0.27127027498486017,6548.397507602682,0.05243556978387709,111.22890872463768
1394.7753167716828,0.33142402207964794,7762.05223357763,0.09954894079714334,82.30068704938438
1492.2161832874667,0.2851749334308734,9939.970557031633,0.06039063601010039,83.84565083105295
1880.650577464578,0.16744067649502098,8966.84017328772,0.07043836801995047,97.91701307478928
1412.9111895892133,0.10742221562794417,6902.17901445991,0.05225256540828588,121.7474767328455
1537.4937536732346,0.34392466319148063,7879.230289517853,0.07923911015540157,77.6330477636294
1049.29966240917,0.46832263480312486,8116.540154696038,0.07417776327004959,58.0945915778901
1002.3474738674531,0.14254565321086626,9113.636106236736,0.083335351736739,92.44257214395063
1244.799873001726,0.18438108770110137,8682.258927099003,0.07713390636457364,55.49254231163944
1680.5830929187673,0.2480917943299894,7846.455634855702,0.06990888923235346,119.72685098922165
1121.2648933591367,0.42349689160844795,8345.915135198284,0.08688783489058355,145.92434679225744
1113.7619588045495,0.20770412658839105,8729.588054814498,0.05125105638934789,115.87588076481316
1410.9606080359033,0.45282176171150745,5665.720295667022,0.07705145104372976,77.53904497508536
1647.8370386082265,0.12198314986002656,6002.277306526899,0.05569381019145047,68.17023875376034
1712.0719922479307,0.4763826485035739,8442.921444537584,0.07180041665429167,73.27835713000898
1178.4506740983747,0.324298831149506,9252.12780993816,0.08955626584290083,72.16100031681215
1079.5881473720424,0.3635110713950819,7046.311413498839,0.057123037313020014,81.38305060445157
1940.397033945544,0.24707580901454126,9899.45161235603,0.09679051743862427,59.73466781281449
1260.6663825621017,0.4127977142044241,6080.358663366865,0.09442523461957023,139.57190576464353
1853.346497608724,0.16662650003376245,7083.496410217194,0.07074525354333493,138.51204953295078
1863.4914504628182,0.11956473011139482,6892.615217316266,0.050298742036296834,111.52362535681951
1772.5225917625444,0.2582067772430229,9651.479703632145,0.08948724133372431,56.19203668730252
1168.83360665257,0.44147828559241586,6426.892587862698,0.09404479017061415,130.4000740721766
1821.8014592542004,0.40197073465507793,7353.953890211078,0.05873690461777163,56.17885837382454
1769.2505592415866,0.3068623881955832,5936.169198076647,0.09580961044082786,60.64212237631318
4065.0164911189113,1.2392591326028144,2981.115229706591,0.21348516568653464,243.3271105589252
1337.2020351689528,0.1519571305195022,9287.020847317955,0.07356454255170952,93.14703176655601
1262.5086042665441,0.4362726034470329,6520.197309452821,0.0899017405398921,85.38889567153191
1121.889212080359,0.4147838731856788,9053.96036081414,0.07224739891359942,66.52297809783639
1509.7570669008715,0.36258815755477714,9556.557910878131,0.0782023132959309,61.21297176817741
3977.113034597077,1.4760507751467977,2774.543178760576,0.3746456052422985,209.6829615778021
1359.3389905157871,0.485783707311805,8782.122681596255,0.057973467266041225,86.3181225951928
1475.3590676808685,0.4516127887505884,6276.717180752454,0.08732682919070159,71.85993781115086
1363.5144573692667,0.3577721974058474,5876.638312683146,0.050069642225956786,98.69913566233754
1641.0060573207013,0.24872039908691518,8005.61196012518,0.07897763448243908,53.68234005379517
1901.2592077965633,0.34720891147260496,8528.013081143497,0.09323430131892319,110.02811823322503
1163.9202620469448,0.3301763706122661,6973.804928676069,0.06106386433882253,74.84895868495981
1381.4088099031235,0.2576967951339666,5195.868535410953,0.06664497283990012,109.81964141313244
1140.8686039508614,0.22266958867523046,9543.522620983966,0.07937429264322314,111.4125164445869
3573.66778442442,1.1000073015051792,2051.177905750253,0.30206492259029677,278.90685092146987
1728.8705094885959,0.3295645624133592,6358.3340334150735,0.09237434286653916,72.99047556094739
1931.912732597456,0.27125393788443775,7484.319278723699,0.06833015835562775,96.34646386192802
1278.871926260965,0.20542979528055355,5138.96394983539,0.07908068599099431,146.18873381917876
1950.2112058654302,0.4043853271043235,6696.413909029709,0.06130605737996044,122.712484408462
1063.2626718206748,0.3125869983829652,7612.676177925591,0.05206931684954929,147.53438080175584
1603.0138633645881,0.12707006529024,7586.118075581251,0.058685013300683035,142.7365713077104
1057.1327193433299,0.24732660225045022,6040.924390042705,0.05230994688044016,111.0748596806432
1893.7741877619449,0.4539653828847975,8883.736830919453,0.07343019498066097,76.39303558821435
1529.8090570700542,0.4020946124799808,6494.310792633218,0.07933186954590248,125.69241566624166
1669.3483507627961,0.22929871357760284,7902.050115889863,0.05223376038427264,119.81192458122928
1831.5739259104525,0.47527326081780363,6357.611127689874,0.05452411107689664,108.88901203573977
1150.3106224839687,0.13064116334328407,7125.83936493385,0.07427625134051755,119.7829228491301
1038.5915619381337,0.48449388155687556,6037.573126251151,0.08995899661004882,111.3586414545251
1878.8811459128522,0.19828203699387026,8165.038962660192,0.08140045894578596,101.93790230728465
1314.9332274589324,0.10363767212096771,7127.921800706754,0.05523551100519347,91.59554816833432
1128.9789079271652,0.27352321460733076,5080.586522438822,0.09437711369207474,54.47083745774405
1468.4612370870866,0.24358817187480347,5140.8249700838305,0.09587251173948734,136.5687919103181
1598.3060756960188,0.31563560208271757,7355.671592357111,0.06624784139247306,136.55405825997457
1030.97060342251,0.41870914422793815,5916.129334526771,0.08080088959406811,109.40473199689221
1274.8956582570877,0.4369723208601789,7925.210240723712,0.07461635750923559,76.7884305158154
1032.799874276896,0.26049199984467675,7040.958908860106,0.09710118843149111,52.81310440388924
1420.335389195499,0.27193829748254006,8272.099177698614,0.0754374266474368,50.14288041669742
1895.1000290662444,0.15927109213178947,9761.975870319759,0.09799829068560321,57.290738972253884
1982.6524114935692,0.1190190435524654,7643.680673976268,0.05996712752651031,85.9886326351165
1637.0475535036276,0.3564859960940099,8936.893017950497,0.067276837884784,68.83959459970778
1161.6376937845919,0.12577505022107693,8765.204981579685,0.08906726200480687,76.50580856375235
1905.849389999306,0.3935320477685824,9608.955521619326,0.08918053677966839,119.9660377304932
1516.2478232000603,0.31563605800889905,6070.089336190031,0.08660916369783525,145.91497743591577
1153.749312102918,0.17943319129043336,9136.634853924705,0.09298057323326521,70.67758430200325
1921.7266694516613,0.31580917740505987,9527.601892523435,0.08512730864719062,96.56439341364896
1757.469050723103,0.17319908664083955,6963.814904737888,0.0818042572236117,149.147940149941
1731.7052727231517,0.2754948830041648,6569.0809729948405,0.07294625065387561,143.16743982341788
1709.1807037944045,0.4198241264968916,9760.17954839144,0.07335438716646635,85.23163030292312
1200.3398210964424,0.284767717364255,8138.16411069434,0.07030807466021209,81.96890467980832
1211.006691707526,0.1594797273190193,6903.382426207341,0.08101058998519102,74.2170640337248
1688.292998427255,0.3895314727291781,8959.13860465815,0.07033319646164968,65.54028498290889
1219.7227501103969,0.17470736650800356,6522.369508078576,0.05737471570432985,96.00520791287784
1438.671696803049,0.39541994974804384,5882.03793034931,0.055326480810432344,84.11205134067475
1782.0018255939412,0.2917409156863333,7719.848178988528,0.0962236137621889,124.4837593870395
1783.952518097841,0.2814967036377206,7831.060224553017,0.05123694537689416,73.6866503830511
1453.2617725258597,0.4405740151429899,9128.73241133669,0.05527336309028263,123.63322390200491
1792.1899382752451,0.3834414097362675,7285.13677510215,0.07226524373227934,78.81465859819744
1838.621796198057,0.1131643187819757,9072.932697526707,0.063146313345219,109.27287846475592
1654.7757512842602,0.21846972584064095,6556.613396741692,0.0702924450201073,113.84300963947311
1228.4258523084202,0.44836826433995947,7876.84101088896,0.05587236907969417,117.17814255003329
3560.0537431203666,0.8186181324611101,2763.835492596976,0.2700122931617358,284.4964741624483
1314.8411554087354,0.31810137850478815,6927.229754582982,0.09003289543625577,78.27113697216943
1116.804107733952,0.3911302676695776,9287.698489164257,0.0879554372050152,74.61156854052332
1273.159620369945,0.34874243419383033,6079.940967178775,0.05521264328623072,107.61604110154803
1209.519224312532,0.40421288084177454,9051.197314496338,0.08338952074495101,57.57464022713668
1455.3287498086022,0.39027673956589837,6414.3582892370305,0.08046556616777417,101.825644996085
1908.437547872265,0.3768122780612454,5172.448598397268,0.08566813613401149,58.74670556430418
1104.480316753958,0.42861594437026085,5549.672850284232,0.07372244522812371,83.70559899331138
1720.2679239473955,0.3582762673798153,8729.39772660394,0.06349934137667204,118.67060929511155
1687.2830044131279,0.26096739770279287,6310.354632510742,0.08318395846782639,91.25640550117687
1095.7541986633576,0.28876364396583504,8270.727961206361,0.0685678713261411,78.03418393822278
1922.5724049058,0.38668991307258027,8495.994513786165,0.060947645050608026,111.58571758990345
1568.4722021568195,0.4505224118667176,6725.592322173425,0.07043145068596417,124.02691124821116
1363.7255211356842,0.2088875203359103,7374.594936055701,0.0881634917800477,75.45849347725962
1756.5385834953067,0.2368307183884283,7018.835452279053,0.0737896598268101,79.93999010958773
1257.365458401634,0.4722957585449651,9736.74498177267,0.06499321317167112,114.0293916951086
1693.5098370463204,0.33140471696377816,6599.744311757937,0.09159343074119142,146.52232601805852
4408.278361714257,1.243172802813815,2503.636268577019,0.3949918845298358,237.568515444568
1839.408037609272,0.36547805556495316,6827.964214377891,0.07166252118863374,115.42476357112096
1448.1708470213184,0.4963048622157519,8347.57853801006,0.06873440103634473,140.65898410683883
1636.6929143579418,0.4293814257881601,8486.813451807326,0.08063494735094826,96.19667650443613
1221.2378198066835,0.39829645462056107,9620.286576800034,0.052898722302895655,81.68442264953246
4372.386503094749,1.0523050423042135,2484.7763496478383,0.28743156930887426,352.9454907002237
1772.2402758932767,0.45045591387360295,6441.602602086377,0.08911438026886234,53.143180648078626
1473.2131868843987,0.3103155374142186,7275.816244837983,0.06987209636285859,86.0160550533374
1617.7269240617943,0.45571600882878227,8736.34494091717,0.058730792500369826,75.79740268171136
1456.3259238223986,0.23193113176995173,9582.686403010124,0.05144091875704318,72.4621702778428
1894.0913692578456,0.12482042105417311,6685.82506428446,0.081862279974355,67.97592635269632
1497.8691805143192,0.29039038746389845,7222.20717088498,0.06344967033174549,123.70633015859539
1841.8087090288188,0.20793504192715107,9497.391352268045,0.07319447935606421,145.50997953259645
1801.3520582702486,0.3860917159105193,6792.419365792113,0.06931777608287655,88.47706453219428
1410.5048213483565,0.48284262114241294,7402.564930958679,0.058744239797373136,54.9103306908041
1230.084491857475,0.3763896604606256,9522.520706090394,0.07541843342303521,121.89118136725779
1406.082132559771,0.4547735718836814,9011.216089949241,0.0729796761370369,103.82043344635895
1826.2173757752203,0.28120960544048257,6217.154625049014,0.08120738114349162,122.3644613845808
1227.6325358193924,0.4086562948781207,6623.975327059667,0.06259424972648935,114.79041641989063
1524.4363458577493,0.4372173746686814,6764.793637296696,0.06073195399267029,140.54359809634767
1806.0967479607475,0.384350251033417,9563.692367155298,0.09071725298782361,64.04401927269174
1353.4774751283787,0.3031109144278259,9994.668685522694,0.08510961224820207,66.91618452597416
1642.2096370026975,0.3503464438461472,8870.0215107772,0.08861032258457817,84.15692240231371
1245.6315740488144,0.3802027982715521,7421.631512467533,0.05616449058775141,99.13888159974528
1109.27944536816,0.20123376128857076,5050.8690903373945,0.061201982166350886,142.57137810077208
1794.3842250928565,0.42383170436599393,8487.440282989788,0.07877657581018199,140.69642293499606
1098.968623408707,0.48012981558690937,6946.805822488924,0.09286006734364541,137.18721192693772
1271.3813950795845,0.2860957260719744,8164.932351143027,0.09460573215842351,72.2526933943592
4440.6297167365265,1.058644644121331,2375.9599880510136,0.3360317282080878,340.7291908092405
1346.469287078667,0.39481036231614164,7404.160282871937,0.05216989730422137,88.34917440904593
1973.045349514161,0.3648990190085921,9721.936988631614,0.09104395923278633,143.11829275410804
1979.7343347738597,0.3188460433314542,5115.7317267767085,0.09495455887605408,71.45358363785571
1268.2760204535566,0.45265918182992426,8560.66242236294,0.05283745450763261,64.12579532039594
1040.9782222498905,0.2795706837075578,7049.19934149773,0.07081404468884941,134.2385174633513
1705.0632842053792,0.12444118259464143,8568.952252458057,0.07683051616483509,121.69075951190082
1450.9865026483437,0.43782255028486416,8376.09823769816,0.061637518644174986,132.142167822383
3456.68898827088,1.2145656976704147,2302.4464899783766,0.30620473885936483,257.46692429217234
1707.5228189780428,0.4397034505998586,6426.692475873357,0.09429778939805324,138.4792687749463
1031.1749091119211,0.15541897697787774,5945.457602518902,0.09334712531728823,117.76203566471365
1870.1966904922422,0.11230117620388654,5834.931764712462,0.09699186406287405,115.15608028985767
1138.6525291133037,0.4737498161530006,8642.383420605664,0.07420548991972711,108.25838630980549
1127.311878746725,0.1590913223402297,6197.756745465623,0.070528347264696,126.48764855911764
1175.6722979685846,0.4238609328281807,7373.688074936505,0.08328939095161766,91.56083138806235
1960.2663584920665,0.4292839768722544,6234.944976428398,0.07083802888005171,63.28212459331672
1693.169360253846,0.3834820802196012,7901.16911717665,0.05209722980004289,103.92648664941966
1801.3715354636367,0.15250488443714838,8602.86884029984,0.08599607260852275,124.81019577735623
1397.634985732753,0.36695944982432305,6655.373693490883,0.0640491970641412,65.36474528876602
1336.3127275049555,0.4556346333307463,8015.10424143561,0.05245426561335953,72.40206676112021
1234.48400678317,0.2702126579203533,9124.273872068694,0.05103105382634521,119.65456220661787
1480.648028312409,0.2654067417514395,5471.121425822458,0.09656806342886591,76.96509340972821
1551.8287335341684,0.27714332383176765,8553.352995206356,0.06260380043220845,66.99408605866009
4373.75435306594,1.1228258578724548,2595.4000821951877,0.356747384449231,333.1168490969473
1257.1185039986945,0.4568102276119894,5613.249782624722,0.09752882264494278,66.08953560541556
1948.6540809029907,0.44767314559220417,7728.2710380717435,0.07337584893903626,84.41485790473426
1169.7584982071357,0.4991637287161145,6131.311596338659,0.05393046617631557,92.84302923985445
1965.6531747664123,0.3340732565993654,9106.80896334579,0.07759680236233296,97.61399855903963
1014.8561225075038,0.40047665458055437,5214.479547655381,0.05440993267270326,86.1309925820486
1481.1256918168456,0.1810687625229219,5493.2644813544875,0.05475439391867682,141.25384993991307
1333.3678381165628,0.3670115272896678,7604.980629929085,0.092573853690123,115.86252211762546
1449.1234139302508,0.3598931395029563,7944.708920384784,0.06447107716822947,85.94946492227027
1570.664578980789,0.46048349433664504,8649.433322613735,0.08393351000562183,85.77197195376199
1435.589158012709,0.4323170891356297,6296.303641260969,0.0754462167664331,100.29524991847475
1414.846850301595,0.4753865850471053,9208.802041066458,0.06111633456022071,53.36632041696333
1732.7234154133066,0.447533389080643,9765.711698868916,0.07589101493266039,142.66428388329598
1685.8762750864646,0.4474775579595408,7495.196517974318,0.05344967679498764,72.33093777140422
1833.271282035848,0.12548933067548732,8802.656824849006,0.06736061747948548,119.75925656888866
1249.9589812394956,0.4383847810783824,7624.241772718964,0.0761418112510246,127.772274700573
1609.5285097540636,0.34299135780124723,5347.335147061053,0.061419716904282606,132.73830151873094
1585.1947853928539,0.2521777807063845,6630.557564213105,0.08300940650906802,66.56423098675096
1369.737810872689,0.12260584975522493,5437.433448135075,0.05259059608481534,103.66930697557386
1486.057541902681,0.37106950990721865,9944.395596275066,0.07424049489353135,58.36743621398701
1313.7821433057288,0.23128070021504699,6145.129560366886,0.08574978906446917,130.47923453135553
1141.8443976169851,0.2871105059944139,8179.502097078594,0.07149730294783865,98.64515339583905
1213.801210662733,0.3726913748220537,6421.725509724687,0.09372932076594691,65.84890589234777
1105.5136464012012,0.4647098188096571,8266.23107677963,0.08160963906203328,121.86789456080636
1683.0695751901242,0.43017476624199935,6052.008454352412,0.09792464580293689,83.11698487519779
1660.7273931091515,0.2802388516414399,8926.350329550372,0.06420609063874894,61.45066037601076
1950.6063715798728,0.2551132629785516,5554.058014183178,0.09693946654273736,96.10738249936476
1729.6784136472413,0.195911895537619,9475.7520004514,0.08034112949428485,73.52465987097148
1052.0458387561314,0.2489707004703873,9202.108462703973,0.08725894496066994,145.02218357374423
1884.245173928954,0.14441855491675934,8394.036718191928,0.09510805585217236,86.13616578067773
1862.6751629457258,0.4884422033459018,5337.0731357142395,0.07755985939959105,107.24529051465001
1443.3203207726988,0.3295669775838316,6042.845141644641,0.09310903959748328,144.83609984570617
1585.8630505279216,0.15112233711808518,9296.807978455381,0.07708484697940277,89.37211865679606
1976.078332472519,0.24112240370636231,5609.872171512976,0.07995994638086189,85.81268737759555
1532.3043638481663,0.3188156574482624,5779.660481540101,0.07225492864486928,66.2405640393276
1905.3218283760898,0.31315425465634783,7720.016618777603,0.05728192759200515,143.8303564565765
1083.0387578101863,0.11420134748745295,6370.887198371718,0.07767516166744334,130.07447783462385
1191.0518687086828,0.4803364136916446,6110.378499719647,0.09887241151330906,72.10109890218921
1440.754943441318,0.21015027258997787,7879.0671592409035,0.08935929978661422,83.2674427748332
1584.7568083373048,0.10647386757275648,6862.883382290145,0.08737492423767182,141.49117780819512
1816.2278518628002,0.130577603580113,5702.799483848344,0.08216544013648147,103.72795958078251
1988.2621151431867,0.33207796129919076,7674.2688377273225,0.06739543367436224,105.63342866058798
1388.8514964741164,0.15511420827003874,6935.0620163931135,0.058480759723918925,114.81444819513794
1047.4156361400849,0.11668991714140131,8672.583871368846,0.0612275800821345,126.2163817907798
1801.1715032953248,0.2518505865650845,5513.777211602946,0.05031610447713251,143.92855456643298
1604.3807190828081,0.34910447693607544,8103.06621972987,0.08367402104491774,130.2225073470025
1198.5428588682016,0.14473592193664497,7182.466634716238,0.0905938779278217,143.45491984640213
1494.8284566214202,0.22533113286052622,7030.309375262021,0.063445567559903,132.06097581522357
1742.3102455337244,0.2671042686498169,6161.438440041706,0.054592519982213594,54.643406061466635
1770.4117870686437,0.16378403911470688,5152.130141013556,0.0667863533910959,61.75346205369419
4780.156828389562,1.3515795466864562,2045.8053012968162,0.3403675189150811,372.80673236382535
1305.2145301288592,0.13408563476070837,6632.050430172129,0.0725438180388866,52.769644904525705
1973.7425820384935,0.11860739853802747,8405.455198649235,0.06320510271605055,129.41746488199306
1663.362610956493,0.3079341468620539,9737.936998883537,0.06698663526725146,134.98437319035122
1408.2375193462988,0.19915878910035026,7824.951490410658,0.09537773896746214,91.54645620824525
1280.4632242046523,0.13814952315921103,6985.7345125993315,0.06674176764448031,85.48547528232197
1731.1029830035623,0.2695650349950529,6341.367831743519,0.08927590233649485,69.44042191180496
1242.1834455937676,0.46605629580695795,9670.218963237467,0.08129168501122297,54.891887166236295
1171.7099889736883,0.38967697866166195,8410.384090255713,0.0668768972815687,124.53829563109936
1529.8338889620704,0.42624636613881106,8326.406966282797,0.09088941348901752,57.37270844473866
1289.987392644142,0.44876559550345463,7130.791625726384,0.07975380347981326,144.46696280089208
1628.905144923615,0.4890510965585676,9225.243564337154,0.05043093637994502,79.67434627750619
1117.9386748742336,0.4052986294056692,8568.360935047436,0.05343641007861999,129.42443175942316
1654.9411045673214,0.34336316877579187,6415.91635890508,0.08763197797261595,55.96826510368107
1283.2965279977022,0.24617035212089888,7997.89330012524,0.07232638947925972,103.62786846518719
1000.2429344345127,0.17265729462308643,7150.969773006328,0.07027538958717704,84.90995370905489
1126.9360576741765,0.3746639495933177,5032.950814148565,0.0572913592097904,53.00011051781368
1933.615377835094,0.4979799944487767,9038.117157508987,0.05786592969806351,115.57993544091715
1867.3546391153577,0.28694347384756763,5614.151744598504,0.08988762250479504,144.31627209084948
1233.6090320362368,0.3894717472371231,7549.772530013071,0.09145085669807276,51.075276720306576
1778.3719045454914,0.2980369799972625,6681.130965424078,0.07800012703193647,77.04369261802404
1608.5715931739742,0.27277336934539065,6710.445206003387,0.06475639049028438,120.3605742697565
1970.9047114498694,0.26412224542396606,7386.82441706904,0.09663504083339151,137.125372404163
1373.6056595340592,0.3018498731726791,9985.115520098725,0.08119811954976133,69.07791735000781
1681.4606125171713,0.24675826474615004,7041.898403157379,0.08983210597258942,57.071678453876885
1063.5357224239185,0.39950932872872313,5911.646149082862,0.05016414601441077,50.86414003370708
1396.247346816406,0.4497088106366066,8068.031690246845,0.07251598004376802,71.52064216561843
1963.8176611881804,0.45315412265807364,6181.438540197606,0.0935474543159978,57.131729205424755
1538.9808744501206,0.19107948537033037,5527.745683564752,0.06691166416163608,85.93820891025979
1287.8795033348447,0.4583636554925964,5250.870860329645,0.08632755884361405,94.01257749538468
1120.2709631286068,0.23662049274204203,5114.40637009842,0.08288374125643228,97.99238058822061
4853.6167593519385,1.0531196145791006,2781.566759026893,0.3854354834539013,309.8328745596898
1644.856043429727,0.39070242295929436,7133.628899366968,0.08874519136272026,96.39880488265895
1373.9387136037747,0.2218785360345158,5927.727000389765,0.055626339515639944,50.90516417558631
1950.9413518658343,0.12118656224388405,8920.095268856046,0.08639570482859704,73.94210881220457
1022.2028129878503,0.24944710892412322,5646.353139599394,0.09954841683895473,86.90860493093199
1303.7238516318257,0.38858624014333965,9576.585963196512,0.09789907159058814,61.83515759435666
4133.953658779613,0.8305488702155741,2434.3820243869695,0.3499044737068434,316.8657821204148
1320.9354383194404,0.35182362239805864,5138.081880524648,0.07672587121148511,70.1212392308154
1252.2528338551704,0.3640477777052522,9814.863128713583,0.083741228791037,125.48897116462679
1534.2204099312473,0.39349440469054253,6539.706297729268,0.08640541951720464,97.38930394558275
1823.801749920538,0.45885218652437454,7249.874797889267,0.05042007621391194,97.97430931451643
1103.146760878361,0.2730257997073726,6421.343464972761,0.055118311047647826,114.51943361056267
1943.0207096457361,0.16657283066498285,8642.106490168888,0.07985295660394312,54.42777116329988
1795.0728811811641,0.22757028617275576,7428.401103597693,0.05032672700714546,57.87593400001428
1181.2502555515518,0.2728669020695944,5661.864797012513,0.09544528253867487,82.6843489772514
1712.0079611981628,0.38555658773124524,5521.019761797269,0.07448313566125389,91.68225005017223
1384.9587226375572,0.10524885022465341,8626.877066622874,0.06288835378025609,92.99407971948197
1402.2946780763186,0.2263141533759516,6185.407024656357,0.06969105847987997,117.6887130825468
1783.2900924388664,0.4119370324077267,5688.966873192363,0.09253882053200015,50.07050118361522
1962.7848079807322,0.3683430813322782,7497.137984989214,0.09635964368820579,145.91050920796886
1126.655872847194,0.3926959894342421,9013.82643768152,0.05581174902386601,67.4487410976945
1420.6302368788195,0.42472430777567793,6393.913729365652,0.08889803169777884,74.86316763052368
4447.1475962550785,1.3233469898951746,2342.9367630066527,0.30676957396878185,276.0975515774093
1376.3118169549975,0.3728732664611113,9169.406301301886,0.07927513788322434,50.54914008695523
1363.189123716225,0.2758646129482363,5739.168972843913,0.08897260609479132,149.1306081558954
1052.2686675615964,0.49343933155126163,8083.637958932736,0.06114223433929788,53.595733562710336
1685.5386205626232,0.3276292782360295,9775.067414912926,0.07655224839874791,62.05455194935596
1436.2144171200453,0.18110768374753566,9206.515747886537,0.06596763077254046,74.01067125488882
1194.7938026439267,0.21712514204191377,5309.076168898646,0.05472561724882574,93.87216401129074
1816.0335023020684,0.377424982388188,6599.554382808127,0.055253972277830195,101.84515337155923
3582.534344669669,0.8944946936909283,2413.825555530379,0.3791476076176514,311.6125110353531
1486.3916280888939,0.17148805168235903,9746.203188435698,0.0807449924452419,57.36738986210289
1298.4506611477605,0.13293859829831456,9929.707831110405,0.0552915099188655,53.185903640576804
1638.0927257964522,0.4526124192168025,6174.965102700189,0.07850519212950868,75.67507006742031
1288.1521357774031,0.4661111915651338,8348.495224143762,0.07941485289886299,142.15329735952423
1236.0079303237121,0.2105517381263598,9208.158660235593,0.09519482550609457,88.98425188879031
1730.5146540263268,0.25091428974849594,6168.401422072383,0.08131882981627572,126.40073920945493
1040.3252397209508,0.3640751989991434,5938.403171604888,0.09927939204407507,69.01881945389508
1094.7684710345939,0.23197200833698994,5056.055116236402,0.05154962899704174,56.46792257266042
1006.7881740235898,0.4508634833080212,7059.812284707629,0.08520730683225594,105.42797884836628
1152.943186475426,0.1430314810855451,9497.187311973583,0.05132400390265217,132.2092400370502
1068.9900087104595,0.1151928883840781,9514.898245281744,0.08646887889373518,139.8459916663545
1995.8023677799185,0.1833944826971158,5638.715637545081,0.06929251046020178,104.62046035351008
1288.8099699540896,0.2144351112819876,6021.762402641974,0.08056538826962949,79.4032284031031
1149.2680126692474,0.14517063651555004,7040.236654672668,0.0654769036044169,60.95117452372608
1240.9962579959179,0.1262761717362587,8903.12272581851,0.05795525195763246,116.78228542386297
1936.1255715401346,0.4022430854007193,8059.257417658642,0.08617562590446412,78.04368171180852
1520.1602230243957,0.16571062636090295,7569.248717601082,0.09523101901350434,134.39624244481976
1364.8180963078569,0.4655688796265216,7959.659421113016,0.05917912218500175,110.5121118453288
1873.3914579092193,0.24719986457923843,5480.998469011483,0.09603515006018004,135.88785633547258
1394.9902705490324,0.36824232388853817,7388.318211274534,0.057009105460227194,106.66530100051514
1335.0085699576957,0.1901608459075201,9960.31644769564,0.08678309412747656,127.17423627044433
1207.2825225497356,0.19612910739674674,5442.230734695439,0.09797225790895031,79.43051509110987
1377.7968239094116,0.32988368114703015,7596.233388174433,0.05736854408781189,100.30587903825815
1316.684356016926,0.3242571700583945,6478.246308286873,0.07175450233776767,51.940637290290994
1677.3039592981409,0.40749169120483253,7699.566484309795,0.06687287411791998,110.78317433235556
1289.582704670727,0.40312532227770637,7869.093800168734,0.06942388750920492,103.37393475604532
1577.1997464225615,0.3682751058654644,7887.36449059738,0.08765698695658883,125.52823224302033
1065.8921650319728,0.2796522263573964,9261.043926554434,0.08305944662777798,122.89559654860656
1191.2891566965143,0.4562561545122469,6948.737073368305,0.09843434822314097,112.76170018349079
1407.4052716113488,0.3490313960885195,7581.7708133324795,0.05927397516782112,55.66854136208673
1936.9492539086955,0.4960793961849429,5054.641994838743,0.07716304346629402,140.30097072610772
1377.2519857156954,0.42774792717374344,8947.753007898835,0.07245630727095134,51.80191909072968
1664.0741211998343,0.11772392449533049,6297.438536879265,0.09594280544628749,130.3267660422561
1255.087222421398,0.22823756283212712,9082.775120202583,0.050530961623848,97.93463512674698
1127.0335759732318,0.3287502865883807,6328.193331901586,0.09945852003835472,131.799356288963
1058.5366000800502,0.38858781514859486,5053.9424813124615,0.07398671571862644,96.50698737126919
1305.4134985427513,0.3201345991047766,5774.156590967234,0.08127698236167988,114.6937805071814
1157.661026796908,0.4144521689848727,9928.41451286084,0.06800262779028578,86.32655057819963
1174.0104480161242,0.21306226110293786,6599.006229739943,0.09262633348477495,124.36787361363288
1760.7593083869501,0.17356482049313005,5544.119510063736,0.07809939725591913,75.41761751144978
1015.8380709448742,0.12156667351590805,5593.794018128752,0.08314054681248825,121.93559118751523
1557.8101257354344,0.32932549782860887,6551.713570286119,0.08244523540303383,69.3382651077215
1379.4613805934648,0.37543980827019807,5188.225205583815,0.06819910699488663,122.21676836727255
1506.5499999085473,0.23045988684774465,7557.442940609769,0.053799549790330796,79.36713052421675
1562.830237214603,0.3454336739423507,6068.7045774466005,0.09038531130470251,77.86317720487361
4580.214038857666,1.4170617583232898,2186.825431732827,0.3899325638396525,333.2163244852778
1295.1088601842853,0.13971733851872148,5703.821093496101,0.09244651142388523,131.36926366900664
1733.4018493349058,0.3807019089033994,7149.286145087462,0.08043215043954133,119.14023695253564
1871.276988121157,0.2472278820869195,7989.584292006222,0.0676851979048739,142.39086307574365
1192.5816324585278,0.3685336124412023,5309.99969169054,0.07971235744868115,65.61936933450673
1097.618760535149,0.43268844811196727,6993.746546255293,0.08227463461807188,76.93213202131041
1897.795806392026,0.4410489749904468,6512.619104948439,0.08533417038793362,79.40140866201017
1349.8954636473986,0.1688670581857804,6201.79908244317,0.09111690672535357,80.52863374010121
1551.3173906628142,0.2945142289405386,8022.673130422482,0.05798774711089924,82.80319838843036
1359.5431445200034,0.39357068945299456,7942.7099288270365,0.09720721923843084,119.70091771193367
1125.8023363460513,0.4095922385067642,8153.499033388467,0.07054203072137555,77.0758143325339
1589.331644947728,0.4138703922915511,5794.413352162606,0.09302251491881887,78.59221548504814
1525.1408517696295,0.1912669337522338,6428.546224311639,0.06102397976838926,107.04145835159514
1202.9935591911972,0.17701392708950936,6048.393889975394,0.05145144861023574,69.33588550642821
1451.8690446522778,0.33600498730947836,7702.518024989209,0.07866720218114254,86.48875065471225
1796.9475040156458,0.3964343190952879,7305.328446048082,0.06623331395362195,55.79403886161059
1590.4261031078913,0.22765580621367731,6651.46868796375,0.09922310024739747,145.2547108063007
1096.9173270669949,0.14188206274496862,8930.074044342166,0.05522267273576915,81.73076770982362
1548.021497229135,0.386698553164031,5469.868722041914,0.05236514330017609,135.0042133581086
1702.7382992895868,0.2198791325520018,9874.483443778212,0.05225089092765667,102.99455940699983
1792.7034057807514,0.16654508972468873,5582.720389076594,0.06084368476118973,72.82121572877021
1629.117578634267,0.15908941135885268,8865.354062841847,0.07895955581826693,69.34275740028988
1152.6581645407837,0.22596381901068652,6841.150945804159,0.0752781686822346,119.49607448830142
1710.1732665901607,0.33707122636549824,9326.311145659027,0.06750379024167807,146.48688076336418
1677.3418460815165,0.24336089547752665,5370.84974392081,0.05443965537084547,68.30697205291727
4395.75156586792,1.1433550871296647,2627.1086749766923,0.26866879709624647,216.80413028510785
1411.747667590243,0.13876337387112445,6677.217032501181,0.059207353239235844,88.70993454099303
3937.0448734495676,1.3441265781444898,2892.080189607586,0.23546038350241172,223.28793965044426
1669.4120642536434,0.3638817928588368,9927.744974448127,0.08899731915006572,130.62529736919527
1216.1358123109208,0.13940602938741353,5949.01979333194,0.08885070065309099,96.88892944829556
1590.8719229742585,0.3242627414002728,8149.734803491694,0.09845202722070744,56.24611883523086
1913.2059618141725,0.14795434832960172,7677.597099554701,0.0942118973167016,142.06676917077
1797.8023722086077,0.1846461309397526,5771.867456203694,0.07489023735892525,87.31878935505787
4993.7253441334215,0.8264081216157897,2810.0811962711755,0.24751212620558294,214.59673055879716
1978.50596693269,0.1268914542283242,9946.258642397774,0.0957884258854731,116.74882715551651
1010.6701270061627,0.3685319269546361,7263.6499681046635,0.08056126260240734,55.634207857262176
1622.7412763774776,0.2853614189544138,5629.006460000368,0.06471993335127976,50.36046591572902
4004.1987369476374,1.0933509134853054,2000.0468697916065,0.3260046746521038,311.9846600477521
1859.8544903351217,0.1395563359929268,6341.7403362427485,0.09960747113480632,145.65311329651274
1251.8147020091317,0.1578931733352289,7554.586316593097,0.09247350300761811,129.39929490436126
1981.029489115076,0.22258309254018027,6677.7406475315465,0.06406398580297709,63.20122767254101
1613.7079695437474,0.40634639477552326,7275.058929449605,0.09764772129586086,111.48698648988196
1793.537402228831,0.22230352926227953,5832.4977555068135,0.0990731055739558,111.1973750509292
1085.5995528227684,0.26336748299947704,6633.643452937531,0.06155834797077076,50.05590939029246
1183.457884758865,0.22064142651886584,5351.58296358877,0.09477960592506707,92.90642684911974
1758.4036730342032,0.132089716720412,9448.551367379245,0.09416013588494161,121.1775470601778
1021.9865220393236,0.47577344915847497,5993.7623858428915,0.051987678661702036,68.67928471173718
1816.8779858937828,0.31941559682847553,8784.500677143693,0.08348445965308435,135.0903831994703
1013.9490186919114,0.41513327527419874,6747.75894101673,0.06526403565155847,116.03048940993314
1657.1188390612733,0.3633428368741184,7371.986594698967,0.0837306313245938,50.69242970645524
1365.093920231806,0.30570171162479004,6456.305197306134,0.09567793470951218,135.49141801113586
1611.4948527191991,0.13587130266375205,8482.20635553685,0.07493896239947592,51.94000295216025
1696.0314069891137,0.3570934181081218,9222.732096373536,0.07072064153943264,138.79288041598556
1342.4752191863042,0.16214814237473285,6431.350923697941,0.09607656355937087,83.37188575698673
1107.9624481108356,0.2657532677425106,6211.088218317962,0.09870574588692664,119.86502552219784
1069.6458677482656,0.3516452573921721,8407.201327319484,0.05311181638969014,128.74309687117403
1588.9360225625478,0.4128916001888494,5975.765302838604,0.09614240345741037,78.12688199572739
1520.6553537341115,0.3740180702834478,8199.198828048862,0.05413842667609445,85.64368334069763
1742.2010091211325,0.36861341162185157,5472.140398468177,0.06686431066917949,100.95417433223326
1509.7355100039372,0.159616883670083,8100.685799803436,0.08812870612151634,108.26915317979085
1422.4457900308792,0.23845141602863518,7567.033670052166,0.08885184909698476,79.20419060771724
1398.0871782362308,0.11716490906407767,5569.528577881541,0.0862910945339583,149.2395368845266
1026.4469025976675,0.3877907572705859,8245.518174322999,0.05195562440305342,123.7004673222272
1335.557201696657,0.48103439252696767,7232.785785170379,0.056648302401204664,77.41520098200289
1976.0201575244942,0.20564415607163034,6085.575254085428,0.09681082491098743,114.04321912676807
1873.5555762270887,0.13507868366492373,6766.9207785108865,0.05407306941979454,93.53712011426148
1329.3780670342176,0.2902280307014614,7460.510528194648,0.05392729584865583,136.03288915450645
1587.795405066372,0.4426792892510275,5457.77113632191,0.09178229688789352,82.89500707768201
1847.296745535494,0.3207896781087119,9788.047415641771,0.08206328766114432,68.78539881532437
1441.2743367500686,0.11871086007604532,8327.810781060605,0.06758280279225898,54.61362587850369
1017.957863750151,0.4897088962111784,5512.67490643848,0.05828552435358132,148.43092318677807
1074.5104618186401,0.4314599639850403,9114.310921642296,0.09420852099464075,85.92216736137998
1510.3927213487066,0.15263763082060408,6612.774654730727,0.09942688788142562,72.05184684022531
1969.4393756758782,0.4687191026014036,7983.99768356592,0.05249858642214146,99.17684734274935
1693.2095422188677,0.28027531544207546,6385.714207897867,0.0777056691045101,79.16393220448822
1070.9161914385695,0.2487591962299765,8667.029724573036,0.06306517924529076,73.29000343234338
1189.3608757918628,0.2844213322108753,8615.044875000513,0.09161934167748521,111.63845001992266
1771.32314321685,0.4338287827483789,7760.21728436209,0.0673036545887403,57.48484074136188
1841.4397599562449,0.36379187131471435,6204.62796235789,0.085731464459317,100.89929496331433
1617.6945861885908,0.12369938095989103,6268.519037560727,0.07697617107631385,88.74313013446866
1644.4231696298166,0.4830417484464684,6914.313983474714,0.07707616907974851,103.25292987476487
1028.3374503833847,0.1591136533913271,5725.060836981426,0.09289997155902108,82.04406231388954
1828.5302595815085,0.3982271806941404,6688.278565954618,0.07352022129622822,107.03209209248112
1788.2752081708295,0.3544546121712524,8421.773006241563,0.09227997670722404,58.18185443745843
1259.0351441033472,0.17501121917862436,9154.226400297106,0.06817134140187878,87.61589561093618
1708.676719965507,0.16829283044521987,6662.9114524668075,0.058739147123215256,73.74986082461356
1214.854606424998,0.4481310374818769,6167.95129127182,0.07277386888283076,93.8089713255147
1040.330161051513,0.2678779693998389,9163.212891675672,0.07491778906885112,89.83361069397915
1201.1365425903773,0.3618306056696554,9453.520136929606,0.07391915988188957,113.11836617166914
1178.6288767542994,0.30162840154266934,7050.107616560322,0.09041652059396411,112.87577281595401
1337.7479967348472,0.3909414068303838,5134.520769248169,0.07823394707300486,91.33647474286673
1418.449497175458,0.29169695001573226,8474.80810447076,0.09442220358794015,68.16231569965456
1508.538891497708,0.21495196610222736,8920.166180915647,0.07570927474579711,108.19136486070244
1476.7538755083283,0.24535334839859857,5090.121265822201,0.061235754144100214,146.65153699888054
1270.6746059652894,0.4436310777801371,7975.154266707566,0.05647479201313763,68.54427243882361
1029.1706685740744,0.28721387716909086,7941.843791220876,0.09341814104723105,56.905917896461524
1605.1016222371507,0.1853797328978437,6893.53954373957,0.05280863994511059,76.45611854920266
1395.7448298473544,0.47384215523090134,8748.836629254189,0.055880480595988116,91.29203347342602
1298.6721573875498,0.41864018259935076,7140.895190571803,0.05318292594588206,80.61884218201176
1866.9410428305123,0.12226645842247966,8383.87975895682,0.07118670985909102,133.47097094826742
1746.7433077981598,0.49957718479220714,7585.58652317576,0.07663078081967968,99.30276724870781
1857.7655483724423,0.37797067857604094,6242.32302351422,0.05099373655113004,74.61278816592983
1494.9827947124609,0.16410663961623478,8032.504315050659,0.07577930834458022,145.01990568959997
1130.9312521267775,0.19486707251943858,8684.542474229209,0.06968797356453131,62.50628197212499
1696.2214361212723,0.3769781924966188,9869.52836718502,0.08868225912279491,62.29114418780436
1206.0737799371752,0.4119044221116488,6900.544734012067,0.09149783108731116,74.52848592095742
1441.229669091717,0.19561437725992248,5322.362723331756,0.08424837181931027,57.677212165325045
1065.0007889488884,0.20278754155970835,9939.85610610676,0.0736747767658312,125.1652684629813
1825.3084024229825,0.22284827794882434,8119.033297127681,0.06080742975209941,81.28108341766382
3388.3817903974,1.4923409574080733,2525.4283031424193,0.3511643631599415,234.10124099955073
1903.0975070493096,0.16872647132051077,5519.135430055597,0.06708345700222085,126.27374676970476
1864.2306022615571,0.141697279553911,6710.169199352288,0.06781459435974746,73.75185507486287
1464.5827644392461,0.3715456356342054,5669.683494363621,0.09580057735935224,101.83636387374841
1744.3682043039908,0.41163917591726806,9177.550772910297,0.09877986277989566,101.9592176221145
1619.4450738181533,0.3003717617666022,9401.71370714658,0.09490654781922521,137.13644123370685
1803.0756423377447,0.24553308410735417,7506.558499375102,0.09991173617805406,52.563085000313606
1431.8051007859121,0.2728170854105906,5933.031088310152,0.09344544219507388,81.68003436488117
1785.80848424435,0.25536313354878076,5635.594845198542,0.0852178758810041,138.24893803470212
1462.456817065148,0.48399396329507016,7940.820550401034,0.06469096997857365,73.68032227166475
1940.9657878427938,0.4072359620876561,7531.881622926503,0.09764785244499381,63.68799897464543
1486.3721008251475,0.1832348859400441,8473.945511838338,0.09383134158068769,107.61390949505702
1462.6192719337296,0.25367566082159204,6526.036313099956,0.062037339620782665,80.5876761931008
1785.0718615635128,0.3176049165452439,7011.839975121811,0.07445812366209136,96.72944932697983
1821.577691760838,0.3451943448254754,5106.805369255787,0.05350278303127751,132.00127656447364
1554.4891143211707,0.2872735584115068,8050.715225377645,0.09766544316336086,102.06969750830628
1179.7978134950754,0.4240506540047837,7115.717606732389,0.0786384163860728,101.5889782660372
1467.7582309575796,0.4070424077832927,9598.82316906724,0.062260027296408275,77.81826756953912
1968.0725029096784,0.3020631674512667,8208.931488524024,0.0646199656811938,129.28655644774466
1752.986193039185,0.44177175471269214,6993.472457248469,0.09903281863149299,123.98146240479345
1811.1626038791323,0.40043581217695434,6317.945904366752,0.08078071459020988,73.41205146585797
1032.8254988192402,0.4114327394882573,9526.424713038194,0.07103415620532019,82.00045197121383
1467.8594626341599,0.48256031177336667,5081.325370587217,0.07499227308927692,128.86281929915413
1646.6211336575552,0.20658677648368107,6634.562336261961,0.05492750361886717,85.77178018250899
1830.0326836280747,0.20705926494673968,9717.527918940174,0.053751138003643804,90.35596158930989
1049.2736535827714,0.45558090227625603,8270.16503490787,0.07963538716501925,86.44122712556525
1852.4388856418732,0.4088905493542718,7663.595356416496,0.07560020182201582,66.16325265178436
1548.4009367419117,0.47061821657425096,6017.673589602137,0.06795765956517207,84.0896535082908
1197.31397057606,0.12525206412978124,9166.873871271935,0.07830569762556823,130.29353031038082
1317.2552164497001,0.3511028309046387,6020.995312963881,0.05363379747185862,99.10753543770892
1281.9295517515607,0.157851335249379,6241.2676576062495,0.09719955857157732,95.82174832759696
1530.8590342884759,0.30155887931703307,5959.255714359276,0.0646855843892111,65.63511762758297
1051.6856799111317,0.16229877274137772,5790.74730284761,0.053588939533599944,67.75698385305284
1158.5361584999234,0.1512314035939517,9766.562479894015,0.058475213628705204,54.29501643501191
1812.6930433757825,0.10486733815281327,8010.157980706543,0.05477369572412585,51.39555315232237
1132.6039907468112,0.35209552495316176,8189.18566005047,0.058930225217984064,98.80140380728821
1233.3962694581269,0.24360904667603445,9771.627328393917,0.0708377027413306,90.9232355212965
1453.3706056041574,0.14207531395158868,6152.875275627814,0.08690254469677605,77.53775718115729
1517.1208881133305,0.22913511109252394,5029.587692988461,0.06361741737275199,149.0046540351415
1763.6104796141585,0.167577636580634,7994.418247851456,0.0717963310970822,89.79961956545057
1447.3324266661878,0.4766779326006638,7539.224266120793,0.09643786439441182,128.8846899131616
1789.8646210355387,0.22800195430453926,7388.25188699147,0.06479108696629877,71.05455933315568
4965.0673980979645,1.1987431427496191,2227.2165740539367,0.3634969576231415,370.98647288204796
1113.0997394238225,0.4359432013598342,7272.174332873923,0.057890843624118324,106.83913671847434
1156.3314383928387,0.3591023045144017,6437.797825453495,0.05891608731286238,50.40282697021935
1437.0337254497708,0.3840686429612006,6372.823386121566,0.07280764367381329,51.74254619089
1396.8893930890395,0.3544007215955842,6111.907900895464,0.06170511252331932,64.22187211495282
1743.5442696372947,0.47847851357942617,6662.641798772854,0.09515140368971302,72.31210410309632
1580.737139797352,0.18280033262321807,6765.6653757170625,0.052537614556173895,102.78495157997719
1388.1330810022494,0.4956156967023183,6543.878881809987,0.07986362830719199,118.62294308161265
1170.7602834503857,0.4323824710226053,9893.763578597544,0.080211469807476,81.18786639880257
1226.8371023254952,0.3355890355505369,9663.655427547435,0.05330129637597239,73.90709360037842
1575.501018469059,0.3649486497584996,7872.550497624311,0.08662821074354457,132.2811178493321
3167.0525488561957,1.3766588016450911,2497.361603675237,0.2464693939564724,345.48335833091136
1514.927508860672,0.12335848962366157,9955.99005159595,0.08615366867474042,117.83265550578801
1170.6774353022338,0.18720659941277545,6779.698550086512,0.0913462492967535,143.1330516415871
1662.906252344566,0.48458835380989973,7225.937728698722,0.0661449675995347,73.22109102427405
1852.538740855967,0.3137457715437517,9795.308884923328,0.0742242941467744,58.69653655161496
1257.9395067869007,0.2513414413047648,8043.130996493433,0.06303803898840057,147.97588940160105
1491.5142258318265,0.40481538535563,6064.645414186362,0.060075673176116756,77.07737961212516
1975.5273290209018,0.30980757706232387,8446.903341682502,0.05002973790213287,77.56632090600048
1333.2417405507276,0.10526510857275904,6028.730910230437,0.09818157560399188,98.3772291337997
1595.0463449237614,0.3944950386860472,6696.788718359229,0.07204642346648242,73.10576590461461
1090.1957002002443,0.3928870240211445,6137.800815476758,0.0506534886529437,149.28723554335693
1606.0150024794432,0.16605948484398975,6224.901079669211,0.05044692887840241,54.2965885869544
1089.6317733046178,0.4826640353696854,5023.277907833911,0.06441762842755976,95.14730789323082
1959.235435323822,0.18956325261644574,9403.544160997259,0.05069688393550592,104.83467350630002
1715.6626520723114,0.28309974695287976,6479.952476378969,0.06872573088292742,96.6950857947249
1788.1597881357065,0.14589438450436587,5431.871897613973,0.0531469250719474,102.052297286287
1704.104360771637,0.34131292778023536,5434.937028405443,0.05196257955751549,148.75791442170646
1589.7290360764657,0.25018044802288497,7780.091382304761,0.0834690697037275,137.69015838701242
1449.9127810855052,0.2412693848838822,9964.602752669685,0.09534206447214424,80.84436792961117
1858.3733797610626,0.4307907508883789,5725.112336350958,0.07046932916511398,105.1477049190772
1956.8356675430632,0.1038246851401913,5498.108904748297,0.09183852151379664,50.031101252880084
1499.0361729040812,0.419178708356969,7191.519402010454,0.051463273056787356,90.95690013737186
1931.535049155262,0.3285794262992315,7816.656269203977,0.08888450279850912,66.38742228619684
1583.3329099885175,0.49443940539207965,6471.901794389702,0.053139999616144545,121.13605907756597
1538.3841868964332,0.3357772882416996,6512.6104625693315,0.09192197115986758,72.10895776336115
1454.4827329553568,0.12215165365918318,7122.382509244748,0.0941183172436032,124.88956455116083
1209.28776153012,0.12025813057749053,6570.72807575303,0.08929869211911572,81.31598339800729
1003.7196608180592,0.4532611945487328,9576.657917842584,0.09103745122056446,142.58286213113757
1241.5062268560612,0.4364856582044213,5209.772856453144,0.07807422831661595,94.54166017013462
1509.723171603565,0.2383560302328093,6172.850799351373,0.0632442471291326,133.9517719673849
3349.8574084854145,0.8247688903766304,2005.956619658829,0.2175744403896501,394.69495040871766
1448.485228002634,0.29583654282224014,9169.790623324785,0.07197708245381808,147.73982149034703
1980.6482195640497,0.48686562205442085,5557.775394821006,0.050266828045952304,124.27227507120845
1350.2723706693275,0.47998436035075664,9868.817250063585,0.07384128532174175,122.77033223113857
1452.1829393601079,0.49353560341630986,8466.774249495546,0.08255939622752728,76.48659824493186
1133.5155513528196,0.44657951225370573,6362.9652799179785,0.050694182984566044,100.48597509725403
1047.9577324369877,0.46382063631004056,7280.189324072273,0.08106801680540789,79.01136886856385
1775.4095145924946,0.1869115115068546,6485.693097839836,0.08262659531084282,51.92934370184037
1570.6831750719787,0.4324027155959098,5750.111249272097,0.05790537891194484,121.05853326512334
1760.7048060438951,0.3835428452817099,6455.890323744576,0.07155370925782548,73.58364997042688
1149.8627988865517,0.48511460353122804,7900.459687448092,0.09821663004445663,89.73240303427875
1571.828771182691,0.3285047313770478,9129.848474177343,0.09420946138998913,78.46387871738662
1253.6424743413754,0.13406686668422255,6817.645374447886,0.07054107114291264,69.96358564636505
1228.06181690002,0.3389595564748612,6739.507702739209,0.06749231340120779,56.71193243837534
1011.5260140529853,0.3746323712085151,7340.003505406614,0.056204034048842805,83.78899087712864
1130.340723569072,0.18812841148497134,8222.777999821732,0.05175945422700799,58.174492352120254
1309.2681114996954,0.25764535340509137,8758.081312161547,0.06487313887210394,104.03191404032229
1116.878760590939,0.339401365620672,6633.997523997369,0.09701416735411192,51.962410376147126
1985.8584404109374,0.24964229492660223,7931.762339125695,0.09793067256668336,144.00198796428597
1308.6326485239506,0.24997908689546558,6946.804206404412,0.09062596702881381,146.64750194526766
1130.3239467023282,0.15323465566911898,8581.99925181693,0.06754124067599299,80.4653848296369
1199.0823128279578,0.47629868923106644,5823.374602585104,0.05718132164410556,76.019464080647
1587.7032283414765,0.4001977537980387,6284.62432525648,0.07977667378028397,60.44051997018012
1064.0435238647885,0.10049737554644081,7130.302099213749,0.08232525036030908,140.4918926580669
1862.4341301411569,0.40624531360886607,9447.073949606838,0.0712286784622802,108.68639252999043
1961.4996792371473,0.39591799706314357,7866.628946753452,0.08458233977793202,111.01249229981065
1246.747420667381,0.1038923840622092,9826.980594907058,0.08733409428258676,139.5856462601998
1450.0952685908594,0.24784171904550584,5516.3884264054195,0.089153083178739,141.07867938565985
1022.1344510294971,0.3426990761302123,7300.877068254675,0.07511490556787537,132.8341669710511
1640.7102247272214,0.28110026074321437,7095.3926502269205,0.08958203887798667,127.34415610996611
1413.9260580525888,0.4111944474882029,8001.030882029841,0.05127382131347284,137.7241222299984
1270.0584661015557,0.2701833330537736,9059.823043537892,0.08402021833694348,137.59706066845226
1206.8371106166085,0.16154518778153482,9207.240127915302,0.06178169785252399,86.86448562718995
3202.63836392638,1.1459434122691894,2692.0940350286764,0.34580181459911485,396.6094341253205
1416.2170310323145,0.19681599711041864,8207.681821227769,0.05456508533033662,120.91322131603891
1179.659289029912,0.38707692421653295,9745.147710224039,0.05961961317965897,87.02094340126621
1689.109081486824,0.1572625246656288,6918.437008192123,0.09960041165010015,94.20495172755089
1565.0722830366935,0.23160504551357308,9163.916570942441,0.07076950652817376,118.71310582814712
1858.6720549294962,0.27681104337216955,9607.51863546147,0.09638826993443428,86.10989096346792
1117.475898876493,0.17689280181082556,7457.696221325985,0.058144976409639906,132.65577120200163
1785.666601944456,0.2799838305474438,8645.512893016501,0.06020294210492598,64.80636211914764
3060.283529416737,0.8922274007137951,2400.32110921433,0.3305072128518843,338.34823735401585
1115.0109368280978,0.3236026155943561,5794.395070977021,0.06747662704395413,80.1197511836609
1694.8207298717207,0.36548530100807763,7932.519407362126,0.0821957604287398,65.2712785343131
1441.5472888798304,0.12497371361120431,5982.35825424766,0.07110232878602152,135.80242814460235
1944.9847855558432,0.44845284843286726,7287.995654019345,0.0905798618732731,73.94632389357878
1141.6113506178992,0.1740563540168142,9364.396566641666,0.07157795355855419,134.33957380496014
1642.8333908157379,0.19014497012812953,5430.090937818402,0.0786174591219132,79.6264403448676
1381.980045462946,0.3645399360332252,5152.142678323248,0.06605366000118644,143.38642876541567
1956.8146705908778,0.28750042417376565,8032.389236909437,0.08520204937193271,71.90776398013112
1329.9748952902764,0.2997582396684263,6655.306632974475,0.0827367104482857,56.96499910720013
1962.1859094918002,0.15126199382525307,7089.688534629577,0.06985005163870289,143.6531163342389
1901.4858511007492,0.4222943287505633,7028.552943291657,0.06380160513952983,66.56257422436529
1270.3832353106563,0.346821698441684,5433.101145047818,0.08070521874101495,144.41325417222754
1803.5417768264278,0.15415281732378242,5017.832163397973,0.0971575824605504,132.39773501183365
1995.604201803506,0.24959974681023842,9492.116214321322,0.05663215120133008,58.192538971663495
1252.6630021712824,0.4241639730940121,6088.992804518732,0.08995583091727803,94.51351989429355
1436.7771693233196,0.32734201839464827,7130.394959321442,0.07714958864040454,57.33996581351156
1520.1807365667596,0.1434595116531722,9859.628983355393,0.07627798475869296,82.97865646118113
1294.9311358038644,0.2491108183157147,9133.812909918262,0.09808420737879897,85.15030782399867
1015.2648396460297,0.19707775938229385,5539.654276313511,0.08029373987842785,109.96333303275736
1220.1292441975268,0.30698622146149057,7542.595158062928,0.09152589138742591,147.58955678431124
1281.9368843417585,0.43734445154879587,8650.39513247508,0.07572386244378483,66.97634401075591
1443.5997013181873,0.27450685392176793,8491.963924996062,0.06249266836275447,82.91509647488121
1171.102478413402,0.27333681214732924,8804.209262022352,0.08472451357290547,108.71024942145306
1873.2543566916725,0.4621403609308148,7287.2732744401765,0.0961588452222002,67.14208553195971
1704.9111327313362,0.33047416500290894,5879.61464665141,0.09206150478050379,121.07096622587191
1085.200477559662,0.3264764349589627,7324.362219596864,0.059918180312004236,90.36597158863705
1650.0924511399314,0.20476395675015577,8239.43624586646,0.06584445595310752,144.9572295635317
1653.6564764056204,0.34308909913485053,8042.96043302584,0.0758440336986839,112.98709452157262
1956.2211736436277,0.3303641869669586,5352.610268943037,0.07858016476180327,86.3080711210095
1003.0208713561613,0.2587405881367456,5324.762170410959,0.05969070572292642,121.94731210687536
1247.9324498058072,0.4962782263596722,9826.28915577606,0.061500617000758234,133.87545779899511
3041.04684113774,1.285765581373609,2170.1280699438066,0.2416697794317514,323.86475048118643
1932.133915398283,0.3998345160307263,6472.31232005861,0.08651587083574713,76.27643941286838
1720.5864193706375,0.3149382353652002,8838.172410780828,0.09196044073144456,91.6983352148859
1765.76332104754,0.2848239207578521,7048.3853791158745,0.09664649036401156,95.2177661030505
1091.482957929647,0.17395895808927975,5907.324266300164,0.0654130559451346,88.83833921723755
1513.8758347782336,0.22229498960584948,7336.1619115489075,0.09297974782852897,81.08635828558175
1231.5829912889994,0.4095843199292841,7844.749853816829,0.08330058956380931,125.27477992813478
1181.2180436136173,0.2814995815750206,7263.8330463903785,0.09788852119458998,51.222424343151104
1810.3032991233326,0.4529078066278006,9594.730377360545,0.0636037078011708,79.35442288587709
1135.0381366805475,0.15916445453821151,6423.496475497522,0.06348357508197629,64.16172569729036
1468.6516369963852,0.3033388384054546,8306.660803498355,0.08521467243463635,62.876931589994726
1938.578239586033,0.35878627360852355,5561.473607049488,0.09642053870191382,77.69586668974786
1185.8320555653427,0.3067393825231704,6961.427288320133,0.09122779123932173,126.21530911150485
1977.9934237382345,0.45569075663399483,8704.966257924869,0.08635197788966781,146.94218690784336
1994.2879857610592,0.495825312731656,6124.084702947327,0.06936545990286942,101.46184665410988
1555.617154682403,0.1463338633365479,7948.855228272063,0.0858883667350987,83.89718175769178
1170.142740177158,0.1519819616307684,5767.185146045302,0.09005477882154073,132.9170466311087
1316.1048879408957,0.15212964542404844,5513.508456806855,0.08766428398953022,56.710342526824945
3136.4174624812968,0.958848222406705,2808.3642789021224,0.3823327933045471,315.6573255571384
1309.3242243582229,0.2490704381983352,8375.054980430143,0.05235656258453515,84.53663147492668
1280.6355798765157,0.3933258645063624,5566.835331172417,0.08298574665574043,94.8408499471351
1972.2297092163576,0.2621885891547915,9588.881261864575,0.07391473277414552,129.78378692813743
1153.3648274157456,0.3510426885328255,6128.861313487334,0.09807846357748429,142.52639393357896
1733.327908716862,0.40794320227155745,5599.8765407965,0.08035949416885356,103.1276534991784
1000.4102894391749,0.3192863642619682,6013.494541751053,0.08041136281176497,99.56446695712748
1596.1826694023769,0.31580143618000245,5847.86228265921,0.09970275936848749,71.30110190790342
1915.9430039540525,0.1352937301142538,5453.373253064745,0.05467938948904527,95.11815436999834
1287.934094093219,0.2643126971637739,8989.196173893537,0.06381581425501764,142.3644231274045
1185.5259752577192,0.31831086128997504,7477.688873720555,0.0828039719484513,89.28995362733716
1651.679794878427,0.28479233026656403,6942.5972018934135,0.06576181280171874,71.06824878009624
1712.601407298393,0.46031280007537023,9753.139634920666,0.0673075073964561,83.7295029205143
1688.0305189519813,0.4626122528477957,6855.041935323954,0.09463224698985544,101.45946126351734
1319.3168800213741,0.42876695223550476,5834.863630235946,0.07896769525198984,109.85850305995709
1252.2024021593309,0.250119230149248,6370.214459632982,0.05514327914020773,93.24298796401692
1955.9187999620442,0.3869196606750137,6194.832667942982,0.0655431292866311,125.85361795403026
1923.2995082699294,0.25811538442784393,7493.706397816524,0.0538029188249709,108.44533821067067
1457.3166098928202,0.19303743959030362,6457.5256197728695,0.07780649667235727,116.50481340116873
1846.1938661543734,0.23716105742035265,7580.305860931809,0.058663409818799486,136.29189246112304
1452.323477634296,0.1283858533142142,8346.467124733945,0.09285575750125531,136.56885702726527
1424.3890180725105,0.2327110036018589,8886.49392856629,0.078865701322825,70.3508312302098
1156.7629475992946,0.28429688690446864,8550.788906336154,0.052968782096554735,112.33447448326498
1426.4060564919728,0.48219235791233206,6027.953582281805,0.06504378318121595,121.664086104166
1537.416938599807,0.22536423448784998,5579.498596213769,0.08081688336180634,64.58529532608512
1022.5043274286865,0.4609814156822083,7712.250795506255,0.06677491590969142,134.27698370589184
1444.1130051754064,0.19154331032939884,5994.558956040726,0.07565883342969779,68.04698620113314
1781.3562183952004,0.17638755910369977,5424.668608857566,0.09546811473413679,129.9279423274857
1680.04605637427,0.307598182572866,7635.471714897086,0.06750179852531392,66.14657566234494
1635.156988863935,0.3690045477189624,6633.970925538977,0.0667936431234894,124.17785368110012
1909.5554284372024,0.11773290032091258,8780.74505969252,0.09098784206563494,64.81479788866638
1018.03200982523,0.1884263460188867,6570.9581527420905,0.0659378261458385,87.88293108584688
1557.0475861922341,0.28227346660052655,9893.585685279068,0.05389791720701961,64.35161334720719
1787.348848409707,0.2324017343932726,8792.61595630354,0.05904724771187475,77.07150963266297
1541.3353827012672,0.3850484317393288,5288.466107444311,0.09744001253981506,148.45147773534848
1323.8955525803792,0.3044642384165267,7544.363701781381,0.09666463962888608,60.76756560693837
1136.250565091978,0.16414364224156008,7813.1025060705515,0.061240604538907395,90.64648264178882
1887.5630718161913,0.4577861517260362,8476.51355340799,0.0776750936549343,117.69193408855229
1470.762392387603,0.21716227019334383,7488.983985168791,0.05686840502115015,59.45985703972858
1878.1151969857015,0.39245244358576936,7417.217992072866,0.08373388142557679,60.903298741953336
1585.8521224331685,0.411966311642164,6839.693058388064,0.059265289800490534,64.32628725238746
1674.192116615001,0.4852630801024409,6357.306919495869,0.0524895211460802,114.49863780330233
1804.26115437845,0.2994029866096406,9731.001059883672,0.09124484036043998,140.93369179792063
1659.1555446001344,0.3463342061857729,6587.98334817186,0.06627001913618129,132.59894539686513
1398.0548406789376,0.2339505173918135,5317.106622901653,0.055426120178004856,148.3055239357492
1513.633383928651,0.37127171736482667,5836.423696467062,0.09169519754311127,107.81378845993937
1803.0455246758797,0.2853533943465279,9286.383180206449,0.08811987387730742,146.14773046181858
1373.6502963729843,0.2750609458897689,7933.16729561692,0.0841879225215984,80.4934165215452
1388.121456768497,0.44218701164644225,8893.902746885327,0.09556243549222647,92.15045938460658
1095.6901160580012,0.12006753739947547,9043.907730698473,0.07446130434353176,89.60413679661296
1914.5844352217478,0.4527849711327474,9116.182196055366,0.05640282487933989,54.73574802789043
1091.0363149454417,0.4408279351314228,7753.068538723044,0.05306732049475598,132.97052685405583
1648.209177448556,0.3025465014247156,5885.602978495524,0.06592205089798293,52.47181886923686
1413.1944788027977,0.2960811416822513,5741.163761180709,0.054341541506870816,122.98762510850118
1405.6193902554423,0.24472294721419607,7869.922101875562,0.07677547201735427,90.7064782655264
1679.551836572684,0.49766951667269377,6832.571768428382,0.050724950891157895,50.62477160769091
1067.0937326298788,0.1444677331015365,7790.241206228837,0.0721881650754688,78.99469028627995
1593.7057829514347,0.3360860942514428,7492.3892211893235,0.058923014492679275,84.61276959188274
1772.0317859723548,0.3726726360449668,8010.990398487742,0.06841340219335791,146.47024710600152
1828.2127578865943,0.4737320032867778,5160.5589536828265,0.08375170373853447,116.10790976074561
1170.5303893937753,0.41208139874270466,5164.183403150617,0.06754818855253508,104.35715915061402
1897.4190500781738,0.35753888112461873,8607.975854242544,0.06706699436001076,62.705056420265805
1656.1460918474422,0.14672492672484908,5965.6362191135995,0.09953753664197511,89.11043395128169
1881.8548008206828,0.24949340673258696,8260.992310960282,0.08594073613631431,53.5764353600368
1485.2807171101983,0.1555366570191941,7732.879553957273,0.07569308559250257,126.16854184723675
1542.033345097202,0.45248509298620554,9908.972357023118,0.07896878254987898,66.27767021937478
1919.038277028671,0.3998484622254572,9177.029394415313,0.08100913157594056,109.44357009464011
1899.9095433546718,0.4030147147188917,7065.672606656747,0.0512287699470421,119.93915382563186
1448.160873369002,0.3609026071094177,8082.064100465825,0.054013229526262384,86.65091277069857
1274.4126316356817,0.3028174147746839,5586.44728612736,0.0824594675678326,113.25931520994418
1393.1704345642643,0.1599884237853989,6931.930214811905,0.0682234429424157,126.42328616466826
1387.7643285297497,0.23187795468202071,8669.43870544937,0.052772202011596256,68.41237951059881
1286.866874982794,0.15476631699075624,8113.357920643268,0.06487566230258131,110.08603288374847
1268.5796043329665,0.3899652571409373,7422.356621886789,0.05651417102106951,123.3883135440869
1861.0629364797194,0.16409151040880202,5882.645520263345,0.09581569211131608,85.70480894166259
1069.8619206846618,0.3808454200686743,9015.729630787722,0.060146269627655756,66.24911581165452
1677.611182099594,0.37690215583836195,6365.833022057885,0.057184559869702625,78.61160211244234
1172.8200514564523,0.28372179159651556,9102.395408309549,0.08130844085443084,143.3074666839829
1344.5058933940632,0.15409146164722093,8058.045313974968,0.07609559651384164,85.74479547659371
1061.543034134837,0.2259203304536147,6863.6571397439375,0.07879662270178961,60.7700587758882
1269.973636855462,0.2280372436302206,5203.026109799957,0.07179740740201576,58.27265076493289
3461.8806661861186,0.8570870542561561,2698.1301832729023,0.2859157364961859,364.9406444950914
1885.0153245472586,0.14549720776548974,9445.35462744082,0.08893987779235649,62.751233568975174
1221.527151902367,0.43162745848643636,9089.871719478588,0.060996109241283375,99.50436599571363
1463.5478392589218,0.4044029160743656,7874.26656467049,0.06982646514156171,84.7551444175609
1470.3240479372064,0.17452276726970956,7331.612319810634,0.09789126924639746,134.14056546832643
1873.5753057597342,0.3876657527115558,8235.713396650546,0.05949928505930226,138.10785324312178
1762.7990528758055,0.36740527258712874,7331.240639216508,0.06468867975209336,97.32793878877797
1513.07721836805,0.3992483200443705,8221.524203595702,0.05957834621429953,138.85271045645945
1670.7472004717733,0.1755714221794778,6537.02049830079,0.051024774817906786,95.046163873101
1847.3550539093667,0.16303612886258745,9192.486089557377,0.06349149625208353,114.19621239453586
1009.538954025545,0.1945935943691017,8509.589467326334,0.05232337229811196,66.25348326477508
1402.8900310500485,0.24634868125959028,6649.878142138459,0.05773425632033167,55.25825618218755
1907.2431672770786,0.4174659924143205,9153.330574117206,0.06813410350338074,66.00851764047974
1740.3130308439513,0.39516957499154004,7436.712654265894,0.05103606085344792,75.18452358454064
1542.8413743340748,0.4701806369114133,5873.194323687308,0.08764782829653583,125.09818930403453
1529.6445270351335,0.12345182363944618,5388.5623100176335,0.08977945068847734,67.35052424614706
1347.7700976044378,0.10462251240567425,8498.028738186102,0.07057069012091816,63.06546955360321
1520.5205336415145,0.37965553188031964,9325.604021040053,0.09923329896871347,142.76093791294488
1655.3831994634534,0.21171499831766627,9037.209942972719,0.08394969574038497,118.88024223439419
1418.363038428793,0.23363155821352702,8278.25515111076,0.08718608739903745,97.33055857282805
1714.153146392174,0.3187208103658049,5706.87527802384,0.05961502118330667,59.496839321575855
1861.2322272603858,0.1409652492507194,5470.220379883268,0.09187188114108567,135.17909115713562
1154.6848481848613,0.35707776661921986,6725.148115058627,0.09725231990107532,60.82584307888644
1451.5470228174245,0.2300589784924601,9274.554451993845,0.061815508328689595,111.10465317428557
1408.020091285081,0.3530860497203967,9808.68135153332,0.084323214719319,116.7676492621487
1687.4648040497282,0.43360276522935437,6206.804274235356,0.08734705243316657,90.01388051499873
1249.8674652579293,0.1684445333349719,8810.4783529086,0.06525845859047746,141.12167250045752
3903.2139429040435,1.1651744782684532,2355.367710767376,0.21901479648104305,277.4764518869469
1877.4892417314882,0.31227525642497755,5159.036835389714,0.05487695467903621,131.81169057986892
1418.1315997936226,0.46917110606958734,7714.5817496647,0.0586547401979754,105.37943982581999
1911.01569997922,0.18309203288071127,9029.702014946775,0.05307852618235974,111.12037244076159
3186.398949203242,1.116431807949224,2189.0737224363866,0.3751876096671993,249.77899752596147
1106.092049947952,0.26155484692944186,9486.808119852305,0.08126314486386346,108.26478031178226
1233.0531879848586,0.40968887646240526,6181.302034373184,0.09580597917168665,129.70279855623932
1950.379751482093,0.3423635772853185,5382.365663220272,0.07710924053118008,65.35307657197707
1958.3276864813868,0.2978061827833274,5799.69654719782,0.06303056854040501,130.92895921098176
1097.7072753867585,0.46519416257240354,9185.014343604591,0.05297367732955594,126.10729072241665
1014.9985003771367,0.2508468256686721,7086.529595197641,0.09424765263754184,146.81100733676848
1161.1000232564222,0.1879920819592726,8984.727818108287,0.07394290392640268,143.57106349693206
1996.0127833822482,0.3432404747408367,7656.1653049479755,0.08686609947211607,71.39865455114055
1179.9996166106869,0.3496113748691255,7402.795623972157,0.05073246742977945,96.49331292643282
1502.5476067220231,0.2756378486287502,9034.565757462327,0.07440694613322088,141.14831781728535
1848.417726430511,0.294644017475753,7117.43805856188,0.06628613115832493,114.07650697076446
1020.4016106882063,0.48382136571996004,9010.163655331842,0.05151656363069135,96.37003942728701
1604.4889822584596,0.3930742765587205,5503.310824817228,0.08878364035362292,60.89387616008307
1277.0254488696244,0.14424070059303082,8181.554077696283,0.07564508264468067,85.17575672362295
1862.3349164397316,0.1848520283482444,8512.935282759923,0.06665901214955655,116.5239949153579
1283.4611492640793,0.4902306537742236,9495.486980708713,0.09028992419536996,127.6914481950497
1686.755720281909,0.3905862215174125,6121.619593580975,0.07234617259250833,94.71669140092526
1674.2196324473969,0.46601805045786127,8021.099400464258,0.05017489781841507,55.58444930110829
1221.49354885964,0.22154458559548884,7166.282818446116,0.09722238160191628,113.31721822695305
1034.7991998683501,0.39674674403463694,6913.858277720145,0.06278413702311927,142.15863922248832
1409.2495737853974,0.3856010834094046,5533.567776059787,0.09152877610316708,99.64107489054834
1289.1931519658697,0.21787599417575004,5671.166652974711,0.09082076920406365,142.84247012892928
1808.9777496137085,0.3203265301802821,9184.94230723823,0.05811869656803657,85.4100723662542
1800.3641884553454,0.3509660445081181,8748.76716162781,0.07370013406073883,138.63657699364194
1457.0239521926255,0.292452724330986,6911.705651455502,0.05200994892492465,128.63397526321836
1606.512225323219,0.4308714826632051,9142.432906948154,0.0677275836444231,146.17415499400028
1604.2595159869252,0.43314761671919577,5403.830924117892,0.086548942168481,129.1021235210428
1827.1581484276235,0.44024021932062274,8123.869585165843,0.061853473505517884,82.14797496304686
1425.0024141231975,0.4213694276392651,9340.880263571442,0.0558563965371155,140.05675272993176
1275.446679790509,0.29523339087885786,9194.321155156247,0.07535617754675045,116.9731076461139
1265.0349181405475,0.25257531925960286,6863.913799709299,0.07684931921868161,66.20693257412373
1536.1922792822043,0.43255051348574824,8726.169265284945,0.08379144656605791,54.59650797393601
1449.1482027322127,0.29608058342250676,7137.340727599388,0.08795688734012955,86.58456041482853
1440.1207709849361,0.19854855945119276,9200.690821949747,0.08479047656323277,128.68641497316776
1091.1373390897072,0.30293741292888654,7653.809750775115,0.09227061041474253,111.82145954469192
1718.6037406901955,0.15673992876769685,8824.285245525207,0.061145323214101995,102.7127159729342
1213.7366879819108,0.3766517962395196,5392.857911458359,0.07848833731082482,50.37276345902582
1196.9536302087213,0.23436851264956254,7950.1298580443145,0.06800476787106627,93.55007020987424
1412.7583202773935,0.20426351937898174,7751.420887346693,0.09810561785008212,65.77233887252488
1227.7783416178013,0.48260349849389805,8049.8836086758,0.07201397617074119,95.45673971131879
1583.8582673080155,0.4107523983033231,8478.20803957795,0.09798569665667783,149.17703219878365
1371.4633393344716,0.4148278010895726,9590.54485017071,0.0884532827029553,137.9538823119929
1448.91172259279,0.34948878771167335,8928.410408880154,0.08592319310343496,81.06306041065811
1537.169321604029,0.43566912420411885,6098.189957174523,0.07457818559609135,109.35073929629317
1203.535522481805,0.4036649924653525,9129.481346460481,0.07216890671278012,100.20952334139177
1155.7516228655297,0.33950948165344663,5610.398388075479,0.07632740937592035,63.00470052146828
1880.4219028736047,0.4844497607406869,8110.992928375348,0.06468165314634766,148.98065158151843
1433.723702831421,0.17663797987376922,9413.769041229716,0.09522549699192334,92.51751566132909
1412.093609632539,0.4773518875979005,5505.61027107452,0.08971653276326833,100.56590370718294
1035.6121502728415,0.26057526479954596,9248.463266551302,0.0900697927162522,114.75993123109399
1497.976302587393,0.31135959336059466,8993.103671151228,0.07165767977247181,69.1544533130618
1554.169721611,0.1490957278177236,7518.877169195353,0.053554447412210854,72.2226602359603
1558.8408709546666,0.3160429755687164,6544.48801147702,0.08415386589631393,69.25584251964374
4554.226201447093,1.1644513872049802,2694.414044760251,0.3916596636088204,379.18570901410754
1177.4818349910117,0.49908061672340964,9843.29067850106,0.09352151562254127,69.96769564577204
4918.259089571081,0.8592278830527202,2339.0714298501034,0.39714052849177817,299.5001097860312
1810.7304652304128,0.48655891674971496,7898.0214391494765,0.057266407099487805,121.43140463502408
1947.1706168433939,0.23935522404082296,5416.203739393419,0.08008578652692572,139.78355692229758
1135.9327473673206,0.49650659949801745,6089.465320945861,0.08461069629635923,134.84841303101982
1497.6495545052182,0.28219126063804434,8816.581940372604,0.07840687899121808,120.31519515634315
1214.1762527395867,0.4407345035047602,6512.995201802636,0.07570210880776307,74.27461890751593
1060.0731683549825,0.18652798760758882,9928.830352813673,0.061393153750297066,111.53188642864619
1325.5033381261355,0.3023332718626409,7504.0852154692,0.06179534222105922,68.62988606352673
1143.6876251842127,0.4864048384510422,7582.696626538715,0.08840040693212774,63.24760485102776
1709.9330734342461,0.478812558769371,5181.573696678676,0.05093448927817786,113.25752419526063
1533.7254136714446,0.37349395112857076,9782.63374788633,0.08894550313527883,112.46255935383098
1143.8344709903108,0.4191257290212239,5871.1672044220895,0.07633993682695696,65.66221420194883
1009.2415884055143,0.17057067864096057,7691.702994052213,0.0968111326192418,85.24276974479315
1808.1570490242127,0.38866341979366303,6978.373049793658,0.09986607738614615,56.628117385682906
1176.1944061642475,0.34722032333414893,7077.923503723028,0.08317422825544807,121.57331136860525
1606.216642220766,0.13662069430049845,8216.500830180543,0.07061285972100685,148.7495651397544
1336.9219130767456,0.14526360263587051,8310.443385462388,0.07375429542803473,123.99061554250342
1585.4859383150356,0.14337744710050476,5771.443074290484,0.060210771382575384,134.41521695754415
1315.653626982324,0.38974277393193424,7497.933265609461,0.05496171619957405,97.63432422847194
1086.9395606922542,0.156686083299029,8952.387245709284,0.07893816966510676,59.55840811667503
1222.9500085577536,0.28709290844578816,7216.432417761148,0.09027475489833003,122.66065225053029
1188.0585664790756,0.2427927223511031,5829.022354132901,0.06308832588646067,75.65202001308147
1428.0193524396439,0.32020165630808717,6566.084715783453,0.07098264051226749,88.82939532575296
1658.2837834261572,0.38259059488776115,6061.897820525351,0.07773868308884904,120.30992499618434
1263.8060749463575,0.3738890148885329,5629.0873395741855,0.09539489099850287,140.47845261955825
1012.069935300618,0.30620796636575065,6887.905637176769,0.056931561383102805,98.62490489992497
1518.937364264757,0.2857339494441542,7704.681215990376,0.06184415843648314,146.16055730956617
1605.7594893589721,0.2591262380489035,5363.757626383159,0.09592652258928924,101.99035282940041
1962.8704940018097,0.4447639793217518,8019.1168611409175,0.05197677965773459,62.25104484631406
1589.4708030932468,0.232340721949058,9965.122200848038,0.08280578170299294,101.84337458253974
1471.1725593781418,0.20374632846699794,9820.624660100419,0.08197629416089758,136.06277059379673
1573.401625897704,0.3973261974621085,9145.867409995793,0.06916272168162821,103.804513312432
1927.900629862027,0.2439053846786906,6331.705564012015,0.07340823395035591,124.77553478624172
1828.3781456016463,0.4387994399029074,5112.037982396837,0.09274589757402807,104.79576118578754
4005.807495823989,1.0893780328369107,2522.391970544837,0.3361054910219183,205.23615638077223
1237.2543636571372,0.38077792982983527,5278.601159893567,0.061578373913946355,78.47609012972653
1262.6336123660735,0.11804360251413444,6028.140407353852,0.07561752057199453,70.12604845557466
1504.421039715213,0.254225152044128,7722.266077233922,0.07048727115000152,77.89187958446539
3631.5873303752223,1.4603482239083045,2423.5945789610732,0.37738571089116707,339.279658682733
1503.219207182962,0.42667149571036933,9168.94165649321,0.0960419593046898,130.95901107066985
1067.7963958281125,0.48682216129132405,8885.798481299145,0.09585510088689184,132.89911073038604
1723.5807004399808,0.2843525106771846,8778.847528686249,0.06150091698574959,66.33778160727181
1805.9701286709537,0.42993451086150325,9080.638079487882,0.06510723064244203,105.28549141543084
1289.4978651197196,0.379877880382946,6098.508901323061,0.058103434064851495,91.60277229634279
1664.1257392833504,0.48695439506547733,8644.461880748746,0.09638951857319633,107.09357256381634
1426.5919010543935,0.4244434057371299,6776.407512958824,0.06989320650990977,114.76233870170266
1889.1193557274428,0.1309912263854922,8334.223797841998,0.07248525724418386,77.96119927188559
1845.2255581607399,0.3853126889528945,5610.108643155874,0.09013203903887299,141.92423819415916
1525.4319983096423,0.31419988616894945,8527.932900322574,0.0756486736405146,143.54481550020176
1691.5055458135944,0.10657442317293087,9860.538639503899,0.05598777411107561,60.5357742549279
1883.349701022104,0.20052518349017748,5218.001826593581,0.07189243547213484,120.3018481116219
1495.7170100782755,0.46870209801075724,5469.144505835424,0.08152620216393158,53.32320616949484
1313.250740488822,0.4704245491147012,5618.183836690069,0.08596045438785183,54.65637979072844
1753.6661379095813,0.41954018408025384,7152.819524706507,0.08226759263914471,145.77999140830218
1220.0662547846919,0.49271184131119583,6453.900924665269,0.055959035961618164,119.48531348703155
1388.531148006042,0.42261808984968197,9034.600767703469,0.06521722625809093,82.45416298480498
1865.7272371067938,0.10408167491409809,7368.936196004808,0.08667823224816076,116.98776677458906
1724.422340269315,0.2151337361206047,7422.686713442762,0.09400950971680375,134.58350506536814
1403.8110052474992,0.11224967289510515,8585.190506626768,0.05235932075311299,137.0903476411304
1214.7445024083574,0.1376431874950238,6809.844912678729,0.05211145540349886,52.05197790241654
1355.9683908322365,0.18753632678031043,6766.0362371023175,0.08217022646695313,131.82280074102644
1284.104149227433,0.301423418530209,8784.631938137401,0.07740230770816406,135.32027150599328
1176.0892879438538,0.43901280138480714,8900.208729183823,0.057766952525885706,109.55702048985262
1743.3329135656568,0.44478670246284324,5071.993862664098,0.07741457908484803,97.99038435500223
1252.0698868501715,0.34648074342291857,5718.952379203665,0.09872436717504254,61.09989171976265
1454.167470167764,0.471270375626494,6065.490905742399,0.08154501101983125,73.96138396688991
1385.859446836109,0.30002493063608326,6758.0023437893815,0.07245705780248593,99.0485119665424
4604.138876029876,1.0477671769466217,2500.5430048288845,0.39309417350332954,262.7318191777132
1391.0922441482205,0.28162610253280485,8342.600241941382,0.06064112428260758,130.3134356799323
1079.9824827967548,0.21089000296875293,9140.67616901479,0.07071632154134566,99.59295809187364
1089.825752572084,0.46656516724017105,5960.434911780121,0.07638839459054238,128.56270228304788
1590.753721353065,0.2551740302715477,7814.900303009742,0.07522699460253778,126.57333750164518
1599.3635517382656,0.30136164353778466,6839.08125540518,0.09604862346055762,107.90153513666073
1418.758990482655,0.23154425301227088,7528.889375230309,0.06463340536233379,72.03254534319667
1431.8436923120298,0.36513504011629194,8103.789208916969,0.05282518603648098,84.80037687598495
1053.9325828408712,0.4980124900024142,9467.999093410055,0.0958188602256871,66.40645501924182
1516.5465103892623,0.11020541954590786,5961.463339136403,0.06085338285691713,50.715050642275926
1504.7394753803517,0.4599392024028406,5435.032935280302,0.06895139869883538,58.052543134143654
1149.5493185569446,0.10157042279570616,8136.059595226762,0.07654458122590387,125.96256343931248
1103.8393861109275,0.24569115245848444,6970.654243863132,0.09879402352741068,53.34861507674977
1123.5724905994905,0.16744272251580572,5814.513466464943,0.07676342208142992,89.9852638814125
1101.0282464912584,0.4029367122690205,5585.435836774223,0.07238716532742395,148.57803316719526
1609.7081955367598,0.1202443363028694,7794.548934370149,0.07918192397588233,129.523921781022
1196.4826524029186,0.3213939814337312,6502.352972640978,0.0985404079958569,125.0617605039164
4723.411296633041,1.3112650037925375,2388.3231711505077,0.2182033972419591,261.883290294899
1173.5721441514397,0.15346809954588086,7029.50409665357,0.058448406815596106,114.17302156108583
1957.835304448503,0.40872728484105636,6061.433043825913,0.09016300074521046,99.8711847684383
1854.6174631518354,0.1869667337021027,8144.245225586389,0.09205495299019442,112.38244013183498
1230.4948373515208,0.18947008482197558,6221.274448452535,0.08453470519792332,93.5816118993497
3844.17713035209,1.1812851496899774,2173.1051394107008,0.3626057357578827,377.1792221169036
1209.8928423049972,0.33470670553121096,7412.880918605037,0.07204385004239022,148.83962490176816
1491.8759594608237,0.3638663726762993,7267.788148578686,0.0820847693559727,82.93128550079646
1019.6105324742535,0.10704100948053799,8980.428481347875,0.08687874860761288,71.64527734843297
1671.3680088967958,0.19674785444551612,6083.06500733092,0.056141012403714954,94.8494442830723
1523.1581498176415,0.2723883370021132,9521.53652535235,0.0628664980091718,102.4320510609053
1898.6389283011033,0.23279078086449326,8956.702516067671,0.059704093948314704,58.56288362437259
1164.3926843284141,0.4536682634043544,6665.611821216618,0.09206059184530072,130.59720221785702
1804.1092460611317,0.41508349235456754,5903.012531400693,0.0840001295765884,92.20527876948927
1791.9610144667158,0.35035608621553105,6397.675122533707,0.07253892697875883,91.31868338310326
1127.1811892168869,0.23521696639881592,6663.181234545392,0.09130278752442342,115.88398446832632
1398.5592241441277,0.38026893793846395,7784.665844035233,0.08583906699962554,127.32443333486324
1170.152641144517,0.4374552051383178,5231.840844068251,0.09567965407726485,148.59402697781368
1254.720500457549,0.3379321509435947,9571.795649260266,0.05384034980489579,67.35196984952552
1263.2461748305443,0.41378458675735164,5493.374283305555,0.07545786907706177,84.5555683453576
1556.2363940257728,0.3996419845598992,6396.366970500174,0.08533739517881275,66.82572687365139
4584.977830043483,1.2184030111555055,2782.5443530332723,0.281825501354935,266.6701841383127
1947.7328040063053,0.2248732867286044,6283.3641326283005,0.06635631159856821,104.84932386621831
1126.370141947005,0.39831286320050874,9188.369093044043,0.07094881256599134,135.24400957052836
1973.6921348501987,0.1827185465430426,8075.879056916212,0.08971628091352946,148.52252910473493
1230.638640214264,0.4117953385886135,6136.616125447404,0.07467881005285976,105.02066808344759
1772.8739363818531,0.42181867685701324,9358.792648996689,0.07464350164238948,61.81518191907169
1338.9699261728215,0.42885795182814923,9003.560296092424,0.07154438092760727,86.1267720896677
1143.0813954173138,0.2891663883913831,8768.246411607903,0.06142945446481577,53.618929726866384
1857.8891852462398,0.17699230710816868,9238.163491928564,0.09615357678063824,134.93009469362477
1308.8608992364632,0.1398894400264275,8098.248407591575,0.06589005603283378,51.78869416069003
1658.8554042268422,0.39734450019516976,7507.186801056161,0.07837328303849503,109.21849901299412
1566.4436850866266,0.45450455381192534,6869.675130856947,0.05743898677611533,60.61332859073578
1471.7563093908743,0.3603353435347627,6118.820102038492,0.07171216960495236,50.75578413941623
1495.819472648539,0.15766402415534786,7787.058288234474,0.0951901758084609,75.61504422614047
1732.2379140922876,0.4739585794070297,9447.46172857044,0.09977326192552961,105.18521930375623
1087.7729141234406,0.4956408058157279,7969.908944961625,0.06808759283667336,57.50879122045547
1668.1806619579052,0.2733514439739688,9598.034308603183,0.05769952731571678,111.48878829801947
1895.8121013985788,0.3379301157095085,6784.5868479658175,0.06572257633651976,117.19922211374055
1057.7881970198641,0.41089140800066315,8475.689862637488,0.06636208841935098,146.9698100113452
1140.6533392336667,0.39455591602001794,8243.327362313206,0.08222543971411589,139.9537080388123
1716.6319367020315,0.4871148767733797,8352.16922031371,0.07480783622472802,106.67911025788351
1437.2816482446176,0.1459532364315156,8225.210061203963,0.08842298641328153,129.33648087099937
1403.5486208136883,0.3322899464571223,6108.273374685584,0.08506516422487406,86.36410816469919
1136.9666345442358,0.37677256786923685,5717.954491415745,0.06256543619626231,108.57122160635566
1506.770040717788,0.4560393696750681,9893.141281160293,0.0892127844942889,90.33541699365023
1126.5453111963773,0.44964385108726035,5226.475644212506,0.0923730933457408,83.70417617120576
1476.6204563105405,0.49119991742451596,7338.682435141352,0.07991950948770009,122.76394858749435
1763.6152989616567,0.3048313815750716,7125.401585709309,0.0963833854624288,79.66705442867459
1258.2643578871634,0.4323043467252906,6800.094791075381,0.08914740613672752,88.05522700050773
1480.7861681797274,0.2709126832509311,8909.919267883548,0.07976979534365995,86.71715710807794
1992.0159693968358,0.2689255511424129,8726.75144156258,0.09530829986566651,137.0403427186231
1686.6504233540372,0.20133934578914361,9526.1246176497,0.08001792401202695,67.04044699510011
1841.3567713051984,0.427294914807692,6977.437630934611,0.07605955636686701,88.14757919656465
1414.8476065605457,0.4943260423254062,7820.897639647299,0.06781291702055514,138.7869791728822
1767.8609231258552,0.20253669133890317,9461.535236710602,0.09414316652972227,51.53044258785834
1040.5091729413218,0.12245263520842893,9969.240314276922,0.05613635854364108,144.78669953281133
1122.911182542245,0.4262169749676029,9846.471811826774,0.07367513571087282,139.89004197954836
1203.0705929200622,0.34809202101390246,8589.21935634367,0.0768706665937511,91.78481464091152
1401.9519246152195,0.4838795202204018,5716.1377890508975,0.07773745533848885,115.30252804661295
1845.7448783257632,0.20089568763078092,5115.930058965133,0.08259449152426215,149.10666606220045
1346.2660507879305,0.12841106320051243,9126.091782014708,0.07528978121269078,105.49483770617768
1654.621193515463,0.2969769043466006,9204.710122459128,0.06284090738199635,59.68986914456084
3129.662451193412,1.43724359047361,2883.845377225951,0.20706054083219327,200.90772447775836
3036.873959070377,1.0778831828642075,2296.2083978464398,0.2102558135127645,359.25395091257985
1357.2419681701363,0.15039114432766731,8199.089297992634,0.09290939068551532,75.72716556059629
1577.0533417135443,0.18965287186403149,6581.242209076371,0.06380217454901885,137.35153530592368
1342.2655927897463,0.14245786112855674,7253.241230504624,0.0818528447451411,75.60292118374363
1083.8737385520121,0.4815623997709142,6912.175424902553,0.08570868725381975,124.5085930652749
1992.8039781860143,0.2114250853798942,9568.200433950278,0.06917025801839193,94.7673678758863
3492.1136635960197,1.12942949996179,2187.521998134237,0.3472362430138787,266.6307490314908
1072.3483838360573,0.459444723053689,7888.0545228687515,0.050125438742114836,73.23522450391876
1878.5307492071558,0.37092863518458974,6804.907645169296,0.07974598751071109,91.95655249589018
3932.954915258702,1.493776420719998,2262.3684663515924,0.25043257297812405,209.67643486062107
1650.2969740735075,0.3822252761443349,7822.815705887375,0.07669215465193177,74.90440419820348
1329.0057296622329,0.43152890284215273,9619.888406829701,0.08150242434597248,81.4429865739676
1391.454270794471,0.45106770714070443,5508.060758506066,0.05836134285116351,82.2992198898472
1262.1129720167964,0.35705586826601066,6103.2041987838165,0.0842390740901188,145.53781936563274
1343.0440057930102,0.45600290987762315,8831.739819155278,0.06678944814183327,103.32303326141029
1410.700400586543,0.3141590109701907,6843.934199474217,0.07260268712879589,96.20521883275325
1720.416069092343,0.21091634250736938,5828.918931143619,0.06665546819981344,100.3318569903519
1511.5361942347918,0.4520306835535378,7516.606296226939,0.07369681017497427,149.61309760734187
1943.5652171569768,0.3165891309652349,8260.71030805693,0.0810784613255874,115.35891048912535
1041.8803938387755,0.4624550350268938,5224.1335707674925,0.09191717354477756,120.3486641463788
1503.0683226320282,0.1160671255802325,6458.109446837223,0.07417175288201105,81.36218295403246
1584.2247888317181,0.2590063006164942,9047.112688480214,0.06616119138018017,97.15377099678695
1920.1969860742738,0.47912200734498733,7601.2228330509715,0.07439709394626923,68.40653894991347
1049.1585236214275,0.19986003710332112,5176.8960758666,0.08444018320352578,118.51894556906662
1573.499584935216,0.47661449841539705,6409.755026373505,0.06733503583628979,84.449452575322
1853.629928527957,0.48156098445170004,8195.703279897107,0.07071410373617032,124.82883657618686
1241.9277281192367,0.4528569256903444,5996.797347890124,0.07814199085043683,71.31613101349382
1876.2923485239376,0.3254672180373195,9136.95703109707,0.0647004631913675,90.3503028201504
1019.0434092742918,0.3587757796322554,8382.87953541832,0.06045423297722209,97.11843399614088
1732.4546291337297,0.44784679937994765,7356.895304738966,0.0570196141931631,66.65253537702009
1933.1132211686531,0.41035883295567377,9578.118905333924,0.06763049915630372,56.95910944412492
1657.197661640062,0.3520375397821647,6959.003854623308,0.05241714532190286,81.70676973184722
1439.029243980448,0.4929037631482811,6175.367052820427,0.07917412633547508,104.48921435261809
1044.881016472718,0.37427065453347763,8307.014962633504,0.058795468299876225,115.26789485677399
1920.1138133226286,0.49019279697910445,7866.475937350742,0.06886973961650214,92.52713432286302
1470.2962226915747,0.1229553898428363,6676.239504656126,0.06346114076991863,100.02776131050454
1028.996744335948,0.155584148296885,6718.322806619886,0.08151949831708746,104.31929744096614
1689.821071328762,0.28058353840019623,6991.051543170509,0.09251728307334332,101.19108210485768
1481.8372535762583,0.25395178435372606,6455.692837396847,0.08166505214941724,59.03285555236255
1124.3453174424108,0.4130939365428111,8551.207031804614,0.07712524643366969,90.50010327146273
1214.2718093102596,0.1642456105876815,8256.792025256027,0.0834541869661021,70.43314233271575
1064.4906804558464,0.4904380716445954,7203.888262731964,0.05149953188800999,103.37359742897543
1574.2935397085735,0.22602635010436561,6989.273378896186,0.05614223304810599,125.80762522812572
1622.0294792520092,0.27156948309606377,6825.256346798526,0.05474636179855222,107.94862993055433
1505.7422983554443,0.20989801297600919,6417.341606961268,0.0549098582874392,72.18218514668526
1817.102133002615,0.3317454469306189,5428.483315785297,0.0630241857598274,70.77568855975183
1861.0088213080135,0.12345148016903358,6341.023427612503,0.07660261301916027,53.69981304157114
1615.6243966831266,0.15987100222817952,6606.006743465325,0.055734078932837355,92.63808821530905
1012.7564797074306,0.3983190813674897,7738.4200313267165,0.09675581205946947,93.28615361624313
1695.2296557477357,0.17460023336192157,8868.942545390248,0.09271284013272077,73.64363453360234
1417.9992169203515,0.19420578062266514,6978.510724170158,0.0985822176916491,126.42584676822604
1565.557483226387,0.4171928942899351,9723.784529260458,0.052125002254424534,88.6486696603445
1649.0806020188843,0.13732047134290146,9136.749817205811,0.09257012235446582,116.94013980753991
1350.2366143270767,0.2749895291083364,9924.009239418727,0.09018670377207448,114.00703322237786
1917.0985051717944,0.1092253547988908,9381.015205207408,0.09510529323012303,110.47404563953748
1133.974866749781,0.23872295972716154,8083.629746546896,0.07639720838299044,140.80661604839733
1671.5118072810374,0.37959256104430183,7992.3964390835945,0.08939445353878367,51.58901157887191
1004.3595799565804,0.13604131188689134,5647.630633771085,0.052564343967132623,56.80373108434436
4744.526827040186,1.493044917926258,2470.6246076256275,0.2505351580199572,391.6011042807316
1112.5041332380915,0.4637996171762865,8001.034287963357,0.05592661204747942,85.35259189791438
1094.8842301475747,0.14199615005005406,7534.660516979924,0.0957394431649104,148.6522395322542
1333.0076330522443,0.49629297455031074,8466.434362786444,0.05305846746942244,71.64127225325622
1373.5662860390805,0.21901182135819558,7220.239214189969,0.05500747633495555,68.34190380917538
1214.3000723228786,0.13364066845264244,7619.298312041431,0.09652052013147636,108.82218245941178
1585.1216609271246,0.10202684579890492,6991.761524016281,0.055369629091613914,77.9425278888671
1442.9140980419636,0.263409158305545,8586.854466853449,0.0934878149362687,84.04929850690212
4094.2902996380685,1.4383613996398468,2381.5942923948924,0.3558968471366204,374.0827207464446
1319.6520622553007,0.2328716999613253,9204.224695663013,0.052014099426607716,52.62426686477265
1810.4329135731705,0.43468694618984915,8930.126360247345,0.051092369844481504,103.12594199172156
1689.7015348618686,0.38664251022602003,5068.938522722755,0.07671941917567966,83.4899428019535
1724.8708535798805,0.24006461278721308,9559.402319387296,0.09985877018833837,84.59919759532892
1698.1169240835236,0.39372386664344183,6374.3786036169695,0.09394150800494933,74.78088098883161
1310.9730213830333,0.47619509478769995,9439.86971481688,0.06550127166856423,63.48500867781656
1099.6639220767759,0.13723839941720684,5984.840515446883,0.06931546170577017,53.44816617250591
1272.467184033096,0.22244158406304676,7198.228757123687,0.06939529981190506,148.7695506239954
1831.7853001851593,0.2853303756466773,8746.993971634569,0.08670894079525074,116.0366025113421
1980.4707977830712,0.29919605110190745,8201.394726385863,0.06705663763311918,127.72053066603625
1493.8470147415615,0.3168782579544295,7079.60969014715,0.05738985306876304,56.500229929993964
1009.7003549230423,0.22025076261545942,8393.119283701391,0.08735537042917751,51.48374135047771
1140.044812134229,0.3669038583929397,7744.747550233198,0.07290078091225524,110.02886873194444
1322.0805753162658,0.35803380141193186,6378.681533177662,0.05383893618432335,122.38313892335184
1578.5853485929497,0.33112860250864556,8231.647227485699,0.08950261342460304,89.4866266225365
1075.093645805314,0.14550468868435065,6021.235431722617,0.07926556319751146,88.77551086839276
1943.3572987098817,0.2907871564383778,8469.941421295827,0.07446846626343923,88.44795213275576
4906.157811167251,1.369402170969252,2948.5682354714963,0.22013490754418075,368.3836737829389
1912.584217924823,0.296415387935249,7743.862568808849,0.07526838414101832,125.39135112007355
1780.5218027570218,0.4687465742060104,7005.338137780705,0.08242100739942496,71.51927323403886
1755.437272515581,0.2922125372633633,6515.518869009737,0.09337442726826609,82.4410495976291
1606.719579782232,0.10559231673580474,7578.539836173188,0.08067571840555628,117.12597375655835
4271.612127425534,0.8227749221190996,2307.2351593887406,0.30297386868618476,258.01457669762755
1638.0032352162482,0.4282592720197529,9826.561331067325,0.08069280347103375,126.62571859599794
1628.721387025582,0.41202436928726727,9165.32244944049,0.07655898888166483,139.9094748266758
1553.7282313983612,0.3053560294112724,8585.749415419054,0.05859862054877358,55.16173752632679
1986.4140184828889,0.19990760514372613,7394.8345583957325,0.06678388217794327,109.16238064602847
1732.290567425696,0.286035465165818,6960.720598321771,0.08465544836790612,90.84589698143404
1776.9463883925212,0.3254808877672767,5162.648272929986,0.07127380533508887,57.84633913934722
1872.4628150836743,0.49994857530965353,6795.484515295241,0.07030645059555117,118.22309873202941
1215.639762725849,0.357671236067751,9241.885693363083,0.0879634642065279,111.23186226673363
1083.8041590950609,0.3777059720250454,6920.12290988145,0.05027844303118306,114.2660327216418
1482.8944365985985,0.29658165742722076,7307.924995310732,0.08394972401226693,131.34953650370443
1514.0806956192732,0.24179582031301194,6359.172120124524,0.07446132552450077,78.69189756098282
1829.1817799499177,0.4251811934588824,6370.663794066833,0.06883812906231761,117.70680714343818
1443.7835792823357,0.29797292973569445,5309.358804458742,0.06702683057867949,124.33176945832773
1570.8530255443127,0.4978760519858101,8069.019628099004,0.05864377476575848,66.8814964599939
1527.0709385134583,0.2828482297072177,7240.347015226732,0.06671260413743016,145.70668750624418
1038.202783757391,0.12720011345903096,8029.804037453973,0.06957092360551864,83.99810446881328
1615.214896596914,0.37303125483603317,7734.434500144263,0.07187244597124175,121.37082264816779
1828.0432857742521,0.11865658037032444,8994.222936485874,0.08361503193387637,125.40201262858824
1157.5005480758039,0.20020063875388133,8755.059561557364,0.07267855097115025,100.40309193063757
1594.331733926596,0.24149530111196135,8857.269265689396,0.08981421521116753,62.871730613085
1593.6105444464142,0.3957934342485311,7496.195034708378,0.08198689986891872,77.56629324175766
1164.1849640563587,0.29769437056304515,6769.406756769653,0.05947985397470447,73.42469523287261
1123.463573730736,0.11145837252410265,9667.182952664763,0.06385865863852568,101.86423299175883
1980.051942976485,0.3467399405103689,5271.34886858277,0.05396245932206928,76.1268870997007
1393.7191696530376,0.264574494970665,5763.106539251152,0.09728608774616612,104.67704769577979
1227.4217287235292,0.46873380398684283,7097.995460883199,0.09432752406146333,78.8206754387033
1171.324544454375,0.2998249244560942,8069.788262840056,0.05423981127254686,50.097913367690005
1667.601713583235,0.38359005837573557,5041.001874033608,0.078703800792373,86.32567337826114
1609.4452973272787,0.18754739693181877,8596.61409655571,0.09802009094304093,110.68508531891527
1643.5521229874175,0.40438942581266135,7793.632713949573,0.08735713949730778,127.36967765373129
1088.0060275114522,0.38838212419346896,7423.513793384626,0.07459060969853364,52.836446097997495
4676.107896657197,1.4405190444958238,2967.8951010653254,0.3423934202412461,381.5290729333023
1389.2663968090483,0.1135286566876797,7597.435158703122,0.06395185375406479,148.54621200476674
1313.369406430358,0.27900027904698044,5808.928672408738,0.08681189773356804,76.181538853055
1462.3614472477393,0.37166216109585204,5543.558696384913,0.08902876366219234,127.71976565384348
1390.0660657476283,0.13806556003208603,6448.187393759192,0.07643466621757164,100.93736184075443
1863.5770031391457,0.264241626859565,8547.523959926624,0.05604743507583524,62.21739840553536
1929.260975197892,0.47685864122647814,7941.439419177482,0.09669341868132973,114.34001289950534
1303.4532164496063,0.2743737963564513,7400.615088095063,0.09223813672833675,146.634085225437
1863.935807459955,0.49416191339225257,7857.604829479802,0.05702693895137115,138.68290327489984
1781.5231295330673,0.12273562443192786,7796.290065196716,0.052836379181442614,119.02927878387065
1930.8076723447618,0.38713191045635653,6535.209627449627,0.07679338413748668,101.21482669437063
1245.7503121858879,0.3324064944993078,5487.279736223629,0.06420713088647631,81.93330055495481
1576.959150120979,0.3002158708528502,9483.911843315254,0.0641624854707284,85.69666265664394
1274.5445847404446,0.4883389605940037,7999.556313119573,0.05436107963752059,84.62067408870878
1824.094490484374,0.15186016019645146,8488.739998404259,0.09766929176356938,142.20819807687258
1005.3241905710643,0.4583995806723654,7319.986121834776,0.09150832298299223,71.13124590284372
1564.819162886396,0.3764961644546442,8782.402899882813,0.05569172959379584,87.80298416839648
1339.203431271918,0.20359842931985309,7922.486319893336,0.09382993838254151,93.19632356237744
1322.6837070778201,0.46066765825291733,5269.005610485951,0.08414780279815685,90.89009953752709
3798.4899852148196,0.8295901446552433,2139.6714243823185,0.32514172503711036,267.33700518703193
1851.484449313994,0.4256909312292284,6527.6807339394345,0.0935625277207566,77.09735769155907
1609.1953913933262,0.25553460681896,5689.453887106678,0.07990110938909792,99.85685525556187
1853.1729786467226,0.4403723309732964,5440.205038521579,0.09243349221671932,126.04933151436839
1264.5971118810298,0.35465164737801946,8602.201569210554,0.07346339622436263,106.94739853805872
1519.501854764981,0.15641865343349087,8519.8418340218,0.07503255200809138,88.4862004584618
1450.536539067076,0.35986526538781105,8500.810624066353,0.0645505014705478,116.5140876898702
4155.391242034781,1.3161196562378725,2142.8913532003958,0.2523306174256409,349.2381657244573
1556.81214314074,0.2647690511576651,6744.715109988258,0.07838760345641108,74.79246827488059
1661.5243241461749,0.1681182337008135,7805.665281794616,0.09735296118543087,60.37741471726513
1591.91440441907,0.10880644626684743,8097.477914971747,0.08000588799840674,130.3183508346441
1736.2798987834215,0.184754615779983,9897.409142832312,0.05736890958901968,102.97823793336924
1571.339528453077,0.3145488094896503,6561.730718592959,0.05034980927382434,67.65247619471899
1066.7502548507568,0.2926243871109384,9781.655999519702,0.092549392775434,76.20710657788052
1116.4455240847115,0.30059883821442546,5743.671665411907,0.06821627116830765,126.64244925840372
1596.4745775439524,0.19907475137864053,8820.007280139209,0.06574829698199165,115.32723846070556
1274.9791919736401,0.3740644802456745,8164.429500102064,0.0900365561471191,144.51665640361085
1079.645129034766,0.3817053147281383,9084.480186359937,0.09726821495449178,96.49474148480907
1429.6027434485468,0.24318713022386623,5143.4278681992355,0.08740225441759783,55.218662987238254
1554.3225980836555,0.45246803538966973,5390.655214695279,0.05869236564557162,120.04228674226323
4796.253840155434,0.9055254874097779,2434.206260092575,0.2744776547655984,385.43416096947203
1720.433702225778,0.3852157101034527,7964.797277486439,0.08796992762173704,82.38545534575798
1643.7706081012448,0.21093596717557578,8014.680337877689,0.09534629073352867,69.6648253766768
1332.818361091672,0.10024465406223482,9530.524446774882,0.09993000319748302,80.89353995505218
1754.8725289085605,0.44615024484084387,7338.017572592225,0.07557804535690929,132.94804756134846
1648.6950425330356,0.4289697538319234,5340.245275024819,0.09112624091709749,107.67133050108689
1637.445378717902,0.1492767552171321,6047.647008112577,0.05233158213886921,60.915374327237245
1553.427700787068,0.2496420539825226,5040.365474089214,0.0642912374877484,108.66036733915648
1011.3896680885528,0.36453572335543305,8883.572625642024,0.06857567016737447,113.35633555537972
1696.5071834768892,0.36084434288749134,9077.997184403874,0.0987761922640947,138.48236912928695
1376.0417911091565,0.44414013392342266,9989.70208142068,0.05016968241074303,135.9645443597623
1942.6097101586556,0.15610726465417143,7060.972245265471,0.06540103688812966,56.28751162397877
1817.9847710772053,0.2719758991140475,5096.491877007963,0.0965206129806452,136.66980949763968
1587.6944695313123,0.13888976717056992,6173.649407451861,0.06533391175220057,55.08847340093711
1252.1819818192694,0.25583809937545127,7938.8443383164795,0.06125333829072885,65.41219842126425
1203.7173932776666,0.10604297823508176,9809.714835263683,0.08650442557179919,61.155000207592515
1340.384837677549,0.4593092260440508,5517.892757353971,0.08726694464999327,68.1697240622267
1476.5679435800184,0.3108175987314724,5607.865100803714,0.07360889413237542,130.326199423569
1296.0655100389472,0.43992090432094144,8508.794926394716,0.09734587349327117,118.61193446534396
1514.9294953924827,0.12396188040134551,8336.035275107748,0.0601353539770921,118.6962437328323
1165.3704255131859,0.19098324418916826,6252.531776559165,0.09567079169897988,142.21276186789697
1977.7128128255,0.20375199808847225,9065.723955072595,0.0877754038262648,89.18510324399688
1107.9245549649938,0.2546765978555152,5643.893777387316,0.06841041704270237,50.32874431122135
1931.944139654372,0.4211465489590185,9628.709223883798,0.0903454309861687,113.97684520689752
1913.5780114026948,0.25462314949259707,6005.159651662107,0.0566601088206877,136.80743864256488
1525.360481819498,0.1818614118585308,5406.761863615025,0.056549124659661366,147.6260180561045
1724.9102718360843,0.12599610413550738,6697.610432369273,0.0964968601623703,86.38927303159704
1436.0482979725878,0.131796699341075,5939.206442672725,0.05473902539227059,132.21521884430948
1630.0345775424382,0.404018882384391,7634.706125180164,0.050203980342470235,134.92277143386605
1340.5759374211186,0.2779211964146532,8434.232686858631,0.06945152457924511,64.44378410872426
1301.1590197854453,0.3904724488000061,7454.607892391456,0.055192548721606394,113.14985552556654
1578.2297861695138,0.3729148487054791,8303.036659054887,0.09315182466221256,67.31400991408692
1498.1296741839803,0.15414498470410312,6824.602571999922,0.09613467567214665,94.66308181536937
1579.536369149981,0.1571551736769069,5139.6129861932,0.07412131821782064,137.92669192056812
3849.117451767721,1.161406383205075,2485.6463969510423,0.2281344446118285,306.5614294761688
1366.9578318169952,0.3885073173941669,9097.067522699977,0.0769519638472046,107.03394570317468
1083.8979606289092,0.25121230674972417,5367.09412042314,0.06130973124224931,130.87091643431324
1052.2763722722057,0.13096890533313604,7245.881980781673,0.0648982930710168,65.28275088440162
1253.4571296730162,0.10483920867938089,8175.095350359374,0.055048858524200245,69.4919367586629
1074.2468593305457,0.21526277978469796,5952.971352863189,0.07232250455556817,70.88647915569376
1103.7747086347408,0.10368890943489079,7889.943056813858,0.08058458112668297,127.60135553964244
1812.928405393937,0.1920290484414814,7668.243090588436,0.0965111867195801,139.09655045397616
4440.112496166186,1.0823645270537254,2771.692809636166,0.20175815808196237,376.5618518753891
1658.942793934743,0.1485663061247817,5706.051546387266,0.08615318667765934,145.79716247356754
1272.5577488154004,0.1417111031326185,8794.811448093187,0.06539994810470512,122.80302512054607
1871.5456807081264,0.4585749742874946,6612.932230748169,0.09441466487550224,106.36838338402289
1484.9922845774995,0.3341880116091557,6220.202669211217,0.09734778483399989,111.15905268527291
3808.264805435406,1.0704985924594883,2200.668046168694,0.363478092842419,204.105685413485
1517.6389356894347,0.2383304655142717,8680.34346011491,0.05194015132621926,59.018070742089414
1381.9580190452689,0.3708579749316653,6382.0082816811455,0.08021753181520108,66.80174869983848
1564.3010646698303,0.18187666984871617,9362.842306259268,0.08216125528626475,76.62949837750816
4254.262826509901,1.1282103348836272,2289.723480040279,0.34968303214878327,371.4836623076669
1996.990502812551,0.1518342920039938,6728.821089107691,0.0996206091578965,144.49449711206552
1425.5558776967175,0.1008322556705143,7137.448250923295,0.06455937294092795,85.61705484686618
1348.2306397073687,0.47261272056383163,8633.548429653089,0.06083058290905279,142.38572260112431
1710.209848316265,0.32195775047008374,6057.91916447746,0.07420728252215959,104.68478009671489
1363.8994064953324,0.4707762651128158,7343.80396237612,0.06615736898851718,97.32737441787593
1833.2743050287577,0.23353260948082882,8267.791711290498,0.09620147299349721,133.27646779295998
1454.2707243604252,0.23111442766470272,7697.492740043566,0.07200383656573864,104.60834368858497
1719.5584132654349,0.2602620007092127,8041.641729522466,0.07050747773362917,95.44822988678807
1107.4532164418865,0.3824163935832673,7731.0624973838985,0.08129310650542501,51.596350427033464
1846.119185555112,0.3263234536744697,5996.137218950101,0.05405573356255617,51.28976624039082
1735.71798677811,0.47014196283964715,7051.026724863107,0.0878366473408261,112.75914001244614
1211.7167784619658,0.11017636045297574,7659.927477387729,0.08841994109024358,57.34169308469161
1145.2860097457867,0.38327837518901464,8900.31371172973,0.07370129173638339,123.69453087362632
1316.2923487256244,0.23213107574662173,8269.521185847712,0.09778489705002141,112.23414632920017
1976.0705860319044,0.17209346072738446,7132.954725929674,0.07896695553978739,95.77295327121544
1256.8315745670586,0.30415824900803956,9871.999160795727,0.08476182271224955,120.98036431116867
1456.1272089466333,0.30202551367199837,5538.977608398626,0.09621724777515507,149.30713444694487
1030.0202257173364,0.15480441147537138,6034.024342774842,0.08331726717123962,74.63567736325204
4819.166047632333,1.3620494955171143,2769.379445028597,0.32739285311497535,326.55621607050347
1571.3200154331028,0.26326586596062196,6142.860384939551,0.05123855878165742,134.2855906207189
1953.1246125079651,0.2635245649569261,8127.209984030056,0.08641496578159047,51.68749045397596
1516.7360449400644,0.2270232558478739,5197.753646681276,0.09824330058005226,70.35083287025122
1819.1073261776878,0.15941806060399238,5887.183921367079,0.0735117561767997,102.09586561598897
1547.1276425689007,0.10174947164039182,6466.736188293022,0.06698843188941321,105.22460249325005
1040.785013435518,0.48809402497120824,8416.728875396582,0.07596297132068892,58.63332640523578
1315.008275189774,0.47739969188157083,9379.32441290564,0.08642186028423296,90.74295256664126
1575.5495078311033,0.2934601516704541,8992.458852765272,0.05003452372410247,101.9784757986181
4046.5306838340557,0.9683787231944431,2703.912864448946,0.2228410400446321,254.53135148981903
1859.1303597512333,0.36946173231289736,7827.028792205345,0.0943181429839161,120.05962558037933
1228.3556141788476,0.12754301504301663,5150.113226723436,0.07706489668043545,127.13638886443674
1220.1098300191634,0.14708727963305096,6552.683876764306,0.0561189383087804,96.0261619256777
1201.1729671139008,0.4664443375478551,9029.918974141634,0.08359028973068106,92.56597278381133
1922.498896302503,0.3520208808598514,7283.328568716697,0.05689228314816567,120.53636707861229
1852.6661531017207,0.43727345066294043,5749.7066113791725,0.07537735757163404,105.53023588871226
1774.8834322529488,0.4593078598535377,7192.7669074415635,0.054681498599055856,137.0439446613969
1392.7351142242276,0.27917680451295446,5990.164627311142,0.07945326691487507,98.1146151414673
1504.380704298767,0.11941038063067722,6965.957289319814,0.06590346625589938,107.43274756721628
1464.3317447951529,0.17531213955892883,7439.167363739217,0.09154957073687514,62.880520314070836
1253.3981075593726,0.12662877892097404,6747.790562555142,0.08999730631042074,133.59972418449357
1505.0280461487669,0.17549593827940294,9684.844752169305,0.09992369377372205,92.22921316838026
1030.4965478527545,0.2642131705823507,7812.65148778191,0.06287515873521825,121.90632927893216
1131.810373497459,0.1472787242059942,9214.463369734483,0.05309005463897902,92.94827490811309
1886.5895961689464,0.16669329912213732,8803.642735277901,0.07215016325744225,50.10122297369256
1751.6797670314231,0.27832871282867166,8305.831546338883,0.054170166748328544,90.0410250266402
1422.868409059087,0.23606838015539583,7484.4437415129105,0.05892498575328816,64.7502195078566
1517.1503622838773,0.2870632496752164,5010.868918907938,0.07986500706807763,89.8615079301667
1369.9988859599775,0.27166881110362484,8067.338002760419,0.07960654256721493,82.13439402276599
1740.7798671606724,0.3577912103919534,6779.787265012488,0.05216637388648452,70.25473786756014
1784.1871792320796,0.47487581955034186,5588.810834006594,0.07214523757091394,62.37720971662741
1763.2851902031591,0.143145735377697,7223.131318060388,0.07651093464336209,122.8561222249406
1722.6117248344494,0.13970405972367797,8677.766611416524,0.06340121189099934,125.48603022996687
1204.504338692796,0.44112244443636084,9808.38897349352,0.0936021590937747,76.49975052171575
1337.9699792404788,0.30255868186098367,6870.52445561041,0.058054932382321095,99.5190224716819
1469.845434983675,0.40656200942737686,7713.6164935248835,0.06269509025031073,96.40709474602312
1330.7929914276556,0.18616876144291258,9256.221916817925,0.057849720751637655,85.52475710570017
1754.940200158329,0.43154502926702076,6669.997099750074,0.05582733169352791,77.7637181796755
1329.3535242499547,0.46953864967707837,5711.286224854077,0.0939489592003563,68.60317426816937
1138.2320867853373,0.3541932062185953,6409.409156163445,0.0638929582534991,137.28926200686428
1399.0404520483041,0.1423516085895209,9495.61414904194,0.08612620097339282,133.33124876573444
1979.9144327823803,0.4581179256625355,5796.965542309189,0.0713991179862625,91.71794102367166
1225.8814129335758,0.41699509094802856,6646.105305033911,0.08179367403669585,122.12012565275506
1612.158658943229,0.400351110605796,7323.201552501703,0.09640880980861047,99.83320823992187
1432.9730498397062,0.11469127556236623,9235.5661174546,0.09223039335216247,58.53832652927284
1071.0245676493266,0.4195850101027885,9688.566418264872,0.0534493196210119,132.2390508443051
1487.8766059980594,0.1551804041873428,7129.051548166274,0.09226012676396089,71.92715440140985
1702.1643286483124,0.18895447047875535,9659.77024176758,0.07259117576403486,120.68175107281432
1513.2199758278189,0.330853933947703,5807.295474288772,0.06750728634399428,102.73979649151659
1872.1060637465812,0.20599230916675323,5784.2614594818515,0.08361939627308143,119.05399698145001
4622.056226611842,1.1273693905963829,2511.410169798661,0.27144839148418265,231.14911364961776
1086.2491713039649,0.34322817907963266,7548.400667641656,0.05470677487940687,120.25611484769867
1936.5656116580062,0.14325983920530505,5929.539176769769,0.08840385151251196,53.281255294508625
1378.196349528219,0.3624058318366026,7439.951852877809,0.06017540153789777,54.0852939100912
1576.4055514536335,0.469581963929972,8916.055776895257,0.06900680614134995,139.63399652155096
1792.003126130196,0.16444396207433326,9134.601828617619,0.0936911508131625,124.96940159715571
1324.3136638755805,0.338824808377155,9319.846283246212,0.07728995920061697,132.8467519882902
1716.1645381776111,0.23674614877467764,7847.854515437093,0.053372832397521316,95.65853869213142
1135.418849817828,0.2838446687094416,9334.730071839402,0.07540242750683693,95.96468618828774
1291.2937472055053,0.21480007163158799,7550.151044016273,0.08948209508207122,103.4004035551073
1144.71063613652,0.24165225453907813,8035.299511955387,0.07644402938827967,74.36620467598505
1811.230558401358,0.11156472930662292,8793.599011358227,0.05834446194895262,123.35024984885612
1222.6492352267853,0.4926206951668882,7127.176463552542,0.0722520537528766,132.94544034005605
1717.4035554052102,0.3499199688290993,5367.907435693874,0.09621726840198247,140.72240926553962
1943.2983972456527,0.3002822361975541,6750.831784288488,0.08291019950470566,101.70338483754986
1527.7722090688771,0.2534861398001307,8119.721083979802,0.08649432532542947,91.45765057273418
1540.0291922606875,0.31574982352961106,5961.661848197385,0.08929682537247252,133.09332443449622
1461.0335680978121,0.25204239948632157,5741.9268174982,0.05453467120966674,125.26657800643747
1325.8901433936428,0.24396317099746934,6465.402722957188,0.0790768279634982,136.72732197091926
1475.6550309249171,0.28557861668880524,5160.557311389107,0.0687957596592654,115.57310574524087
1602.8075322667594,0.21039321346847634,8717.114490434598,0.056957958183604857,138.33133034728667
1985.9915721706593,0.17201995998671418,6293.578010941694,0.06013547791520119,58.90416660453212
1937.7645593182242,0.3226423592721174,5621.191983182997,0.08905802368623672,117.95615776854959
1862.1529582931216,0.43710617446012046,8495.647079817176,0.05807445526448864,58.87950884872218
1889.1305357048582,0.16113127109035694,9214.64006271644,0.06562093036108597,124.89076432935146
1467.8491832920429,0.11309373624168746,5099.3779793088925,0.06424366691315408,112.84438701329398
1657.4443271774649,0.19872469806161447,6167.9988537061245,0.05243151819572839,51.59920215815765
1895.066722936214,0.4918882573815243,9726.161624347918,0.07310792246196793,109.92609860734446
1392.950764991353,0.43150322949733577,6926.270679663876,0.08829649210846044,64.62798085586738
1961.762478345469,0.33834642141143867,9692.960316909655,0.051107631637444986,64.24114197790698
1415.7860620691831,0.4716995660972544,6371.062691853387,0.055627572523994806,65.04630116566177
1601.0826653932156,0.27811164673489785,6090.3381778596595,0.0860093339798784,98.38236022468425
1709.8047132723718,0.49331224103006954,6070.54205863998,0.07967904953364568,61.55202540318751
1950.5920130759382,0.21852081804771362,5426.143302124691,0.08576238070243411,62.56557484527278
1244.6162740522661,0.19612229980637563,9482.161442545628,0.06150519774385693,75.61679861338764
1746.1309782386422,0.35521928045880447,9899.175113164507,0.09018843916487025,50.08582238277602
1520.8155861440823,0.25126158718014413,9772.54403635819,0.07399355300551384,77.57897669573663
4267.171092203031,0.9759676373715573,2836.956045770242,0.3506511110132079,311.28274989490194
1776.6068397963904,0.22199820732107434,9234.439538254876,0.05460767086004181,110.15705605953656
1552.2222801738467,0.34716730273519647,8305.427335844939,0.060251579167991065,146.9533648164646
1660.9738206496759,0.21029850423401455,9131.068559753068,0.08866789408051541,61.96300789797774
1322.901068577901,0.12038882752755597,6041.711821715238,0.061195422059438925,136.55713314655793
1481.273951827605,0.46485436076927333,6939.563151935643,0.054626491376072936,89.11897598965885
1617.3542509880672,0.4532820807493849,8204.18146647374,0.07986016411260502,88.70362879616457
1404.910814269844,0.48831925970906875,9373.856662807983,0.07739682580808664,84.88108836243435
1198.3725398477013,0.3866108704885619,8302.347311843918,0.08039469644916465,62.47365314429585
1961.640492315304,0.37308847109412124,9195.10979167103,0.08091527481815457,97.85050370989475
1511.4675400426174,0.3236012280299323,7369.7475792464875,0.07500986729322519,128.7377969347014
1733.9203702877005,0.15037696654100907,8586.518688525222,0.0746886960284328,137.5432407147698
1411.0471935560581,0.17569412437970802,9899.904031875434,0.09620827826447313,146.28592581273628
1355.1317640257164,0.21578787546901448,5767.442785648789,0.07669408624398702,128.52924857004524
1407.164298467125,0.4560625450293577,9634.603461579449,0.08086501012069294,112.30917056547689
1409.1966437856497,0.16918780984123005,7611.8197392095135,0.06334846959693724,99.7533779705997
1544.1801159419535,0.46914926979515625,8216.09015365029,0.09355466004010957,137.48972516013959
1543.469869981363,0.3091142932205669,9389.345034552563,0.05121840463295816,123.95136068581604
1497.1538158828716,0.3862278541892289,7048.270862761585,0.07786133811488873,66.12581759715141
1134.7857849174381,0.1440977946722266,7093.462874450253,0.06919251475990544,118.25504927962065
1496.075478500531,0.20761341951036438,7635.909181735502,0.08019520977802386,93.10385979300119
1169.1039004206514,0.48340744327257057,5095.510422484253,0.06800860248856902,109.57996774218148
1126.1357862957652,0.20645997877189257,7483.330904716754,0.08588439558588234,139.8353083817429
1932.6457173411677,0.21860868815645845,6455.436324971151,0.05101657214867154,115.2570548733904
3300.072741648899,1.4032450806716095,2074.4146364477547,0.2322246871742629,328.088674548432
1659.4900581245843,0.15162946612273182,5438.676493765157,0.09156317998712069,136.6369675264076
1401.7936703333637,0.1933030565815992,7296.60231009901,0.0625100358889718,62.89012511634478
1908.980891914864,0.3569307567803194,9737.340851886805,0.0526375439190161,51.16519137789539
1637.9304895796654,0.2821470934014254,9505.176251592387,0.07482620372825843,88.44114086488813
1769.1698695235873,0.3215023345351594,8506.742211872752,0.0988266730263395,136.53299883587093
1368.5624690277139,0.14894593150640972,7946.805259980374,0.05320792807675684,73.01259927101688
3274.5224294155278,1.110653912248479,2036.7234576316196,0.3125890995339521,252.53869104981558
1820.461290158315,0.41363788023193926,6834.785563762274,0.07975582824733392,97.59953692230107
1853.9484630145437,0.10863596445707016,5450.674323770636,0.06250338564390646,124.60777604290668
1172.1942674257543,0.25340603780412196,8930.541488791188,0.07051156168186128,66.49768789779571
1270.9632078712195,0.12750824078845913,6619.348839519059,0.09152535764996955,73.90910389833883
1285.626599683577,0.4168423117659833,8338.909495151038,0.059942434209125824,74.25244694966668
1270.909223246871,0.39490787325028176,6787.973885993068,0.08596499684907166,104.84658135082107
1855.4081621042878,0.4607952377172625,7321.652206981313,0.07522427566337782,78.96244578050269
1031.884795208592,0.19456158358124587,7775.012361881974,0.0952478846207136,131.17223728346883
1076.0999889807742,0.28251835325111957,9009.262041953018,0.0986481000146782,84.67942191041695
1273.9148706299038,0.17379515086575908,6055.781887703402,0.07424803928266979,116.08511487903874
1199.8729746494437,0.2484939737896478,6993.826934149282,0.07923235295577336,144.85018860968052
1231.8596138828484,0.3088973006267536,5650.407859459088,0.08729212703687766,110.69237176808207
4400.431644519548,0.9549304747365409,2745.1619374905868,0.3591836019762275,389.0591116416823
1563.126593892047,0.38594816427095413,8023.37178084396,0.061337017526162343,133.04566731354774
1005.770661292968,0.3173173441484301,5945.455221794513,0.09823425862215027,51.25425206968339
1429.3227657041953,0.43158360688426933,5298.9967096304945,0.07163076956097891,75.65371614310422
1407.8849268503589,0.2087122004764789,9485.489656032027,0.050079541325788686,88.74904885477841
1113.9452694445436,0.46132844210770185,7671.572098926979,0.09188591492625418,69.59788613678697
1676.1417886014572,0.4994777012121774,5673.141037014923,0.07998320806455429,110.40180925390109
1702.097188379491,0.4677193753510698,5267.1306372377485,0.05842792813601521,105.80006169402517
4268.85116713161,1.117028765998708,2665.6117362185114,0.2882960674485113,261.3342107780698
1728.4709455585921,0.4249475211495123,7356.68620160307,0.06457412155208656,79.43794466543952
1000.0528269322969,0.3294976970178346,8342.326275844489,0.09639435477368324,93.3907243362022
1953.9208038467223,0.17606154516504421,8206.400374930228,0.09667455850178062,79.12022567127354
1814.208767054663,0.3708162740590869,5722.115431322492,0.06555017431510592,72.12585082783522
1903.9816965892853,0.3851012008239726,8167.444759188544,0.09179654964103584,85.12701323093464
1015.6432953074342,0.49415405610716234,7024.328121087997,0.07209226616285479,110.23355819507898
1933.8587957857394,0.3165205265025287,7323.718921497326,0.08271723745682973,114.8390856719063
1809.7885286881046,0.20854760601002256,9007.152031226586,0.06672219379355451,79.73471610636258
1837.2191429586987,0.3734690086958027,6662.496863398192,0.07579862981354926,144.7398036329581
1093.2873847219685,0.4917503278665819,5734.995235816768,0.06468897232751633,76.1959229917604
1738.7780289185976,0.1708855633076376,9367.265667831703,0.05305571811782314,121.21321101782966
1959.9166896420911,0.23039916741424107,6060.65287933169,0.056968909309576946,58.1480056898
1678.5473414181606,0.3167523815090725,6470.149352773214,0.06453372472366187,116.48445460983802
1570.5614046246064,0.16808585395280196,8532.950294513112,0.09881268919880651,95.99487486588853
1945.629677748997,0.10888825580797534,8417.751585288037,0.0982836075124996,106.91078446433954
1442.937121734436,0.23479324897650025,9002.000106419144,0.09138316712422656,68.40726595138653
1599.2935663104786,0.4461483206004232,5919.333207239705,0.06162530255480435,93.3563968579631
1476.338293494366,0.11738735972948594,6761.399466571016,0.07208010702709114,126.62778565571536
1932.8462213602993,0.271571623606767,5629.416194781305,0.07198914192453522,126.70848328015826
1076.0847267655072,0.40488030917043305,7705.195735843021,0.0693486622409092,73.7555961231596
1501.1197008253482,0.4812730387643541,6462.852962693506,0.05224401525448728,85.2599275113029
1686.9524413854383,0.4941901596017729,8444.678205042814,0.0767263687112159,50.38135553921015
1791.9065384222367,0.2687877522434967,5001.721839922705,0.053640599606243046,58.9962174338176
1583.0186474441364,0.48015371775164706,5298.414992297896,0.09009593403589719,62.67303526487549
1908.917744121454,0.1141675893123455,7162.801502596717,0.08456535714223909,79.36513258959
1941.9914468838717,0.39836677519942254,9790.920779877843,0.06763685033217674,125.90154867424668
1064.3192231935836,0.3570984138534452,9454.256936795915,0.08235681911062316,101.02501321559869
1402.3705395413745,0.19980874303446094,9970.045140309916,0.06165185032795491,129.26081365522492
1023.4590217211544,0.3029274002718596,7084.151124320224,0.06326250324783163,125.49057075970433
1329.4166573744428,0.15182149510419826,5232.842431368757,0.06570667584627025,108.71382095076754
1536.868217970602,0.4486388603806244,6529.780710098812,0.08985057999676649,99.98602011960784
1910.7949305099487,0.2431592342182592,8378.854260869757,0.060534567342304224,143.132086154928
1846.554322465403,0.35041778818628666,5675.8190488370765,0.07813906137430193,106.92702226144151
1127.4997266719856,0.1635105145149049,6499.860893800005,0.060023355721074256,98.28239846157095
1093.0303747408957,0.18246593785248286,5280.830822724293,0.06425187125312075,136.9120809539836
1589.267338756667,0.4967825483212608,7374.8351919511715,0.06177406464932457,57.14387147523058
1532.1179724587828,0.4012345577765317,6044.60338847544,0.08225023355366429,115.60263195179041
1266.377641430024,0.48478874790962834,5456.240134495012,0.07633644722278903,61.302725015973934
1899.4530845538352,0.21834046608481766,7056.079047412395,0.08606495729527766,131.98216278861045
1927.3664094615533,0.16582515064792816,6756.127021870775,0.0609971718666493,129.2666185049639
1402.6114383401627,0.3012273853915324,7687.588684727461,0.050457426786301864,100.36000342532465
1890.3025571135204,0.2978673128909374,8745.193276568196,0.08402547835651675,116.10441500859928
1383.9488942629725,0.16997860550319516,5562.843682132526,0.0557426979247538,127.26216913041647
1736.8168318297003,0.3932878278325641,8955.627951050043,0.06231526122119781,98.33038700163668
1475.942217547724,0.24471101377549365,5131.449899375901,0.06528430762306114,140.59579137893272
4485.666030789136,1.2166352312634452,2927.996086736207,0.3890707127791291,289.7427990186811
1927.9342012370216,0.23279335781731536,7937.15143442941,0.08129459053287136,139.20225151726947
1454.0965933775365,0.32546347985400603,9784.993365698989,0.05921327182629144,108.27440488484103
1734.4870403224036,0.3905883728721773,7869.615134348249,0.0798943905309871,92.62432639395405
1367.1738144312922,0.29275635442299386,5793.7459663569425,0.0854073997555306,50.40975343126025
1018.8808785762346,0.3102379959313494,7587.709026719545,0.06944486013950858,79.5555920556475
1100.530358691836,0.15557837437709937,6978.919735957081,0.0622976457013926,136.79214923416583
1496.2194794899244,0.46587636988329284,7396.777838001219,0.08394913864573947,92.87127890636953
1689.9643571263623,0.47148967919681783,5985.485073295436,0.08054456000707487,92.14685271740372
1334.735326579279,0.37337063616720145,7504.135211556359,0.053895607923541006,98.94106810671042
1695.4884591776504,0.10705256357360989,5750.198821454384,0.08333398201168771,78.63040315225778
1698.635589431956,0.31482968636133046,8720.21540345435,0.07442589664176494,99.15512697574701
1703.9359073278308,0.3516875888354455,7969.5313011279895,0.08766844784888637,87.57631164400767
1492.5218540205083,0.497861689183244,5392.638457958917,0.05953587709399134,140.9442530432513
3737.777314362368,1.0691041367256013,2120.9801611210605,0.3493466147677835,207.6058365890616
1489.1965179806157,0.44304449413022295,8081.898023078192,0.07716563695487606,133.41509691424247
1450.2651934966382,0.12553239681044542,6580.535275639157,0.07408667639460996,118.68740955763406
1199.380819010627,0.481310556311492,5228.211997636551,0.06931826855282483,71.26029840560979
1307.6550873563365,0.34506449886079965,8161.133478858165,0.08730166572148945,136.76656097008893
1042.3344925183033,0.42035470819167176,6867.201306741685,0.07823757818141412,58.72707973885238
1633.5352936161703,0.26287713987434147,9538.090524392439,0.08551359269470593,94.86378605728893
1248.5357439270929,0.22786778849383593,5174.389163570872,0.057662748115955786,73.91554255320447
1304.155254485465,0.2852976581935232,5195.512176711217,0.08644941475727685,103.75554226322046
1770.814521664321,0.1587498051875308,9746.496434534678,0.0730764054050146,80.00495794447966
1327.2211831614538,0.24282645550132242,9824.36972839753,0.05168839678422935,122.28262592246237
1242.1958920131422,0.44304699990731145,5138.711133863193,0.06172457769982496,143.69187011538042
1169.0577491337058,0.1151801945043526,8580.166174706637,0.0512878195870289,120.90899782152368
1774.8584021819559,0.16035121872984182,6107.474261644203,0.0728437260995522,85.53103667758054
1129.7062579900269,0.15004646385979423,8506.963831430363,0.06629398802775427,110.00699616579539
1453.7537602503535,0.2612302170800912,9343.663983289918,0.09937247799566257,138.8526091798121
1506.9301160771943,0.49879476035634474,5504.157394311377,0.09342520584784317,77.00283897869056
1687.3899126857145,0.16934317208455307,6193.83208381021,0.09128354301715746,61.82047637382707
1633.2834823329954,0.15819305983970408,5120.388341632474,0.07505582745156228,63.07639886109919
1810.7206729451748,0.46602229191046185,5219.149227222204,0.09035437496753834,99.48530103433478
1044.7514339262382,0.45282020678638635,5148.089291088871,0.06334348237313776,123.21362611298429
1296.4407247793972,0.11289614799862178,9003.411782132072,0.07803247339232625,115.72577420864066
1280.1341187753796,0.40068238407172607,6491.463392153883,0.0696459030659705,95.38895004846819
1146.0169055921083,0.3621862805905719,7466.0571978599455,0.058567095576136485,122.92980401813631
4260.823106597031,0.847024860401292,2864.886557852245,0.305884088393681,270.08993369906
1309.7653141429034,0.2978009819183689,7474.718313533591,0.07791091914858075,112.82307556008476
1521.8844619274782,0.4965516873793182,7145.98031312298,0.05488195674401031,70.2376397294205
1663.7044789262561,0.11753880748438528,5057.866032447294,0.08590015483429912,81.25834330262819
1381.100513611814,0.1937486345615223,7840.197512683781,0.0960734239363078,84.44243252892102
1719.4702313133812,0.25861839478944604,5623.715390685432,0.058105305485578046,130.81907582838954
1336.1653385795798,0.2799111766262813,8823.241203955131,0.07354692892551142,127.51104909653611
1290.2836773147603,0.46854696107980753,6288.688619075097,0.08693872965299126,75.26727574149044
1541.1880558570242,0.32400174563090356,8370.937054043276,0.06434198305165134,55.51522743099798
1023.7163603057907,0.11804439820815756,8231.117639123397,0.09603822598164687,126.77838092064555
1079.7891236340004,0.26314518537026477,8083.3780146501,0.09442327794349555,90.98661787943183
1417.969543586527,0.26659616494762794,6334.760037685963,0.0551877177864839,71.98031689902842
1942.9127113917566,0.48619637537511395,6335.44888587784,0.05136998857659201,61.701687057109545
1721.5117798434235,0.3396788364084433,9315.24021720665,0.09882292414897009,51.281465058850095
1088.1265695005577,0.3542604284635755,5064.036663152135,0.09782375123855656,92.77296348138862
1846.3180127808737,0.3853012125005083,5907.613167269789,0.07111428022329816,83.97638143868255
3519.117033830293,1.1160821193523598,2307.048383689538,0.34199241612354414,238.53555289657078
1610.9465257026532,0.35402042808099565,9085.231272015848,0.0809437776373014,147.66654321874083
1820.2929606091775,0.1948777404535742,6791.7275433642935,0.06467050536943282,70.67826196161539
1404.109847742957,0.44961836573646574,8267.217293054,0.09683614934502771,74.30361403739374
1221.5010508538528,0.3928479201642521,7785.782098101181,0.08973309625271518,83.73025768643964
1512.0233891087594,0.39674819403878236,5322.700522410177,0.08247968920667217,96.59376348833052
1548.8417555934739,0.4986226956938997,8108.75098465339,0.06422519237567643,119.76986953405354
1538.3263720099121,0.42101061394532635,9069.517361362468,0.08506342897208588,85.20315218386067
1565.0737914801052,0.4316605612620613,9962.241601497048,0.06445841333796021,60.42005429707791
1948.7049182391806,0.48056220628406343,5148.200363258615,0.0518815492075938,123.03416372477406
1902.2456230962314,0.16045359993955755,8300.29086291934,0.07542172938101371,129.46416780178532
1875.7170365589395,0.29909095059122714,7072.74776573981,0.07443422723943455,74.76486555879141
1801.4168109086272,0.33222680943631505,5048.939443531026,0.08815029865131167,63.67562437423065
1943.4281072652852,0.23171029168898305,8071.804718542557,0.09328369411772224,102.78010514657504
1098.4946416794032,0.4357613375578022,5612.136492778178,0.0677234244347131,70.83143008713465
1265.1232614457394,0.4049678486582894,6892.834250945683,0.07247365051018355,87.41634333486286
1495.0559456545848,0.3883532298032496,6306.835462442012,0.07352002098222642,127.73612201288505
1846.5344931234054,0.4988597759032668,6805.817011355497,0.06621120421861898,71.96070431845888
1505.1657115227324,0.2037525493633562,7463.477907504748,0.08716934618125952,130.6259261118711
1748.0347393415886,0.3941829006701686,6796.047662447572,0.07610505926031498,117.40199878163105
1138.9599052489161,0.3205617899623603,7763.659352947696,0.09569778871943199,71.97258637379008
1252.4138129765602,0.22519567299755044,6193.248451164269,0.08251553859477931,102.64046010460834
1731.7760950376723,0.16423474828925033,8176.808837141908,0.06059482794469862,111.40707625062672
1164.734008887724,0.4583535348270189,9268.815020624268,0.05824043243735182,70.02760378136435
1351.3559346549268,0.3381821930831381,6120.335234576062,0.06861921689581461,64.49493358125169
1264.8662578135713,0.42997353505631786,7539.386079278112,0.06734632701284866,103.11679344262646
1349.8616942224785,0.31813799360061795,8243.448922749443,0.07035659124312552,119.38411661356609
1708.3240490779704,0.18799083226160784,7823.13065606708,0.05917955351522211,96.50688400715482
1367.847181142801,0.23501952524013012,6828.247230961129,0.09891113350132447,57.00392485319203
1555.2633226079402,0.25261553698941863,8210.99854002874,0.057285488643436445,142.52127066967978
1099.9318770544096,0.48917392500148094,5141.231031050381,0.08263243871121606,119.49654458545106
1805.0176932346278,0.102253311352553,6849.531159982165,0.05065346175322949,112.11962857868949
1369.8886256481248,0.4942664092098028,7663.061073205015,0.07034805191595066,114.36270119306772
1648.5341590333423,0.4921846540439323,5103.065794179323,0.06545916995475182,89.86056009080694
1725.3896016618328,0.49846031621205467,7538.2441484215,0.06910123188697093,148.4400499306102
1209.6609221117003,0.29063527156785385,8271.272303828142,0.07490386723865569,63.26792117185119
4936.037921892892,1.4478115391284587,2369.7238893384038,0.35609546611427073,297.98512884967283
1616.224251606953,0.258239672739931,5566.870407047152,0.079175567239715,92.08759602670989
1428.7251417514815,0.11051777626735469,9952.824374458474,0.08153568350605565,138.10960476081263
1182.3351835782196,0.18973887454870583,8030.838506675478,0.09222738412768954,121.72612742170477
1942.3009379012067,0.47811849797495387,6815.96896306165,0.09433585778073257,106.22522233596922
1755.068204131625,0.10550587733416,6245.464272283569,0.08686251502803988,143.76936343881803
1208.0245627332488,0.31839765416919,7864.484308417073,0.0539471121462202,141.2443360939737
1337.7107747242244,0.13024063555787163,9408.558235832854,0.09806461957549673,55.23339959522456
1809.6742580880732,0.2145586313710314,7602.826980706824,0.09736990431735232,69.25880467393928
1695.677663215339,0.13523714028475467,8307.3602780248,0.0855851897272677,117.60465849045787
1765.7842927157244,0.4438114484452226,6788.4821977028005,0.0758719535700962,142.18394265060846
1441.2011022129325,0.3364282838590823,6940.761440444863,0.06253091791679462,93.03300025351427
1716.476262642167,0.4608425862873252,6430.87552885946,0.08781755697494381,53.830524536040805
1386.4937228639137,0.37534127981609133,8528.1864718412,0.09389300893581447,114.32972599800372
1211.2629169381964,0.48841165249803986,6795.937767082825,0.0832593800444969,69.46869972411436
1632.67703484136,0.30395106190416266,5953.582020206196,0.08145363164308854,105.23217333166839
1976.0139255987942,0.35548423270514984,6847.00285583119,0.05965023522852931,88.46832586245532
1310.6009713953297,0.3305235279556227,9269.13603916378,0.06788982614470948,105.80270391020312
1460.9695922125397,0.2937041717786451,8691.260217884617,0.08615681110162561,143.24363194633997
1674.0013710698536,0.43838374616920506,6673.20422231782,0.050844936942561175,98.5800590442972
1541.5062821224878,0.35781005426814405,9534.044824183511,0.08206321385944432,53.45288237721232
1843.4277957090494,0.42052490594218916,5374.163175587335,0.0883335150505124,108.09179862794437
1761.742706469516,0.4145455746409653,5248.768957068216,0.0667352243135391,82.5745530175318
1058.297203862357,0.17641806426211815,5637.351773926206,0.05380838846003946,127.81348843958051
1998.421233923774,0.3600654130070575,5582.273779293016,0.09095596894419994,96.99284702946754
1752.4024537194673,0.17985920767253366,5439.171575061702,0.05709184147425114,124.13707378316423
1863.9033162941132,0.33332819129750835,8306.713059989961,0.06854005529848868,140.88209953483135
1651.1977120953463,0.3709738737785202,8004.211898277119,0.085362705253389,86.22739912724509
1856.285128046762,0.49889402863503474,8238.027552908574,0.09084929938257169,148.93779123908035
1112.3829749287095,0.11221679125989535,8441.830270810151,0.0931190959244258,64.98128659397851
1347.7378355593155,0.1364969576454884,8784.3987624034,0.07652085958055578,114.39316818931886
1876.4209436044928,0.1308106785484926,6035.884637432052,0.07379358482279329,53.47676031312448
1201.6552112668921,0.25934451450669604,8111.5175661739995,0.09241586385090149,71.30566658511358
1078.2420985800227,0.4286353445943255,7900.243296681867,0.07815385475237356,113.37785914565751
1788.118939945219,0.43762253311485433,9718.300129017369,0.07893253642076156,54.61917395610967
1835.4861556432961,0.39479183828846065,6161.838621198243,0.07169866839969004,60.17870852883587
1162.6522181899006,0.4587512967319791,5293.614671871657,0.06864069859605199,79.1010594915214
1854.3459827827155,0.22914397766778102,8267.475348572716,0.07402704286449147,107.56371359822509
1686.7677955971697,0.13526185770091967,8700.864201183558,0.06824237468480637,51.59825553911491
1520.082683216584,0.12326121119594005,6415.980029037753,0.06717732249846194,98.23542575778121
1830.250192781385,0.44085308784775457,7854.242154698345,0.0996832171003947,112.57437487451048
1419.2492493189657,0.3921745177414765,5297.680327670753,0.06681067470359241,90.25227888323295
1193.9939562233972,0.3794461224044484,9800.224205841445,0.06281918737663336,56.76398074789076
1284.8526766106136,0.23587053541826752,5549.624866495843,0.06769620449213133,111.08746351964211
1505.1640182933147,0.2519620754472905,5337.852680759978,0.07953906703180531,110.58353969144675
1531.330792673176,0.48324541155972767,5220.550797473095,0.09554952433115826,100.6042355034503
1805.5808264412335,0.125521897639174,7136.3595325167635,0.08939321250988806,119.314547559554
1791.3527236523346,0.40949269477511707,5485.79871728595,0.09211205695378508,70.78017331532843
1581.3665572045747,0.22385332948335726,8723.241204777876,0.09295043053419288,117.85407423505578
1780.7854833654765,0.11562184736502244,9494.370803132028,0.09602641982234338,66.14547396502526
1191.773458293671,0.39702804429698246,6301.094661624285,0.061753561645443995,89.2693631034787
1050.0645270932944,0.23236475427134984,8143.865596256995,0.07291830155187179,56.756664627859806
1873.6338226347002,0.38885900749711866,5211.6922350590885,0.06925988332882232,131.91273320802065
1075.5544937627697,0.3830617532472481,6932.822358463977,0.06909384973067503,103.82334210149409
1246.6884297439974,0.31391475017324605,6464.710567138642,0.08261418258510925,147.10492023636883
1695.3189496243845,0.4109492516842196,6143.095482201794,0.07009015301588717,144.2326601077081
1409.447937627309,0.3324153296684974,8223.617448143495,0.08081651529586019,149.85611362318517
1876.3139699155088,0.21465474113930427,5651.139731792681,0.0691139681863904,60.126617028223976
1297.9797946622696,0.39364612042576763,9303.552616484942,0.06555640913622116,110.6580378536662
1011.8713466693592,0.33565592635108943,8324.179531843674,0.06765385892215904,90.75752116341606
1300.6556405607441,0.10509091267596822,8553.67589344029,0.090187852800688,103.2664587403624
1578.0750491848316,0.4606576711081237,9676.72154328834,0.08005255181144455,80.87673660033182
1375.9383754032933,0.3182574473297254,9711.864357512573,0.09869988665083074,54.806883805842986
1534.8727557587554,0.4474509061918127,7758.261619096179,0.09163281131898664,120.77502696069948
1876.5981188350188,0.4530947355928979,7476.899086429902,0.07428903041670207,146.58170738331702
1912.4850542303684,0.2779866626940354,6676.90804113455,0.06211881675470379,103.2381826084405
1265.9740646541122,0.3030639985804924,8577.858051012341,0.08369545557275726,82.95799504618952
1462.1404732699007,0.2663017550702408,7691.044434899064,0.08633230136559679,143.8278248731973
1549.1440152414511,0.2797747101232182,9664.375398700624,0.07320879898959795,86.4666529474856
1949.112456888247,0.4580588635886912,6193.129743563027,0.061496106620534535,141.45291927403827
1998.6173191643848,0.4152576055871644,6551.263431252453,0.07786191589316327,135.56908548250706
1235.4072488415266,0.15061027052623122,6580.452237099844,0.06269146261797234,102.87110057487416
1726.9798713458154,0.34412311261603834,9029.992272783535,0.09699991588152189,117.68726666684573
1378.0310622331951,0.4983626561545369,5495.201659210762,0.08144421240168598,120.03174436156105
1008.1081968862132,0.33822028049299435,7278.245604944898,0.06459654808346074,114.10917050272576
1009.2525224359024,0.4143486502372422,7137.903684865237,0.06078653441672623,66.07499549719586
4390.070884742407,1.1872133369359696,2739.720020500682,0.3355830600606572,317.1429159410891
1488.3349130043346,0.24012701034893144,7053.984992721736,0.08538966401208764,50.32180841116838
1022.5696965734427,0.24873972108158357,7566.8899164199065,0.07985661157542875,121.00368183792631
4912.674124137506,0.8772147550810386,2745.1554615568098,0.3078951303339511,391.94658764937225
1294.003388594953,0.299993412641934,7549.310642223337,0.08019345014128115,75.97604221428384
1559.8931015359494,0.3282282836521552,9796.189523417004,0.06800517234052586,130.37643447438484
1300.9190731654187,0.3851623161459351,9894.571615807661,0.09687072050037368,90.52789388765208
1167.1343148693072,0.4110300108156201,7658.398892949056,0.07396392321314589,98.57771846161324
1407.1737385988754,0.20860663109322855,7575.484663014795,0.051016395007279496,52.767455486713466
1232.2733647905006,0.1587175037747852,6427.540832081957,0.06741806711941628,90.13196857665261
1534.800976919168,0.21671785868949012,9985.577358560507,0.056514128932379976,66.73627924831598
1198.82853028648,0.30301533003683023,6371.14585512613,0.06816918955239418,77.61433118347436
1508.4059766446271,0.23685652691881565,7264.506502199782,0.08041312425178664,75.21394986867394
1157.3785148688676,0.32734510353903756,5014.670289013383,0.05113322372609621,54.602079373409374
1670.9747094857848,0.12138628965025139,6746.161454545684,0.09351002656139343,96.04945452476179
1753.9376844414242,0.3039001646455069,5357.20150304412,0.08051545592340878,102.25924131298888
1110.3942342499338,0.24719396277508318,8719.123851925662,0.06476859381294975,107.10626286813167
1467.8024120373393,0.31386670195715294,7805.072265149662,0.06556025869621408,96.22197704923548
1070.8717006548736,0.26901334195399074,7860.859386438282,0.07328340882580754,136.95268940170735
1598.1824455420024,0.213690340255017,6432.556429498515,0.06240459030008968,53.76797451086427
1264.4042979296455,0.46164316218305435,9074.481451264868,0.05021709638804731,111.38086057932603
1527.6244568387078,0.1739059953685428,5016.354626656251,0.051327872408963165,136.61316796402832
1517.4610093842912,0.3725462302322239,6668.00589582096,0.067887033598601,54.10402409123605
1924.3543461938004,0.46985788503296566,8297.48745229434,0.056211083830430414,99.63069994242395
1549.083222568723,0.31546798387417324,9539.612687084606,0.0511181837323541,108.90271928818981
1582.9984797183156,0.4505633954317928,6173.079784626165,0.09296346350174202,69.0905749576678
1401.6531257643803,0.14994059137331375,7705.50025863709,0.06370686568214266,75.25001088318993
1949.0796031828168,0.2975155081025632,7689.957102666605,0.07515612885834007,128.55933375433523
4901.595981952547,0.9917673224193742,2161.3361483332596,0.3926114980677673,243.4076166159216
1285.4052903028414,0.10324752281479795,5252.584447799211,0.052336248612188115,81.5778697242063
4770.489229211022,0.940334089701053,2370.03733084722,0.39950520545659973,395.489997248637
1432.39636018509,0.24761190255303914,5912.328373959657,0.056247842732339175,124.67155742042458
1828.6671435335938,0.3679194911098461,5107.663001492991,0.05128584512018294,84.54017853083892
1822.8880682935019,0.4753319114306075,5735.154702602415,0.07936151641317049,98.8647630449274
1188.8701867628545,0.13431643530481463,9882.353364240997,0.05067337862107248,116.4518933537597
1701.141131383577,0.23099055468584925,6074.2425476013395,0.07181429724051608,84.32492178820159
1290.642969306531,0.27762589495770074,9675.153866679,0.06444180242389082,112.9009411001177
1297.4926699926682,0.28207415121375334,6026.271713154709,0.06597089924688765,75.1073730731773
1296.3480768805807,0.4099238883369015,9656.476136922422,0.050194952155701494,79.2020827488259
1725.5682475599483,0.27735826633337635,8273.104676001572,0.09821730401913978,81.06726433744439
1229.826041792536,0.11086452058146135,5566.092887509634,0.0758481551241769,143.60547704155138
1000.9058352460902,0.3840416378371325,7909.575775632889,0.07862560665208419,133.36721421076496
1715.2368534826333,0.45393187805826873,6592.570187701393,0.08330612424560141,106.5165975589168
1171.1847438351253,0.30556188501986914,6915.765779890351,0.08987608955248835,106.38722094115391
1104.4823953078346,0.33244340867940214,7200.854789174866,0.08039545581545879,55.61465220551423
1237.51612059406,0.16517457558761844,7113.5351126516725,0.08810990527466545,114.95080632705114
1379.900522322704,0.18825837787158284,8320.544452415144,0.07243676471814378,82.81198573282487
1475.9063274732007,0.19406809564984473,8841.840342953816,0.06856375702022442,111.22993621300796
1044.5700407126308,0.27229678995251816,6645.888446005607,0.09115669537410925,134.02337477712362
1970.5733326273603,0.4712580883582569,9621.819808428449,0.09326552620867315,54.54983058599848
1716.063053419558,0.30871390668595444,9692.331570094382,0.05689033348934669,110.7063503410931
1323.1940653243362,0.17683905808054107,5203.452185755717,0.07713300934800306,106.4200614566763
1318.6972572853974,0.20643509434757987,5074.5439444150925,0.08418212152430797,70.67665552294335
1448.5425493684593,0.25360601189087373,7125.3316507553045,0.054179936831598344,114.64329489646789
1626.244822763033,0.34930359027711977,7953.226254938292,0.09647984083713759,105.4835233945291
1146.3730665889677,0.2760132612016022,6389.523737260308,0.07600548863585654,126.7320124022318
1188.9298137649523,0.25697793767077,6297.068755428872,0.08227287086583762,61.06185681493494
1859.4345828335508,0.3258914401595979,8391.669148545952,0.05891213740451769,94.36073537040207
1256.2549238890726,0.1967339979817862,8008.521423277849,0.06322173449777137,149.7932933768173
1380.1949979751776,0.1315613090338329,5835.734374965548,0.05605006083406012,118.92808482044704
1871.271850950117,0.10976572592888885,9422.504816325794,0.06319993609269445,118.42982226364886
1663.1478293998225,0.20050366538685083,8399.88035080535,0.07461983826458994,81.78711003523429
1341.7118793416885,0.1366368136577875,6812.881245845041,0.09168147997286483,59.3888104221183
1683.6995457246207,0.23453625540830672,8418.12344995575,0.07668617075101818,144.94943752360206
1019.6832153814137,0.40917341614390224,5563.265433839079,0.06222317991155481,60.54714029685938
1735.6426600113653,0.3865177321947354,7341.28062287028,0.052231053744536404,149.27063106043315
1487.0160405162394,0.34437104911521155,5844.922047797796,0.08109849179535022,62.578097242193564
1813.1821472844613,0.4410000975517915,5207.156230642183,0.07100799486833241,67.09073485259279
1954.6376520064682,0.2128270498177107,6691.631351441499,0.09921769334085351,80.8366955050032
1925.7885494945683,0.45402150121198626,5753.6774174039165,0.08898799427058465,101.23751934895381
1909.2650434553407,0.2596956678676717,8167.589784769123,0.09041814096366847,129.04016521107658
1512.1699559338872,0.2603573273066506,8370.339470088551,0.05061175114401984,147.1008301934839
1360.142114138938,0.26214064545020865,5743.461531133016,0.08888976664520286,85.88248809574324
1465.0353247306728,0.1392377464963926,5123.065028017131,0.059730665533774645,52.04130932251593
1689.8960033133608,0.4901961993324223,8964.052808175802,0.0792897936144153,111.66795229958032
1883.9977768711867,0.15540271113006368,5010.285103642811,0.07237107861578594,121.07898612487696
1206.9863030001195,0.2363542897876738,6719.565445918944,0.078580192528884,89.74442155356665
1918.193158461703,0.22772012813070286,7472.916490228349,0.05667217647114981,68.34760489764233
1815.180231969889,0.12987177312668385,9093.210942692163,0.07284458407055733,80.60155947380373
1978.8560151782347,0.16090405204475067,9192.793213730703,0.05184723429758316,115.5799709319913
1880.2517732816873,0.11794333447415434,8624.697203052277,0.05204996740798154,99.41828697679684
1279.9373296919066,0.2169617974242054,6235.98811269949,0.0828869065387035,124.3424028652254
1105.9559113440478,0.4466627696115626,8600.934671595855,0.097584918673609,71.81702445233142
1112.2410719915886,0.2357768822949538,6232.695989384709,0.08886964593523916,134.1985618303716
1291.2233185782761,0.1494767328269517,6073.040958658508,0.07345778902854885,65.58849181967244
1614.1837239845393,0.3582775473535672,7735.639771152662,0.05279353700461865,82.9915428912444
1804.3203260971725,0.4986403648219643,8394.272219170312,0.052251007472855215,109.12076298552213
1899.2503069815648,0.19292951581277104,5265.258829558403,0.05789461305540291,123.68631916524694
1623.7533843692327,0.2118284021482278,5300.113005623042,0.09879052519670134,76.61814712040226
1005.6313127480537,0.4887388217123154,8920.853434083949,0.06993305332205817,144.81197354818408
1186.3167765185335,0.17151051502019488,9297.4862548274,0.09217036459363226,120.61112831969251
1099.726203853368,0.30448562698366555,8022.2045817094695,0.08525712194742985,71.76750317589122
1363.32447556901,0.19586085320643798,7144.140048534429,0.08027143296080332,122.57655356285703
1501.350993633746,0.4729407591604976,9226.58239799593,0.09739130558268709,119.63336947178914
1043.397178578561,0.4926084058305177,8644.08516387665,0.0615205785309511,125.26840718115591
1348.4779757956553,0.4258791384480062,7897.970992156343,0.07274448312345769,141.5880724726436
1179.1796746253226,0.22591352632512424,6598.785609743817,0.09323614828372978,121.17171853791993
1647.070166258874,0.261394990112202,5989.975308284082,0.07758806538211219,85.1910292884107
1464.27236932434,0.19692227346656854,7093.3651963575785,0.06232225698130556,129.05174777467045
1495.3176469339087,0.4563031868035966,6434.112879801058,0.06044582084211384,119.58617578022927
1427.691788033461,0.4658233110752633,6696.292938672304,0.08764405005211506,107.42591858585777
1956.019710486567,0.2675482648984189,7578.155276560163,0.05063944471260444,85.38328933302259
1214.7351251215632,0.36261322796120077,5845.469784758049,0.09570960387014416,142.10491764082795
1516.6642598438743,0.16622127190987757,9030.883400369126,0.05092089940576015,101.27547427524448
4875.393158082112,1.184079073662926,2264.3064148505673,0.2942075235862732,372.51954339116753
1556.8444131345627,0.352599642669399,7404.968197104762,0.08023739807210037,91.53630880272745
1929.020885716801,0.2541612474072078,8729.856690402183,0.07892055755273905,128.0815308814786
1377.9683556412842,0.243039810274584,7425.103538447982,0.07371715254333779,84.10395063871056
1463.6758057731781,0.10039959690677708,6805.110317943194,0.09262151663443056,131.0634391508951
1088.5223152147285,0.4217173855108457,7374.456529113755,0.08296664351452421,60.79414286715807
1608.9991110519286,0.4557350448085793,9243.353494370702,0.08909311407496968,120.89618941245887
1288.211968448106,0.4877854118183329,9952.158491419788,0.055776090298959496,97.68821492310735
1160.3090395155689,0.3877085540276862,8155.716446447177,0.05249493187287212,119.8753562921908
1544.531292904508,0.3195169249479538,8967.220213243503,0.051426425446488934,103.1395643046668
1532.3102633799106,0.20771380792348376,5072.443430796443,0.05736029927367964,63.4306327703602
1075.8716412240476,0.4997197903853994,9401.822047622863,0.08335039451272079,97.69915425504253
1698.2154534944727,0.33590114181284225,9770.24879963959,0.07470108778705854,146.45589706646885
1623.7721906508527,0.3724616289321785,7875.846708787853,0.08761261280810355,125.48406012367884
1189.0172827464971,0.37296246478212713,8769.024310301098,0.05958651683710538,80.0189282021447
1469.434862154044,0.43810071830287256,7563.723714800375,0.06834815209852309,144.41141479068455
1720.3229164785598,0.10386901553876769,6431.018702277948,0.09442487742747725,127.89462771891075
1529.4357405412766,0.18809877617254875,9261.239859915064,0.09678572730142668,86.44471210781586
1395.4890761835702,0.36621360006800563,7984.183559979709,0.09608645774945859,110.3573965776185
1322.3384580809436,0.4580582947298272,7896.9154189570345,0.09091525221003813,92.66856040363896
1610.3938666440536,0.3741355127685425,8295.661019206033,0.08441179392989459,59.669039389196364
1939.1086983102405,0.2653965165974721,9280.015829144242,0.09568389470137319,130.60294063618238
1671.7448404774834,0.24462219834810464,8659.530628854822,0.08570907959163196,69.10781251275216
1074.7459036363155,0.39517920331332823,6055.620971078726,0.09769681243627469,95.8038296159045
1460.6849734821337,0.39649507885487745,7334.117722036597,0.051239416601844424,120.26381208885782
1890.8241315106275,0.34282319700227615,9901.49165993103,0.09608210429472885,143.22136888268665
1094.462425801087,0.21658680963893484,7772.803568813873,0.07778702680696875,56.27260904470627
1988.8757121375434,0.47006192735621743,9691.226767353994,0.055589887591022916,89.32335567840376
1949.0693936454213,0.32075197684745566,9066.84743156528,0.06074556348686474,111.46477248863553
1078.274480729876,0.41619694249933226,8330.117209043794,0.09260796419574568,127.93093054519453
1933.413320449555,0.18572330486473265,6746.826013298776,0.07530584774232581,142.09311761005011
1363.1325902594622,0.23761631544589115,6521.596737627195,0.09914088617476183,50.04973150531231
1844.7091670758625,0.44983180655493704,8217.10532648794,0.05587655547524856,112.77633826987775
1418.3833377132714,0.12004281197598737,7162.806204232054,0.07062517319500647,50.693692519466325
1440.855112702516,0.3049261245026649,8993.768114083636,0.06659372215403801,128.72552875407968
1634.2430909775426,0.2926821919376036,8802.28369770098,0.07580677180324609,64.96665970143714
1774.4774192759833,0.40049207556323285,6560.652433692571,0.08167189094348593,139.4620639344526
1033.7891509482486,0.21275750823973297,8513.64391530881,0.08308147346908273,65.51242357460387
1593.155995527134,0.1876267287438398,7472.750950485921,0.050064793995588906,126.432898191258
1186.732994097371,0.47045313550929346,6616.460504069985,0.0544480216890784,78.93039278139517
1345.9495178632028,0.32868386078338596,7064.8329638232,0.0517531916827976,105.7253881830254
1347.9686661552164,0.14187582731346182,9476.75933606131,0.09322995731991388,110.84342351046323
1469.0603402211536,0.17721446488572845,6797.588460612702,0.06566461265798279,70.67606486471368
1334.1364118761735,0.49953042380569934,6436.99636659729,0.06835317209381822,79.86968835260546
1107.3611184506678,0.17824359850087698,6759.036103550689,0.07251856244733464,60.750778243719154
1145.6287385254514,0.34419020454147153,6073.092181043458,0.09246521986267879,50.52890053770821
1033.4379855610978,0.2680512315982473,7723.174936981643,0.050708313048106746,73.94680385160632
1470.2490853287543,0.45423963793993416,5737.182181612661,0.055930913718992524,101.60023558390371
1954.4476948529887,0.40206743691813107,9087.218932184582,0.08425815610704501,121.35972594249814
1115.6752236481166,0.3387805585047263,6127.90123622813,0.09819462613537985,129.35596250919318
1946.264493003082,0.104295592719193,7990.275137698229,0.08213932106485039,56.97659607366421
1733.3615147320934,0.4519180829973839,5625.127494599468,0.06305617342337616,77.24128865488913
1637.4988029341632,0.2778669883354865,9892.265741071631,0.07599322143933088,127.02239787416644
1645.2777553235628,0.4726310612074306,7272.877294468235,0.09874902377907172,98.08688749179089
1826.7276483962821,0.2982156051416805,9110.856703794072,0.07640382732838955,68.21869873265517
1106.9198643798213,0.37768979567309025,8843.239178249918,0.06867538148641013,89.22140078964912
1504.7543235655417,0.12771705978665687,8568.465235728394,0.06917127774193602,77.00341908999559
1697.0911382607585,0.3980606614107144,9136.824356023048,0.09835167542958653,55.06535052542208
1586.8204450735636,0.23519841252476917,5502.318043298529,0.08594582633658529,126.36271455980685
1832.7790710232946,0.24054360573271236,8392.48598735981,0.08435864278110236,79.16936609201588
1072.2717090113515,0.14746233788375598,6329.136176368906,0.061602716084537344,144.51313279330594
1690.701039499166,0.1587428594560809,8929.358320332949,0.07797423188817873,138.81250404460187
1534.0277303847179,0.17430362248248404,9784.343799239443,0.06783725992611568,121.6277480233708
1379.1608639799433,0.23128246742856895,9507.447649213478,0.062010076292697495,82.66343872263089
1340.2749822340309,0.4567879651102422,5574.761112368331,0.09477761430070523,77.99235526810502
1620.832632774193,0.2473040952920322,6847.762103364105,0.06915779043813068,97.52714801584014
1890.9953746442648,0.3897450826252874,6821.613785987999,0.0641393581235699,85.4602500327641
1496.1759261011152,0.13309900155594856,5611.481331797653,0.09658601983041841,140.11583240254598
1824.72316407692,0.33643951970879704,5490.630266734137,0.05986731982280627,62.34951392812346
1402.1563818439674,0.2927564925081758,6924.450674845908,0.08727523923582614,122.44675756150426
1102.3944627931764,0.49118317878180184,9960.357752482556,0.08263735722321314,111.08967943258577
1061.5057364586385,0.4384831079515852,7844.713255331376,0.09602422141861428,130.63011913363678
1051.3343713236775,0.28193190897545994,8108.908143021281,0.09160235687836392,104.24873267502066
1380.1501419576698,0.4100571056181356,7355.094550093412,0.08526476089698207,112.95406776154769
1337.237750835842,0.177215496517511,8311.652761520114,0.06572858303485479,146.27406319664755
1717.9370236225695,0.3249345309567112,9783.310403723848,0.07477845056352747,59.19615526991616
1742.821501584866,0.12984762222748328,7943.489768071959,0.097224788067359,60.48656588170633
1050.8539688337398,0.23923561290067324,5325.192298605966,0.05116013152907468,89.36076847278974
1221.123262889015,0.19034487264886812,7464.452845840993,0.08971659119100195,97.2732793400993
4993.487189781812,1.4247238615494555,2169.5263687600936,0.366047057220506,227.96636640065938
1547.6119841428094,0.2960362764857446,6937.013602971317,0.05925084716468959,58.26677969828688
1144.5152239069503,0.40042819153920417,7969.406186072361,0.06161123072111598,52.21762565641597
1133.9412194000004,0.3061181750525782,5533.183817144085,0.05298754957484236,126.45922504458386
1943.7888892079582,0.13459377686065543,5705.902493682835,0.0995989912143084,98.50573936638251
1804.202907297781,0.3941470598930107,9373.407265769813,0.09349345716125726,134.3403429833169
1180.6549020911702,0.4332917055951223,6501.723141258057,0.07605279843161138,86.08372350385709
1406.567807905491,0.461412490365117,6527.256366772965,0.0857551589278546,120.3446130027975
1355.6219992575657,0.32879677812268326,6936.064980011641,0.07782976814617538,98.85205223631604
1791.0040740654072,0.401434143599798,9832.393364522613,0.09057894722254162,111.20699986131903
1510.212916478122,0.4008177347530508,5421.952480184382,0.09223825957785058,87.01968411211155
1127.849736993467,0.16229990391957774,9093.820512756674,0.06163952140766007,58.11697704473407
1738.9920631562438,0.16568827498382832,6707.789382329933,0.0729873885325123,144.73735822114753
1396.887978224919,0.12835420232365047,9247.340129927376,0.08174238670947856,133.60898529186142
1262.924247632147,0.2279654540561206,9958.778247522712,0.09892204153041376,81.1891773154974
1375.4986220207202,0.28940343509642585,6743.337051058739,0.08413446895480824,145.87029355439438
1497.7565636068964,0.4991591411016868,5646.781831061776,0.09488175053720788,80.04887314151159
1343.1155164170095,0.27239733682726786,5721.877489914641,0.09230560254935438,94.29900202168703
1241.9057725917578,0.39049703540294833,8793.70445474593,0.07910315318392822,125.51356606888771
1398.5020288039805,0.3773588105090139,5724.607761690682,0.09468276800309446,80.90042483323803
1019.1729107498983,0.18179278010023184,6302.107842673183,0.06887108639126173,82.45079786357309
4116.203372458189,1.161217625657836,2727.555235420888,0.3610155163869958,202.21161576478144
1170.9448935675857,0.318402700613435,6778.392820154912,0.08904828216213345,96.83893596026641
1043.9046136306372,0.3801222369257905,5371.832875748438,0.056727183281750554,62.36162418134277
1653.698692905079,0.49930071607450244,9283.71241203629,0.06529126087292095,51.74916580193929
1773.9361288236723,0.24344442091246832,9300.731559004967,0.08042862254366712,141.91571928550542
1813.8291315928432,0.45854582483243866,7064.664492413449,0.07100327994334743,85.31886320229931
1493.5091826606,0.2527729823476746,8060.437845117376,0.09703618549441143,60.16886015515374
4846.500618532276,0.8157083706560652,2274.6284427333912,0.38839441287403886,398.98459432810625
1737.2276772498267,0.33930117220682077,8746.290576729643,0.07512906544068947,79.50606709978908
1699.713077154337,0.12119151732103878,7603.450437720256,0.07695309451828407,68.16640742014471
1246.2707341031733,0.13135537078810341,7551.68022720843,0.08623135459118855,146.26110328606663
1903.407755862793,0.1083056358897844,8156.518886641054,0.07286324626170868,142.05428914541096
1104.371458082829,0.2483336338375958,8515.241978349388,0.059504923397023846,60.57458579369902
1982.6882395913258,0.3983204195064043,6733.451885146259,0.08734845843114654,139.92852098215548
1860.2478109774647,0.1691021575962891,6651.852366344076,0.08688929446764992,139.08675260032751
1687.8986454790752,0.34234118735355834,6348.592020479546,0.06224905516958898,113.43745529184761
1938.7498882798327,0.21553111201243116,7744.232776563742,0.09164582598905038,102.97380008901814
1722.3111683237078,0.4187970495916289,6800.778447778862,0.08068245982100805,71.74385178013084
1190.4569970300458,0.41935845960119644,7701.5663385381595,0.06181508051576828,62.13842754058689
1442.1561381128117,0.4101658059865695,7029.923829134608,0.08260195720843522,110.63690509600312
1071.5030243316353,0.3099334055205507,9183.670912763304,0.06168047631452804,132.19572567228926
1389.6574222881154,0.2138266840319407,5365.651198727303,0.06326164770400089,118.86438545425544
1741.6030197372088,0.4237776175514538,7861.052968023373,0.0924004653401578,68.0800423667356
1386.4433509308174,0.1744402247756966,7878.118752935989,0.09647457846199095,79.001864025171
1330.2941754681342,0.2159038408114624,6918.5865526934995,0.06284413291791056,104.64175871895193
1595.3557225103118,0.17357908246424864,7105.104472815716,0.09640255185425929,112.49925175434623
1872.204528998895,0.36968406415505906,9000.656804414642,0.06193994232511768,57.22526125073556
1047.5831925461125,0.3744944112463272,6403.368551301674,0.05586336827712929,111.4051638244679
1385.4704346997355,0.3610039971147012,9357.018957130815,0.05291119390356306,123.63193948636227
3606.469261775624,1.3928476800808196,2967.044332880997,0.29798547426872923,222.11421016785638
1695.3542507318698,0.14006840288057332,8253.09652201098,0.06926232703386177,74.62187150530625
1105.724560431135,0.46446783380600853,8864.288568540493,0.09637741900546525,75.88965901787142
1664.8077585802446,0.30309238560489526,8064.737641772443,0.06210789998530144,143.9810252575855
1286.1808707979073,0.2627888779644366,7626.295568732958,0.06827326724754468,90.70161207879895
1198.9168137372246,0.33552995729931734,9833.388771251148,0.0867077937371786,103.05714563845662
1936.3525578249855,0.17711617432764235,6413.274821137321,0.06510370439936408,122.43143497170242
1018.5245767459559,0.15301951164194977,5770.754733215561,0.08421840758397903,87.14602633869694
1437.777271889569,0.2622100885831774,6437.426815712576,0.07160389096242513,60.5555546944355
1021.6269924617937,0.19088827763996422,8073.128041897226,0.05982224763295862,115.43218707187206
1483.593048104329,0.19771611781486584,5925.917190505718,0.0867029450484568,116.72731665737255
1501.0473777944183,0.4570045951114118,9544.070216131571,0.05135194166783421,76.05478150012141
1321.662471394747,0.31230367087433,7055.122003326964,0.06461674125364895,53.52289098507218
1132.1617775250236,0.29338762572934046,9249.814391459218,0.06780907695841894,116.53531542453764
1376.3875377344752,0.37579183749143896,6246.182722644084,0.0729109127493818,120.34255524482221
1672.262939932566,0.4806192454706959,6565.841775413737,0.08399346159880697,52.606489257276465
1782.395808644459,0.14487942578822566,5296.116985862483,0.07297024970930185,119.31832684562178
1530.7506023881424,0.4334138268437029,6288.838460927869,0.07971620561431082,143.89285690660725
1589.8343944397557,0.33360767194713836,7451.569094816507,0.07978895392089087,67.87852830141048
1200.6163711246527,0.15846614152473493,9730.684588616212,0.0686635824948004,102.13237546019458
1287.3303332276496,0.21885972747559668,6944.514869457491,0.09669856328773493,119.6776454708368
1161.8956100523585,0.29294456658589585,8198.71939741673,0.09779269154382214,73.00794021163678
1249.2953500046115,0.37647085783096923,7138.55058734394,0.0790925442047233,125.15488916625472
1224.8867802255318,0.1970428067813809,5233.959253839706,0.0535845440147716,136.80884296380853
1519.4487863912377,0.3139515261870359,7517.663129483513,0.07455637821279679,131.45509607698324
1562.6887557907294,0.3738686509663447,5329.568233519604,0.059220966339700365,75.88989155943514
1944.9474208215045,0.2794963003390025,9418.49962298768,0.07416072609364519,130.42164408350874
1195.570647101523,0.4452103844480704,8765.18480975457,0.059424157724927096,91.33432444023836
4769.743142101161,0.8575825060719893,2136.584887403613,0.26174587621158524,329.9585680677346
1817.2592689875228,0.2882764870561783,8201.09333095645,0.05402145600331713,66.79714671749268
3366.4049224048667,1.2204455910047465,2140.6952217424086,0.27162151102694176,343.22496416154263
3578.6177662840482,0.8483095530935382,2264.5212739064345,0.3929969224378422,371.4187011535482
1262.5502300200003,0.10134495132917465,9113.662044957347,0.08303281680246227,136.57311868828066
1039.2530530709998,0.2522673055215676,9108.728242691173,0.09584811753647447,65.9544988929793
1305.4442265484818,0.34043882454900376,6421.387738453279,0.062394315699203125,126.69934661531188
1744.60367900338,0.3516800629798643,6318.730976384133,0.0967148449518565,61.00133477898897
1047.5177572071104,0.2905782945175315,7606.988439513392,0.06943373328301364,51.75649460799428
1219.2952825048305,0.1499533252962585,9838.860809649243,0.0980265408626295,149.50493077264127
1706.2324985317819,0.1681990087151577,9602.614888030426,0.09856819290672628,57.353733325699096
1782.6515628228767,0.4408591935408037,6798.192408779909,0.05940399525346199,96.15404520628346
1455.3184100619285,0.4471644526957045,8899.147530915221,0.09155436684655273,137.83853829301307
1698.0743384786488,0.36955941514428814,9606.588820457288,0.05967105064167752,131.9379548065757
1387.952168654892,0.36568718891155294,6304.632328588025,0.061322031016554084,97.11757129556082
1159.9132450241275,0.339072851211123,9151.478248014699,0.054206325201169914,111.0848506673449
1398.1494935229066,0.1811703542807953,6339.478134545883,0.0578268473249089,112.97061516628193
1579.9678202031428,0.2713002801039613,6716.410629436054,0.08161094841235539,60.98249830106557
1948.0532818528904,0.3783578605853515,5994.103454253771,0.07246263650258933,78.49040943396463
1068.7509520886774,0.3149009088013355,7535.398995363567,0.08954721185844176,80.09831611810966
1507.3940938449605,0.10743213362203968,9216.554471306205,0.06659984074133111,87.81281505346685
1328.9197782107244,0.4814227226880393,7640.2606871775615,0.09843122836505294,77.39175351459728
1508.3116942766947,0.43792642102885737,5617.200048465487,0.052493627040968736,75.14984614613226
1023.9754473765316,0.20421800564389514,6258.87966113585,0.053146797720122076,85.47855127184657
1313.0253547015814,0.34658357406651846,7814.3093364066945,0.0850687449409068,87.92265079031819
1819.868147527005,0.46929575349127506,7915.937277852801,0.09437694424864299,98.72240567586613
1553.9417338546375,0.13840440484546057,7884.52951772435,0.08977500958170748,67.35354021482895
1450.5824928161173,0.3012117923186802,5385.01746253108,0.07449085439334568,128.83366635189697
1285.5250717153397,0.2824972103385178,8768.479463173771,0.063482068065251,136.066770037064
1298.0425227913559,0.26408200211341293,9547.140994945034,0.05067257646523575,74.81648834905818
1383.1014335905845,0.43423544355717003,7552.594738649499,0.07547257269598878,62.33007271179151
1835.5707099645604,0.25225845867898294,8594.146433859314,0.07378180986546383,122.23119812634452
1967.2132068082683,0.12546533329640305,9570.077460182756,0.067212294973512,142.42451227229344
1438.6553813503745,0.126335096865721,8213.113774740079,0.07890363939862426,53.514833917296066
1393.3528387477618,0.1170978426098436,8371.628622155255,0.08644073486906367,51.44359790343207
1846.5507758198628,0.2636581687496149,8607.022066919773,0.08504441181141212,68.34254613843366
1426.9053206363037,0.38736251107934405,6302.512257270326,0.06316264208921078,118.47924853079367
1552.0181722956513,0.1814889847722062,7913.3893735841375,0.07926518443072966,146.4781007830892
1230.9416645987444,0.3585874081726198,9210.875572722282,0.05743872392919992,125.03809551593262
1743.502535779075,0.3748353888414817,6480.813651303753,0.05608009219441773,107.30326003652615
1531.9883182707817,0.20208084960623918,9485.852497984302,0.08929279181295591,120.05493928755477
1809.0345502403416,0.3402230624242517,8101.90974882816,0.0846872951047768,73.06983112921893
1780.7327300286697,0.37394733601073893,7115.874257165281,0.08839644503158144,118.85519480651206
1215.0047682700285,0.2866454491208503,8115.914807001465,0.057623113710211046,82.14449534786425
1715.6355505577624,0.23468663891203803,7009.299528445382,0.095730929468523,72.24221328326783
1800.0544079513716,0.3476606206297309,9190.178009240874,0.05665558066111794,73.65559985123016
3986.821165676271,1.4748197127058895,2646.9613199464875,0.3886127778620737,313.42680967210504
1172.6091129022745,0.27073656374759125,9506.066798771684,0.06761896456529656,126.72257222002918
1002.6321555795881,0.25669403851404843,7549.040404239133,0.05527170465170697,108.1802110558547
1450.9036530931483,0.28570676097044534,8301.841948186935,0.0643384480282763,56.38552613925588
1352.4327315388416,0.1304873573780193,9988.722105034252,0.05907240071069415,53.8009333705462
1554.909833825409,0.321265311868556,5734.829205042706,0.07453348593458571,71.71668500781706
1188.041092588786,0.23147895488690545,8683.645743667028,0.09748726740198843,78.6468702423985
3783.9614487654135,0.9619157966833833,2986.676749663327,0.23099572374214028,375.315028820263
1257.7552156281097,0.28650269644694937,9194.331828821982,0.08060494928410569,57.602807736940335
1226.42960508765,0.10135359462959098,7982.266905810058,0.09458604378699818,122.51587659423254
1480.714056484356,0.2607140980651036,9690.797803032296,0.0815036964848116,121.14981587134916
1498.8510237442742,0.14229410717058022,9329.783009724342,0.06810995704348823,84.66775936576398
1215.0852287850928,0.10971708135991212,5374.360187344118,0.09954195635879397,106.30025243684105
1271.8607267259158,0.42979001849780085,5686.512708394304,0.059370680072026685,60.09159443688931
1169.705239155245,0.46649952131305394,8005.854643034127,0.07616280074477541,91.52186428001058
1718.460178323167,0.18306985934364267,7591.573199710374,0.08983527493683988,135.75647574800558
1770.0890312540819,0.31571930553370453,5842.825653067222,0.05003244347886122,116.06224631215976
1462.3284974592825,0.21118326285239397,5646.796141358249,0.08510216260712186,60.39437756738808
1714.0870226850175,0.29743097546887287,7819.953917208066,0.06332494483529694,134.7578031217355
1735.9353919374455,0.27465252835766407,5244.607739874998,0.058486336134593864,118.06962294190494
1138.2755276778087,0.20762042203219427,9368.676514767194,0.06370972316841458,95.30562940859235
3947.94939867822,1.036148291747797,2681.8800602125693,0.2281669876311978,272.792781476726
1821.031947096431,0.1505963837281017,8926.849858555446,0.09459676296198428,67.28202554303193
1204.4834611958236,0.12122911286854686,5079.985735203705,0.06068772282318513,105.04864702725486
1186.1650357460703,0.4070701732149117,5238.20471706369,0.055851338655922234,111.79270035655276
1125.6611455795828,0.366372012488272,7749.195605753643,0.06820763022572339,142.77448229431138
1138.3785625419184,0.29941044965855923,9972.128444470887,0.07961682400500368,56.68917108016412
1748.1617990286961,0.28711590818901667,6711.581004856758,0.09335723142905604,87.47827142608489
4794.074125446962,1.4424834343744624,2944.674795405117,0.375867121824829,379.88065676597955
1782.9341727398673,0.27480963043946915,5671.389834309917,0.08755766840865495,71.72210551285933
1746.2548943502054,0.2571569183324717,8371.679018697507,0.07995036063508279,131.32003283226635
1604.6127135052216,0.2998762411544481,8233.383444970028,0.05711660130655085,50.16055349594958
1686.3666065786797,0.3114060684639042,5506.612081895795,0.05370141881866555,52.58840698474856
1018.3557243791417,0.37676092563344843,7337.061435341756,0.07980134392646006,82.76228852531173
1311.777646805022,0.384482864293609,8335.37454410987,0.07695320528834636,126.85037108302726
1637.8221792594102,0.25105163205605785,7467.580681609636,0.09230440538670512,60.414346923510905
1009.3449534862442,0.2654162090973955,8371.817909323778,0.0661302925427552,88.28536436281179
1032.9769436825934,0.24947886789448923,9081.35198715745,0.05198454286749051,63.14681687294954
1851.8879824703831,0.3146143094502841,8429.077165608838,0.07118541345455166,72.35935694414081
1684.0248616920717,0.2813414151656781,8080.571179152619,0.09845911519688696,100.29941921285977
1265.3697331203439,0.4558385852544774,9267.951284722465,0.08977874524682616,81.91387419592118
1687.962840118709,0.378544506766589,9502.94283934894,0.05168860868211366,71.19126459800826
1792.4566691392633,0.4594625535017782,6944.432185879021,0.09373394519490877,89.34969810869273
1306.7942831101013,0.3836547966237702,5866.249438619429,0.07358447448106588,120.10549642736311
1036.0373774991874,0.4883968594095257,9089.302020040253,0.0682384015908978,61.94181066009884
1932.7791246877346,0.35429471130210766,6068.765536497416,0.06733697704013958,97.95944453607578
1345.1798382956304,0.4854200552652219,9644.753348745428,0.07975721265194323,77.47197086139396
1106.4817632847064,0.16326795616377043,5114.389726109517,0.07652997092203813,87.86208735399566
1491.8568713931475,0.12099107233176154,9606.355913096519,0.08283136220841315,132.15551789081928
1768.467795664134,0.3316500740815437,7945.914963060313,0.07868207325200234,142.97299797044286
1221.6473146175592,0.49339728231991,8873.710582564407,0.05719722874208593,74.29779051209597
1269.4900501333634,0.26704209892095876,6992.4629353220225,0.06286180043791592,112.99709568294901
1242.7149867985831,0.18481734487718385,9958.5814595444,0.09205147860509172,117.66772798671725
1991.6730528316782,0.30861657967740563,6137.757137831452,0.0831629257347815,134.24859989824327
1197.4037337305426,0.3595194498315555,6321.718313190874,0.07242003127073707,139.90424685011968
1575.5202169661238,0.2260714782063556,5257.162220187364,0.05913007159169327,96.7991797534026
3968.4796900682186,1.2844733409677689,2028.7403345716127,0.2115820245751609,242.8967295226995
1146.8965688777791,0.49004580281829035,7280.14651799338,0.06559437015943091,147.0828973597063
1970.8541978677003,0.45878524868424675,8374.262073596747,0.05274234784633344,100.64679708384688
1947.4772343956247,0.21663414940487813,8437.203637314204,0.07411420665437277,104.20321206468842
1884.5719870582625,0.23068947325783934,9372.510461413389,0.09109007263791043,116.77498395508988
1214.5565213300022,0.24861648977983544,8324.626253232047,0.06426993306911487,87.38161442197935
1634.0550560109832,0.2578211113574581,7810.1059115209355,0.09238770807775248,116.20439139103111
1760.8914729612402,0.1401277996773118,8551.592620955218,0.08522821980432947,101.42853936547087
1986.0279281964297,0.4047851355557157,8754.853995015632,0.05626311646774327,53.54367657772392
1180.4238220813704,0.2461357054442802,5929.63973124241,0.08222809456347917,135.27289366767508
1766.0258995192964,0.4519279906821809,5548.335194883765,0.057583990365277164,144.04458011570085
1338.8011699271128,0.4707762492480435,5374.244252427816,0.08273954601374595,52.622907854699584
1175.6264655680022,0.10977252372307525,6870.267472612683,0.05713572423640531,128.9261818807285
1421.376941213855,0.4954012279712825,7490.001199188726,0.0696255683007783,88.58132609410274
1793.8359121486164,0.3840090926000739,8078.249491449304,0.07832971351190969,108.56318000289242
1464.8498037040522,0.30815689039718497,9790.17259844805,0.05251870857119709,99.99949469607158
1537.5231002030484,0.2558110433490213,6653.939101035031,0.05766541724272637,105.13106508330472
1995.1594102001213,0.30740725304388516,8804.370260386371,0.06602044125261233,99.51863047580844
4842.990367060251,1.4056771425655725,2708.844811199241,0.2322571070099308,377.8116269193672
1615.4007547092397,0.3490751254786193,6100.449660434584,0.09292436469607172,118.35066846953113
1365.2442016153718,0.1371921105779165,8076.527145643795,0.05936365441769911,91.26372555458275
1392.7856463287048,0.3484490411647241,9835.880891448518,0.06737354752512628,118.85685811505489
1695.640753445408,0.21013794005537767,5621.541496256362,0.07378881181400904,146.50478190838814
1937.8869760948835,0.10705393162093856,7536.398822746145,0.06478892779946845,58.03082620534327
1542.3589504923214,0.321082306465151,5258.041770752641,0.08128738893604354,88.80899715580571
1768.3999289487797,0.3313791023410786,6606.081494481811,0.06283012173879851,137.04540323237958
1089.206558816964,0.27062760188461443,8103.013387969956,0.08861752105566217,123.90551108114734
1211.158037431927,0.12891449302012675,9205.284680153773,0.07525770474255918,143.49288894483516
1502.1316409195324,0.45733718112167665,8651.642108630356,0.05431524417305551,53.980988762323925
1020.0117236287748,0.3445723228911556,7314.28389107737,0.08134994476159788,136.2775609212787
1252.8549787625589,0.14628531982758786,9546.113785520733,0.07846217518993787,129.17987699548718
1517.4012898249662,0.30437223063765906,6513.573325118853,0.06692986771033364,131.50390160823727
1014.9611982563007,0.2989017263793886,8769.91705112583,0.05055785391945107,109.72627281121507
1264.5462862260417,0.1241607475171708,7370.045108738312,0.06003507710871863,55.19170351206058
1514.0308194758695,0.342743881441179,9493.178773363878,0.07028547644411763,103.91299289508365
1573.1492479812457,0.42333055956862575,8987.1641082688,0.05999570168966487,90.7751136989867
1925.7516930553056,0.39960322169939133,9507.348306535476,0.0788745560469839,102.7041752651845
1645.3456232506078,0.18118776566567335,6071.239244710367,0.08561624469631285,124.0295973621342
1414.7358025299936,0.44491701182168464,8340.75216058104,0.09280088283754179,109.5960634511761
1930.3511771330677,0.23701686626374038,8692.317040408201,0.08234913093418744,79.25628898592902
1784.8829833877944,0.47860335131677656,8712.071326412968,0.08445046106274064,109.95073430704215
1200.0089211127477,0.1286991856902855,7520.002252336688,0.08042209326152623,58.31384430810243
1130.8423613488198,0.29448347540793707,5056.252611739763,0.09927430288063518,50.53659912173198
1675.811635742733,0.33884975087101965,6307.153919345375,0.06305002845399542,90.1528027292548
1559.8831655769839,0.1990600393898419,6616.504375021906,0.06331293402563792,125.71863610907356
1789.6736137927555,0.40855207548809114,9260.183086408808,0.056316682071092986,132.26342309888383
1738.8050500786865,0.3507582719242869,9204.4290855211,0.07428421629347662,104.98393133074953
1625.211533857515,0.10724377491518222,5523.400520188917,0.0548080851815461,136.8006886275105
1986.3821716288921,0.34334743627849434,9749.179408856287,0.06350732984490519,62.59148505627776
1533.5897301104087,0.2965912937673786,5912.287433257455,0.07413404643856958,146.41058553017405
1113.10575650172,0.1784116806814031,7071.797256504606,0.09787978079650086,142.1760336507819
1828.2735648159883,0.49829929082381186,6075.784830553777,0.09819064969200837,109.9237250497776
1251.853362345709,0.458864877931046,9301.662344146787,0.0871870117068278,55.8722124034303
1777.3021481439182,0.2170030780116254,8747.010159296558,0.06946250807878425,95.42028628088066
1957.1070960000513,0.31642836831944654,6767.644034439019,0.09325806366882732,67.92729611224864
1696.7955139643414,0.2266008559641163,8409.393130130276,0.09377279009538202,112.84252684106752
1596.030160949801,0.4101983006544313,5921.834420857712,0.09550986903982762,68.99651946902786
1460.3861756750407,0.47213257327858205,6911.485461880008,0.08200125241076064,98.17976604241318
1364.4098659954034,0.24353144276575345,6885.537941690541,0.06008963978039403,70.562692686019
1353.0047509718363,0.42223369965745106,6189.683408606989,0.054554038638534086,68.18451303290188
1636.3727057095907,0.29936301708528196,9381.560247914413,0.0957387752020065,74.79235759420422
1751.273116937746,0.25863142452463095,8394.228677395631,0.05277730540608015,52.9196455515993
1678.5170694844144,0.475368740839508,6399.696552818997,0.06479450297189975,121.61149273798657
1198.4101011935627,0.3041618754876126,6210.603803145186,0.07434808835188686,80.67263763500696
1493.987180143491,0.28696420010298596,5089.7673549961955,0.05109883464367379,119.81080539383802
1791.640072183063,0.36897376078493727,6732.911268961773,0.0953456129339122,115.3478218434347
1475.7040781890562,0.20449368040731378,7633.856416576591,0.06435604974361175,56.61126586231866
1536.6232797354937,0.2299171483153263,6388.554709541882,0.05142523994602877,81.20347581233341
1771.136048170822,0.4728183344954491,8502.291382148851,0.09967949986132593,106.68605333081277
1661.2653062650916,0.371411938174777,7058.747645056332,0.06556965904087578,141.84011939896084
1409.3449208823927,0.4306548591084023,6581.589185053339,0.09383824537426864,90.13197104485023
1895.412711194219,0.20844470477417187,9695.288293951657,0.07267372269604405,100.47915452154143
1162.5670686634785,0.31751607597194886,6314.004386440695,0.08315629505274996,125.01588035003506
1995.5164485903247,0.48855850679579926,6991.288100483282,0.06205450747686774,130.3295473815363
1118.852578476237,0.22748155961128705,6911.453942603859,0.0751437663488511,142.33405036867612
1014.9499711042389,0.16419059052681675,6205.991728356242,0.06288255962125136,99.71894373445727
1890.0189011487646,0.3043544032898656,6087.383699052083,0.09755419406325519,69.38379295018655
1244.9535083659562,0.25512843548995046,6511.900094067018,0.05304727062081232,126.44212298010603
1729.699627446721,0.1638308931146854,9321.180849655904,0.06373369637524237,62.55752646053699
1811.0153749320693,0.4554205530813472,8835.414436146453,0.09465544382749394,91.83423121726105
1858.986391032117,0.49628956422151116,8404.99757080026,0.07400179787536419,112.82130498520169
1991.5942356641667,0.32743287227599915,7285.514963212467,0.0800042055952085,119.18561864370739
1294.0397100399991,0.4098707073493816,7538.769923163018,0.08258466857478214,123.30277172159269
1710.2433419272593,0.44361534781851986,6335.694227467302,0.05354637558867817,69.35323915404189
1115.3998582808283,0.38039280240873075,5371.579569179588,0.05088693704542926,148.16492013720506
1406.8092913568494,0.11766241964469248,6655.202783602412,0.09689205258556534,67.841857661896
1847.9716933125903,0.16305369268672712,7477.91877996183,0.06357514226484404,59.60734052562165
1367.6580460591083,0.1283956764605546,5286.565232596662,0.06901565552177645,116.40504019288652
1591.095380535614,0.10395184265682263,5441.166510285532,0.08410465853617749,140.9999999856586
1503.773443724634,0.22239856350289464,6315.126164422836,0.06181519385363607,105.93837164993627
1645.951531112045,0.25694238419262394,6835.401867963808,0.08665356850837591,109.54824345147394
1972.894389387695,0.1964118929343703,6966.5840555935265,0.07291210910816351,103.8484747934319
1055.735526501402,0.1258418592345284,5589.430331440026,0.09283049026436956,54.274819409288924
1573.9615175016297,0.3119452363346711,6129.106772673944,0.06392703178827412,118.13115724933623
1863.0287792502847,0.20932772798285668,6308.236260318044,0.06019112402316493,85.81991205434733
1481.3827117484275,0.418414861945425,5338.174381006231,0.0915844176937436,143.56737953134527
1078.5271859415727,0.10322104865011249,6630.498502948487,0.06631630324964169,68.67900475486138
1560.5393524167707,0.43701082051504414,5361.107863777536,0.07059343230002525,80.21157817162806
1332.0738908238204,0.4819014715783828,8517.28921554835,0.08968539163439966,100.4854748882047
1154.941785337936,0.3864540252614278,6930.238832786552,0.08177882686872875,97.73550436190092
1849.034513283473,0.39345762610502666,6633.761946891874,0.07208629452161346,90.03047416794543
1521.5995129911216,0.4734249246410933,5632.610857518034,0.062494525445227905,81.44029376872882
1933.2764123790666,0.18362851412013967,6132.518277224479,0.08821004844258822,64.71847365991835
1806.016504603069,0.49782622728343073,6163.526044695618,0.05902155172450285,132.09218728736056
1692.9717937736673,0.4093924813514168,9926.021074366516,0.09641398002932142,94.87697872721844
1005.0255033653119,0.39062828333111754,9176.746897542467,0.057515803456149865,107.29565590990583
1427.8234566382498,0.24443623159811712,5076.311458167158,0.09024668459736482,104.65528636357679
1197.4862816520322,0.31831099416224423,8084.182953842399,0.0712124433364067,107.5488946648204
1910.7979110488677,0.3615671153093388,6279.550482109618,0.0593003116466756,120.48403718446835
1174.5839846763602,0.3481371445268864,5521.884644097921,0.07011894691183856,112.93809950402374
1286.0600516592854,0.38199385539103237,8527.998815598774,0.06107759080999668,77.39029173985645
1516.836767734499,0.13295269563136425,5658.027747341746,0.05679968254179237,105.37099260326104
1263.3636189980793,0.24225937313267873,7218.703897648678,0.06195776994652793,74.45129055409461
1209.8646772791212,0.27360000663819084,8160.825824199621,0.09336992362691264,108.8836459908135
1599.0993251027526,0.2042517191499866,7772.473780774943,0.05529711937399121,93.19346202024313
1088.9295227550238,0.16905090810768952,9888.145491513715,0.09862697938839454,53.94183782965908
1058.1677587209247,0.15557099196514512,8928.713065612614,0.050249922684383844,123.39856873683006
1372.2452951860714,0.24655335690263405,8870.966880637448,0.08291190771956217,77.4666417736995
1720.6644545078623,0.2973766802250264,6777.976970405156,0.09282559924190431,142.01943551338167
1554.806758273948,0.1251905760586643,5041.977460420709,0.09669788240633823,78.05572416618367
1422.8764684667788,0.4785832378362198,8672.054648353442,0.05719927967283773,149.66227431351712
1565.7515642245824,0.4060973291443034,9998.660421478362,0.08491042482261701,96.29511678071228
1365.4514846532736,0.3923407092741866,7029.395538718078,0.05536746080778237,52.640731958905306
1936.146335432113,0.1691442099954908,9927.592494785587,0.06763057469372169,57.62689818365124
1054.9048909107744,0.3415203072048756,5708.540547671732,0.08659631787534969,58.20880157305689
1673.3914790298352,0.311889978723467,6482.561758183587,0.06729866130815335,55.62144210067946
1891.2826648277505,0.49298753831467756,5853.6346587123535,0.0656687364140534,76.77893996705798
1803.8847087352533,0.3990687080320632,7375.879864634078,0.055802730940120414,82.45888291499838
1184.0410348214468,0.33030475348649246,8984.907007536101,0.053321904716404404,61.12858641005107
1295.9263489802884,0.44032506658804893,6703.308457689769,0.05576389956408786,93.81314848013865
1717.0479387071045,0.1620377083442838,9531.144685759358,0.09377373874726122,86.53508216842545
3214.89402453969,0.8656810892793988,2527.7532954010326,0.3329238896501918,348.97169439838166
1811.861699832584,0.3760933333658093,7327.122068709386,0.08464329347676446,69.58645595018137
1718.9069446047902,0.139324584094895,8935.179210976381,0.0884312114944149,141.39854902173403
1729.6066492353425,0.1461734559934037,5507.217485208923,0.07839441520637144,101.59907788077632
1100.2413702675915,0.3978722905698122,8868.762356053374,0.08653876805915743,112.37330394828174
1717.7605448162308,0.20821393765359564,6214.760000864133,0.08261348345125502,53.95203384004233
1679.81812521997,0.3514524862275572,6404.062735916188,0.07277792445473463,105.90886988673518
1830.9224908218507,0.46696277043709944,7997.2688666004,0.06913552139381336,86.810020451165
1041.5959562564694,0.22658981265514333,9509.672125231025,0.09706659942025868,142.41720488153283
1023.1106684677922,0.18685766313596752,7892.034748854324,0.0985968996285234,138.56433155478567
1373.0070998785607,0.1426251534964207,8244.746743972435,0.08256357018125149,113.76487000217169
1148.7882838491528,0.15218494456789045,8882.97294802637,0.05986494199492359,126.78513508057418
1558.3844775702219,0.1248890781515371,6296.623794962434,0.07239495812188938,114.45931571159427
1917.348901506749,0.13505695153189606,9136.168364020712,0.07482687450413036,51.69681116074369
1391.4797303340158,0.27280183552366155,7089.800745335749,0.08789850262303309,120.31265446731676
1844.950377272604,0.2283460180095879,5878.2784674558125,0.08338885656611597,67.70907638436947
1000.2408745178665,0.38262432572919924,6750.590397305625,0.07574072147139477,118.25709549702196
1168.5146434591843,0.4480966632988007,6230.6555585911265,0.08401822788935785,51.05067842301708
1030.4235396540855,0.4139092812569537,6143.568025678229,0.0512028423366887,81.09068083924083
1328.1471805150686,0.3122549026662609,6412.81599359583,0.0888317660942182,101.69279790741825
1908.1895956965027,0.1409768464930614,5904.654073710448,0.06058161170034722,83.31706003607783
1096.9521235989878,0.38390691357662143,8338.508785413214,0.08282045697805746,119.39872520300648
4615.14313131872,1.0107592105369838,2993.9296780694845,0.3343750965115621,377.85936941833916
1451.4959391194443,0.13426015756616408,8242.209464917141,0.05572304179623508,145.9667380961685
1938.4682123658124,0.43698656288505033,6718.6236191408025,0.051782882191835106,85.78124235109036
1122.5191425370938,0.23528660687300224,8848.66701287022,0.09551164050767559,122.18593315507839
1212.0278505022288,0.18729953300462854,5648.043704770824,0.08022793788459061,133.58416644219926
1029.5419686114933,0.44858082584753733,7855.6835473068,0.06809809681145743,75.36177871094753
1433.9352496313738,0.460853547378802,6377.26486123237,0.08938888705096544,125.41314757949205
1277.8328995646543,0.23558833487662395,7638.049503488057,0.08130411003123328,89.3313999982995
1869.9059338903207,0.24192056771254938,6618.185876201196,0.08100402589564702,62.87271516332464
1604.940813197755,0.33185141103325766,8952.558825456475,0.07435213971815034,50.36470774325134
1614.0907379757018,0.39337659752426324,9456.359194190474,0.05039633893341044,124.37575526371249
1531.9106968813026,0.1252596807627454,8712.906116858156,0.062923125321247,68.62440788784377
1091.850337229201,0.3373374628753887,5877.918564246234,0.05545383473000415,55.11936342103255
4697.43275618381,1.473719383806733,2707.936280328749,0.3618219219644052,311.04866761273985
1999.5051897085166,0.2048375588719815,9596.79032759208,0.06243104108934989,84.66980346294162
1835.229290846015,0.46353088563877354,7186.100638291006,0.07250833320256035,119.18067044767163
1893.459054167116,0.48006733630523746,9705.902046746334,0.06767151491449415,60.736429539087524
1823.2263592464994,0.20766145638843592,6962.258444311334,0.0571599368962682,63.26531696301974
1103.0416934309826,0.4016807463541402,9758.873302953318,0.09791851164413597,90.4107708300601
1227.4482540647996,0.195510003327824,9628.694938666655,0.0966709655813608,102.0408171568919
1003.1216513564096,0.39504446469285315,8302.63444993308,0.05423040930183203,132.41939187216227
1303.5101248781116,0.4189679885155304,5044.135242307514,0.09136826767639983,108.56251909349395
1108.6074023464926,0.1988822814842598,7001.673409879684,0.07441868413581866,140.2597445145982
1472.793345301583,0.38634781743329405,9556.17564847798,0.08868679422904258,71.77678361383587
1677.127488573902,0.42484181554563594,9425.551445540574,0.057557856545688346,109.62195159983844
1874.505295038077,0.24343154884276472,5936.939000480568,0.05661370688887719,115.52384097925982
1749.217165090898,0.1670811103958908,6995.912479845513,0.09453787504476022,122.58050517153207
1938.5855957785052,0.13678582692700544,9177.549639397359,0.09489097459205305,148.86506982286622
1053.8982903937888,0.3301526814439768,7889.389266250271,0.07329560813768045,96.80338224120936
1012.1798354165414,0.49123924772628536,9236.496167231002,0.0935078898807449,86.93195798628946
1661.3381138362126,0.4291801280088865,9132.836922242815,0.08337294757518152,135.2206675153828
1289.3524102222464,0.2743358555738211,9537.410034762415,0.0592504871305496,67.67909050853154
1253.501016105773,0.31464836114198347,5586.102940972909,0.06644771323410745,53.702809727977275
1330.8870876937942,0.2118111541647276,5726.075707267579,0.0568030325254335,94.35890535313331
1269.7960578923642,0.16522634694402544,5414.045144845262,0.08869743344654665,74.72058545366022
1511.4364063015873,0.29283246329290935,9676.344205477159,0.0992625362347875,89.65254012550906
1440.1484472241325,0.2854006264668741,7375.811921889466,0.07731891632830058,148.60833114463207
1512.4285513766563,0.30877198112150406,5321.626417412241,0.08279322070574463,84.84882302192526
1672.7136115004362,0.4811218342255763,6607.649512570206,0.08730462840668184,120.79657083933803
1387.1305089711482,0.34155812005790886,6757.063205649834,0.061212955121524526,75.0402009750465
1251.3076871421567,0.3423087346489495,9047.799117383787,0.06680006238167172,80.34229437661756
1166.2005368087455,0.15120990514443072,8677.384460854615,0.07061606056621174,74.31551934602577
1349.4741195326255,0.49859554647072823,8446.935247812846,0.07972941560727362,107.2160870225751
1741.8064752461719,0.4091379776938674,5109.317762956894,0.09252462890743879,72.61085861964337
1756.7049101114694,0.45088133763760196,9553.478982131894,0.06271017722949532,121.83641026617654
1666.9053866842103,0.2657201647323977,6077.776334578708,0.07354444003638945,118.02741985357638
1234.0281753068746,0.30085123831425,8145.307023463389,0.08757669556023559,92.1269675989403
1588.0862458546976,0.30883352366491057,5309.095215057096,0.05436924997523122,52.55770210378054
1570.6896615768478,0.17763781571584208,5407.630459360273,0.07564467291630893,52.26511322263681
1484.2661981097256,0.3757956625307829,5047.886480650611,0.05721898516828625,103.28068171089332
1549.9789863838641,0.4611906894469827,7829.638222726653,0.07695744483636748,133.91988285566902
1491.790632623668,0.1654823272553676,8146.898348084524,0.08839113806577184,109.88736713759897
1565.4563660741082,0.1345273093944658,5252.3115161661435,0.06184737055224699,93.56504615850743
1715.5059546211287,0.3952875622161369,6452.4244238201945,0.09247392227423525,138.21188334824924
1109.6281944034397,0.20928073266919284,9257.272070890083,0.0667402055040875,69.6995449026778
1749.6257521490238,0.3495450166469317,5506.5418341145705,0.05953924317788851,85.94244293163037
1135.8861501275942,0.3783033351968723,6082.735822766656,0.07326616975354261,106.53094518706133
1066.6279984103746,0.22876430543272874,7121.956042362135,0.09380375410526026,79.1669469148386
4025.0690452849085,1.0768460704896672,2796.819893243279,0.3018428877811605,266.4029900076898
1956.9917688704413,0.3199955928456868,6274.245272376022,0.06637857331083227,95.2320916935245
1060.436544940564,0.44759976318072114,9985.68507681671,0.08265815844845567,55.172222334115204
1443.253441474962,0.40531742102357904,6776.3090656926415,0.06787904343477928,67.60834187524216
1186.2449382997747,0.4474302528149815,6932.243292418116,0.05354119973663078,103.24808682746837
1485.344897134418,0.10806455284715764,5610.531021153972,0.0665999484390237,105.00561996856092
1830.1772429995874,0.1974025042954379,8400.989504282654,0.09104796930682652,148.41442671946945
1950.6117747428902,0.13600317617837546,6217.325913922408,0.09840187612525131,109.99664184262687
1634.2526534515373,0.27683320687573965,8144.337976475232,0.05198895986988592,116.66273203592176
1353.905667211817,0.4559840486461273,6115.788642014633,0.07846419088175347,71.37227699342017
1603.3255656445983,0.28701610490674767,6939.36133613234,0.055265171651342405,60.68648816350451
1312.0013061084503,0.4398852178321576,9283.360459772088,0.08401982645780029,110.20100081480876
1909.8236408320604,0.23087129520772717,8694.52955737035,0.05039461130040255,136.48799766031033
3259.303430401599,1.3001035592953376,2165.9324579491486,0.28368830223536573,215.74991588207047
1558.231750279661,0.458224692130751,8038.540836870507,0.0888439913215287,94.27832181846205
1324.7989153803605,0.27032685860468064,8143.203258369047,0.053721766134864894,107.8206641321629
1293.3896755829783,0.41590619511786653,5452.842367509305,0.06525908371435321,96.8771578485721
1033.4179947050595,0.19465741915276055,7329.028271679679,0.09790202120519156,64.18815760153171
1815.8208510252953,0.47952033187105425,6303.34197833804,0.09926235587237357,124.11844252529016
1450.3832130390078,0.3298312986122285,7335.650713817415,0.05807014309430334,103.30381634646724
1325.1329284002645,0.40372942743136075,8885.354956614376,0.07804509607179251,89.93228760581557
1471.1103549977538,0.13580627991795421,5791.297799051598,0.077957441424515,105.96385020420063
1818.737990454652,0.29706569033221153,5616.521027940219,0.07261903452663067,74.12269544533349
1124.6142077075212,0.4604153990936093,6346.582475528865,0.09623500791319979,92.79577154704322
1857.6559882418273,0.45081545161732184,9761.377251732916,0.08770169545620803,112.24452010037281
4701.881514211193,1.4956147079088837,2586.9156565528892,0.24189908824690895,360.8215615476994
1946.7079150338882,0.2214793876515787,5097.279314072733,0.06347847158846716,124.8995084664565
1397.4879924226277,0.27732800259163204,7005.0242124168835,0.07171598861008194,102.10109118565865
1217.140404037672,0.16890592574231528,6286.989895401926,0.07437118492377266,136.17067104185156
