timestamp,amplitude,frequency
2020/8/6 0:00:00,15.29215704,1.031876124
2020/8/6 0:01:44,11.27592735,0.90983788
2020/8/6 0:03:28,13.08710822,0.973720989
2020/8/6 0:05:11,16.94897804,1.064459506
2020/8/6 0:06:55,15.90432504,0.850834456
2020/8/6 0:08:39,7.445101364,0.972911832
2020/8/6 0:10:23,13.30239834,0.966649686
2020/8/6 0:12:06,10.07315657,1.017040408
2020/8/6 0:13:50,10.29254666,1.008765472
2020/8/6 0:15:34,11.90883659,0.947090674
2020/8/6 0:17:18,11.18385547,1.105093452
2020/8/6 0:19:01,15.18905774,0.826891616
2020/8/6 0:20:45,13.18367468,0.814215389
2020/8/6 0:22:29,11.33970572,0.968103736
2020/8/6 0:24:13,12.38016756,1.1586777
2020/8/6 0:25:56,12.12325921,0.91102774
2020/8/6 0:27:40,15.67787621,0.86892373
2020/8/6 0:29:24,10.65329466,1.171283358
2020/8/6 0:31:08,12.28081404,0.867289302
2020/8/6 0:32:51,8.851859643,0.949936215
2020/8/6 0:34:35,3.827391261,1.091606204
2020/8/6 0:36:19,13.51909181,0.904369603
2020/8/6 0:38:03,14.22306505,0.891939811
2020/8/6 0:39:47,9.474410626,0.959066894
2020/8/6 0:41:30,18.58093141,1.114945926
2020/8/6 0:43:14,7.478928848,1.164393341
2020/8/6 0:44:58,12.04924023,0.812517011
2020/8/6 0:46:42,11.41991647,0.866043251
2020/8/6 0:48:25,16.64885772,1.183440516
2020/8/6 0:50:09,16.52718143,1.037116517
2020/8/6 0:51:53,12.6520498,1.020564108
2020/8/6 0:53:37,13.38929933,1.125417472
2020/8/6 0:55:20,9.658545232,0.815913319
2020/8/6 0:57:04,6.446074948,0.8055345
2020/8/6 0:58:48,11.4107458,1.18699762
2020/8/6 1:00:32,12.98898802,1.131428274
2020/8/6 1:02:15,16.2756981,1.098952713
2020/8/6 1:03:59,16.25626183,0.862280308
2020/8/6 1:05:43,11.55083471,0.990641569
2020/8/6 1:07:27,11.86898193,1.174917415
2020/8/6 1:09:11,9.692674083,1.173439838
2020/8/6 1:10:54,8.640075515,0.803698843
2020/8/6 1:12:38,7.842454582,1.100996564
2020/8/6 1:14:22,18.87405272,0.802495107
2020/8/6 1:16:06,11.55254316,1.193720691
2020/8/6 1:17:49,11.82634814,0.966786881
2020/8/6 1:19:33,9.440541019,1.189407503
2020/8/6 1:21:17,15.58902565,0.947098724
2020/8/6 1:23:01,8.471746822,0.917274916
2020/8/6 1:24:44,12.73135065,0.926516786
2020/8/6 1:26:28,10.7385355,1.092271627
2020/8/6 1:28:12,14.64022632,0.879869134
2020/8/6 1:29:56,12.00089457,1.145623077
2020/8/6 1:31:39,10.04439987,1.036229077
2020/8/6 1:33:23,13.55391936,1.18796441
2020/8/6 1:35:07,14.97480261,1.194833961
2020/8/6 1:36:51,13.93985924,0.874072801
2020/8/6 1:38:34,14.69737197,1.182312821
2020/8/6 1:40:18,11.93577551,0.818615395
2020/8/6 1:42:02,12.79842951,0.81114549
2020/8/6 1:43:46,11.91629768,1.177545831
2020/8/6 1:45:30,12.90114964,1.184958695
2020/8/6 1:47:13,11.58559395,0.858899069
2020/8/6 1:48:57,8.890491933,0.976966326
2020/8/6 1:50:41,14.6449983,0.997637011
2020/8/6 1:52:25,12.9498205,1.144112495
2020/8/6 1:54:08,9.306065347,1.051166897
2020/8/6 1:55:52,15.62554842,1.10982657
2020/8/6 1:57:36,11.55488277,0.994038738
2020/8/6 1:59:20,14.47121621,1.059365481
2020/8/6 2:01:03,16.54027101,1.094163744
2020/8/6 2:02:47,14.77657594,1.095152514
2020/8/6 2:04:31,17.84345739,0.800695131
2020/8/6 2:06:15,10.75539812,0.839963229
2020/8/6 2:07:58,15.70050499,0.945464176
2020/8/6 2:09:42,12.47163086,0.824478979
2020/8/6 2:11:26,11.94521991,0.953195881
2020/8/6 2:13:10,12.85157458,0.955826739
2020/8/6 2:14:54,13.68293321,1.168093415
2020/8/6 2:16:37,14.81450239,1.026828742
2020/8/6 2:18:21,11.17791425,1.082540512
2020/8/6 2:20:05,17.40213625,1.154879473
2020/8/6 2:21:49,16.12186675,0.976851728
2020/8/6 2:23:32,10.1402949,0.800784858
2020/8/6 2:25:16,19.23684745,0.91413441
2020/8/6 2:27:00,20.48173644,1.12566348
2020/8/6 2:28:44,18.35129378,1.160736468
2020/8/6 2:30:27,14.29497009,0.940603832
2020/8/6 2:32:11,11.64117512,0.917596501
2020/8/6 2:33:55,18.03437116,1.169802084
2020/8/6 2:35:39,13.67795873,0.940429494
2020/8/6 2:37:22,18.57018522,1.060898075
2020/8/6 2:39:06,15.54191873,0.912123694
2020/8/6 2:40:50,17.86013479,0.83916752
2020/8/6 2:42:34,16.01131788,1.000494525
2020/8/6 2:44:17,17.07281358,1.169292735
2020/8/6 2:46:01,14.99434143,1.047456302
2020/8/6 2:47:45,20.32906983,0.88353065
2020/8/6 2:49:29,15.35967932,1.072971829
2020/8/6 2:51:13,16.19126185,1.107344458
2020/8/6 2:52:56,20.63996114,0.928304225
2020/8/6 2:54:40,10.95131054,1.023683761
2020/8/6 2:56:24,11.18607385,1.072781253
2020/8/6 2:58:08,17.90752189,0.864141258
2020/8/6 2:59:51,11.48062583,1.185640376
2020/8/6 3:01:35,20.83038511,0.980500785
2020/8/6 3:03:19,13.75705145,1.191865756
2020/8/6 3:05:03,12.75279249,0.875829546
2020/8/6 3:06:46,20.76009387,0.993509419
2020/8/6 3:08:30,19.42778624,0.866341461
2020/8/6 3:10:14,20.58275717,0.804072329
2020/8/6 3:11:58,17.69091845,0.895150069
2020/8/6 3:13:41,12.38067903,0.961274935
2020/8/6 3:15:25,20.68499189,0.972452295
2020/8/6 3:17:09,14.14009938,1.154602062
2020/8/6 3:18:53,17.3396651,1.054270906
2020/8/6 3:20:37,17.76111487,0.973776662
2020/8/6 3:22:20,14.44027133,1.19519908
2020/8/6 3:24:04,16.73236516,1.045689733
2020/8/6 3:25:48,17.64045874,0.929065186
2020/8/6 3:27:32,15.98571696,1.076524352
2020/8/6 3:29:15,11.53973355,0.998279969
2020/8/6 3:30:59,15.71304413,1.152467078
2020/8/6 3:32:43,18.77678358,1.158604505
2020/8/6 3:34:27,12.69212591,0.94694016
2020/8/6 3:36:10,14.30404175,1.02493562
2020/8/6 3:37:54,13.42351808,0.906309378
2020/8/6 3:39:38,20.25172624,1.050654701
2020/8/6 3:41:22,16.69470429,1.196938785
2020/8/6 3:43:05,15.8730251,1.133035407
2020/8/6 3:44:49,12.31265172,0.94656396
2020/8/6 3:46:33,16.2108551,0.838152141
2020/8/6 3:48:17,12.53977102,1.186672795
2020/8/6 3:50:00,14.62688296,0.955833911
2020/8/6 3:51:44,12.59144328,0.917352357
2020/8/6 3:53:28,16.49484696,0.926534157
2020/8/6 3:55:12,16.16086803,0.995969347
2020/8/6 3:56:56,13.77073862,1.182700559
2020/8/6 3:58:39,15.54719319,1.194648929
2020/8/6 4:00:23,11.04253387,0.918450691
2020/8/6 4:02:07,9.809506665,0.940587483
2020/8/6 4:03:51,15.56204005,1.004722624
2020/8/6 4:05:34,14.70350438,0.803274915
2020/8/6 4:07:18,16.06723978,0.869934625
2020/8/6 4:09:02,21.26929342,1.174423608
2020/8/6 4:10:46,16.91007286,0.811774095
2020/8/6 4:12:29,11.29401454,0.840390512
2020/8/6 4:14:13,17.33845849,0.968258807
2020/8/6 4:15:57,9.993707645,1.0925801
2020/8/6 4:17:41,12.50979863,0.907551292
2020/8/6 4:19:24,13.64206319,0.922386236
2020/8/6 4:21:08,18.9381756,0.922189192
2020/8/6 4:22:52,11.51437736,1.149040771
2020/8/6 4:24:36,11.21896682,0.890439042
2020/8/6 4:26:20,13.35172317,1.02496073
2020/8/6 4:28:03,11.60461354,1.199972459
2020/8/6 4:29:47,16.92210504,1.091386198
2020/8/6 4:31:31,10.24874486,0.934540262
2020/8/6 4:33:15,9.991681008,1.106183588
2020/8/6 4:34:58,12.06539228,1.181566283
2020/8/6 4:36:42,11.82875095,0.949415123
2020/8/6 4:38:26,19.05468357,1.083204496
2020/8/6 4:40:10,16.05684505,0.830321705
2020/8/6 4:41:53,13.41300081,1.158118735
2020/8/6 4:43:37,9.415087475,0.83850269
2020/8/6 4:45:21,15.56482582,0.949170039
2020/8/6 4:47:05,9.970743219,1.017002337
2020/8/6 4:48:48,8.276051588,0.905431057
2020/8/6 4:50:32,16.41276702,1.05970773
2020/8/6 4:52:16,13.73716944,1.021771491
2020/8/6 4:54:00,15.48594744,1.086874096
2020/8/6 4:55:43,13.61596302,0.941655746
2020/8/6 4:57:27,15.16607521,1.018405556
2020/8/6 4:59:11,10.57771875,1.12487416
2020/8/6 5:00:55,9.362702757,1.124278538
2020/8/6 5:02:39,14.44428907,1.08569599
2020/8/6 5:04:22,9.922804263,1.016774356
2020/8/6 5:06:06,10.1973803,1.06930444
2020/8/6 5:07:50,10.83191239,0.834752116
2020/8/6 5:09:34,12.18292693,0.98852688
2020/8/6 5:11:17,11.00000204,1.1440574
2020/8/6 5:13:01,7.868154586,1.042945929
2020/8/6 5:14:45,9.99272403,1.176673242
2020/8/6 5:16:29,5.183502449,0.904871409
2020/8/6 5:18:12,13.65911673,0.838520721
2020/8/6 5:19:56,6.9065537,1.050645374
2020/8/6 5:21:40,8.328490854,0.836370372
2020/8/6 5:23:24,11.72667642,1.112854145
2020/8/6 5:25:07,9.279674891,0.902696963
2020/8/6 5:26:51,16.0552491,1.015500743
2020/8/6 5:28:35,7.475151193,1.124550816
2020/8/6 5:30:19,12.08208282,1.115214147
2020/8/6 5:32:02,11.08999831,0.998390011
2020/8/6 5:33:46,7.630207727,1.190338565
2020/8/6 5:35:30,12.63070127,0.999053263
2020/8/6 5:37:14,10.47237375,0.911516567
2020/8/6 5:38:58,13.22830105,0.920972498
2020/8/6 5:40:41,13.30915059,1.09745709
2020/8/6 5:42:25,17.2538637,0.974842816
2020/8/6 5:44:09,14.69908338,0.967515394
2020/8/6 5:45:53,9.507140666,0.808194638
2020/8/6 5:47:36,9.821595296,0.922111264
2020/8/6 5:49:20,13.76363534,1.144153232
2020/8/6 5:51:04,12.35526563,1.121401799
2020/8/6 5:52:48,12.23459821,1.098604344
2020/8/6 5:54:31,5.387993123,0.809251355
2020/8/6 5:56:15,10.09048611,0.810796117
2020/8/6 5:57:59,7.873937746,0.924585984
2020/8/6 5:59:43,10.85235022,0.989781309
2020/8/6 6:01:26,9.64266833,1.163896507
2020/8/6 6:03:10,12.59221362,0.953851926
2020/8/6 6:04:54,10.73792045,0.915410001
2020/8/6 6:06:38,12.06988728,1.028461187
2020/8/6 6:08:22,8.236349529,1.16587772
2020/8/6 6:10:05,6.727054472,1.095455485
2020/8/6 6:11:49,8.255130704,1.142666513
2020/8/6 6:13:33,9.359222316,0.872879058
2020/8/6 6:15:17,10.47287685,0.850265778
2020/8/6 6:17:00,16.03863794,1.017628453
2020/8/6 6:18:44,9.059397459,1.07894833
2020/8/6 6:20:28,6.243977091,1.181995219
2020/8/6 6:22:12,7.999712234,0.948613763
2020/8/6 6:23:55,7.572934284,0.938622741
2020/8/6 6:25:39,10.33446729,1.006341719
2020/8/6 6:27:23,4.194185299,1.073975175
2020/8/6 6:29:07,8.933185325,1.026409511
2020/8/6 6:30:50,9.140028155,1.089212277
2020/8/6 6:32:34,9.294463647,0.952125975
2020/8/6 6:34:18,6.73370366,1.144879052
2020/8/6 6:36:02,7.739953798,0.873190237
2020/8/6 6:37:45,4.109955555,0.926361857
2020/8/6 6:39:29,6.830966403,1.109471066
2020/8/6 6:41:13,6.611514092,0.934268902
2020/8/6 6:42:57,9.417821954,1.067261841
2020/8/6 6:44:41,4.631114682,0.915119044
2020/8/6 6:46:24,10.37367926,0.874841737
2020/8/6 6:48:08,12.44441022,0.920293026
2020/8/6 6:49:52,1.68233755,1.154797319
2020/8/6 6:51:36,9.102884898,0.984353251
2020/8/6 6:53:19,9.787144462,0.890166061
2020/8/6 6:55:03,5.77693192,0.928575436
2020/8/6 6:56:47,6.430776481,0.801108383
2020/8/6 6:58:31,7.157840587,1.102323315
2020/8/6 7:00:14,6.597556603,0.890270981
2020/8/6 7:01:58,6.498908709,1.039168416
2020/8/6 7:03:42,2.333540828,0.810043815
2020/8/6 7:05:26,10.75475249,1.133799373
2020/8/6 7:07:09,10.47343458,0.874977901
2020/8/6 7:08:53,4.731936867,0.801907351
2020/8/6 7:10:37,2.71085159,0.920475123
2020/8/6 7:12:21,8.612072317,1.168194848
2020/8/6 7:14:05,5.260939028,0.905045687
2020/8/6 7:15:48,7.354273608,1.001391535
2020/8/6 7:17:32,5.911239617,0.962891938
2020/8/6 7:19:16,8.885364925,0.917699703
2020/8/6 7:21:00,8.837246276,1.170941431
2020/8/6 7:22:43,4.519196405,1.115597963
2020/8/6 7:24:27,2.489638877,1.104765326
2020/8/6 7:26:11,1.835423074,1.01044285
2020/8/6 7:27:55,8.360661886,1.129944669
2020/8/6 7:29:38,2.909021878,0.983371463
2020/8/6 7:31:22,4.902029193,0.98607582
2020/8/6 7:33:06,4.581229546,0.997509625
2020/8/6 7:34:50,6.160989892,0.89476409
2020/8/6 7:36:33,0.459210921,1.169460744
2020/8/6 7:38:17,6.784594659,0.90350027
2020/8/6 7:40:01,7.741001784,0.8792638
2020/8/6 7:41:45,6.386537274,0.897500717
2020/8/6 7:43:28,5.1414382,1.126940847
2020/8/6 7:45:12,6.320017063,1.107418255
2020/8/6 7:46:56,7.179580138,0.970842723
2020/8/6 7:48:40,-2.37979761,0.805512762
2020/8/6 7:50:24,11.76218229,1.190294013
2020/8/6 7:52:07,7.022125102,0.853012391
2020/8/6 7:53:51,3.852963921,1.140569071
2020/8/6 7:55:35,4.59662833,1.112689235
2020/8/6 7:57:19,7.210976098,1.175230313
2020/8/6 7:59:02,5.342673833,1.109359416
2020/8/6 8:00:46,-0.438851467,0.932548636
2020/8/6 8:02:30,11.80988681,0.892765617
2020/8/6 8:04:14,5.24899094,0.951076328
2020/8/6 8:05:57,8.606342268,0.881234868
2020/8/6 8:07:41,3.435900275,1.087829899
2020/8/6 8:09:25,10.08842882,1.130607453
2020/8/6 8:11:09,6.306606183,1.058575557
2020/8/6 8:12:52,7.243420917,0.874437093
2020/8/6 8:14:36,2.251487442,0.814953884
2020/8/6 8:16:20,8.992092116,1.032160507
2020/8/6 8:18:04,7.40057654,0.985069242
2020/8/6 8:19:48,9.210189897,0.879881571
2020/8/6 8:21:31,3.394987084,0.947233561
2020/8/6 8:23:15,3.811842139,1.016586502
2020/8/6 8:24:59,12.14342804,1.053166845
2020/8/6 8:26:43,2.029470938,0.990657511
2020/8/6 8:28:26,4.780600825,1.188557129
2020/8/6 8:30:10,8.579151394,0.81849056
2020/8/6 8:31:54,5.442779995,1.063283165
2020/8/6 8:33:38,6.880698621,1.163823161
2020/8/6 8:35:21,3.916831735,0.894625684
2020/8/6 8:37:05,6.209800273,0.885482875
2020/8/6 8:38:49,1.165621928,1.104893123
2020/8/6 8:40:33,10.04628377,0.994549518
2020/8/6 8:42:16,4.705211244,1.196871003
2020/8/6 8:44:00,3.008105598,1.035649448
2020/8/6 8:45:44,7.037853987,1.169376773
2020/8/6 8:47:28,3.647739873,0.804884208
2020/8/6 8:49:11,1.019450283,0.861815848
2020/8/6 8:50:55,0.975533359,1.073767618
2020/8/6 8:52:39,7.091600718,0.966586548
2020/8/6 8:54:23,4.527292766,1.134385828
2020/8/6 8:56:07,4.601777631,0.971559237
2020/8/6 8:57:50,8.234121079,1.085198679
2020/8/6 8:59:34,1.619558161,1.026464007
2020/8/6 9:01:18,2.808287025,0.847961427
2020/8/6 9:03:02,3.847104258,1.087180483
2020/8/6 9:04:45,5.287360237,1.082548721
2020/8/6 9:06:29,4.881490695,0.84628726
2020/8/6 9:08:13,4.152180007,1.024764583
2020/8/6 9:09:57,4.833934767,0.934260007
2020/8/6 9:11:40,4.704005026,0.983539913
2020/8/6 9:13:24,2.875347446,0.969103477
2020/8/6 9:15:08,2.6045524,0.841909762
2020/8/6 9:16:52,5.877580057,0.863209195
2020/8/6 9:18:35,2.392911825,0.834723446
2020/8/6 9:20:19,1.606341211,0.876978805
2020/8/6 9:22:03,4.155401071,1.140977755
2020/8/6 9:23:47,4.634265372,0.80980906
2020/8/6 9:25:31,11.89353986,0.9726469
2020/8/6 9:27:14,3.026482162,1.120374555
2020/8/6 9:28:58,7.988685548,0.840103282
2020/8/6 9:30:42,7.419891347,0.891085436
2020/8/6 9:32:26,1.632012613,1.090975883
2020/8/6 9:34:09,7.540221035,1.059020973
2020/8/6 9:35:53,1.691523373,1.025209535
2020/8/6 9:37:37,-2.710564834,0.868656327
2020/8/6 9:39:21,7.110775017,1.117812405
2020/8/6 9:41:04,0.050081574,0.856565645
2020/8/6 9:42:48,6.697559998,0.853919158
2020/8/6 9:44:32,3.320787465,1.118014018
2020/8/6 9:46:16,10.38058996,0.947689331
2020/8/6 9:47:59,8.637630416,0.925046846
2020/8/6 9:49:43,4.103149818,0.911468821
2020/8/6 9:51:27,3.432032665,0.929988843
2020/8/6 9:53:11,1.886577472,0.93623504
2020/8/6 9:54:54,4.240324307,1.078547077
2020/8/6 9:56:38,4.757318772,0.89610488
2020/8/6 9:58:22,4.54060017,0.930130581
2020/8/6 10:00:06,6.142082141,1.110484603
2020/8/6 10:01:50,7.445810573,1.165260229
2020/8/6 10:03:33,6.798461971,1.045134388
2020/8/6 10:05:17,3.497287424,0.842047292
2020/8/6 10:07:01,1.517524286,1.016633864
2020/8/6 10:08:45,9.966623299,1.05111155
2020/8/6 10:10:28,3.84774919,0.925621079
2020/8/6 10:12:12,4.003215064,1.131200149
2020/8/6 10:13:56,4.441447159,1.112831524
2020/8/6 10:15:40,0.521635557,1.030122683
2020/8/6 10:17:23,4.66365075,0.858006236
2020/8/6 10:19:07,4.706222674,1.078952586
2020/8/6 10:20:51,8.05476032,1.158139466
2020/8/6 10:22:35,8.338419091,0.900040444
2020/8/6 10:24:18,6.304578196,1.183474358
2020/8/6 10:26:02,9.139872767,1.108520959
2020/8/6 10:27:46,7.416117311,0.92012863
2020/8/6 10:29:30,6.40189152,1.04672845
2020/8/6 10:31:13,6.98524663,0.923139173
2020/8/6 10:32:57,5.984822499,0.83978715
2020/8/6 10:34:41,5.427339504,1.129659468
2020/8/6 10:36:25,5.864564163,1.066322814
2020/8/6 10:38:09,3.340366442,1.045600261
2020/8/6 10:39:52,7.623107252,0.856869152
2020/8/6 10:41:36,3.86052597,0.950950845
2020/8/6 10:43:20,9.423624993,1.150654432
2020/8/6 10:45:04,6.209896189,0.865321784
2020/8/6 10:46:47,7.166990375,0.819161155
2020/8/6 10:48:31,8.560928311,0.876460591
2020/8/6 10:50:15,9.070939109,0.900072003
2020/8/6 10:51:59,2.491354373,1.11345701
2020/8/6 10:53:42,6.645379437,1.059256588
2020/8/6 10:55:26,9.970115732,0.806937099
2020/8/6 10:57:10,2.299358272,0.806915861
2020/8/6 10:58:54,8.620207495,1.026758572
2020/8/6 11:00:37,0.75694259,1.053316977
2020/8/6 11:02:21,4.521947964,0.850168752
2020/8/6 11:04:05,7.771742379,1.044184861
2020/8/6 11:05:49,2.752621538,0.896140764
2020/8/6 11:07:33,4.833669406,0.934688537
2020/8/6 11:09:16,3.442634665,0.963532632
2020/8/6 11:11:00,12.87097037,0.846477918
2020/8/6 11:12:44,8.488146968,1.185237442
2020/8/6 11:14:28,9.766689204,1.189505781
2020/8/6 11:16:11,7.466588488,0.978000676
2020/8/6 11:17:55,7.144538813,0.902986591
2020/8/6 11:19:39,3.426040623,1.183437779
2020/8/6 11:21:23,7.470973004,1.127222959
2020/8/6 11:23:06,6.133406956,1.089691442
2020/8/6 11:24:50,11.0634142,0.984724715
2020/8/6 11:26:34,11.98505086,0.964231481
2020/8/6 11:28:18,13.0339118,1.111739709
2020/8/6 11:30:01,11.26457295,1.007845471
2020/8/6 11:31:45,6.983991297,1.064232856
2020/8/6 11:33:29,5.505576003,1.026477193
2020/8/6 11:35:13,11.22683153,1.084874163
2020/8/6 11:36:56,10.06953989,0.837642002
2020/8/6 11:38:40,3.769093131,0.951048437
2020/8/6 11:40:24,10.21541165,0.866835675
2020/8/6 11:42:08,11.66697736,0.89681756
2020/8/6 11:43:52,9.474823149,0.880329711
2020/8/6 11:45:35,8.817673732,1.00132892
2020/8/6 11:47:19,7.024820486,0.807597195
2020/8/6 11:49:03,5.183218828,1.185587041
2020/8/6 11:50:47,11.99888243,1.007585531
2020/8/6 11:52:30,8.745902468,0.821028606
2020/8/6 11:54:14,9.048177456,1.072821536
2020/8/6 11:55:58,15.0221299,0.90755522
2020/8/6 11:57:42,11.95289866,0.842707037
2020/8/6 11:59:25,11.08732225,1.132121474
2020/8/6 12:01:09,10.47649029,0.879163041
2020/8/6 12:02:53,14.68573564,0.841901708
2020/8/6 12:04:37,15.35993652,0.822762581
2020/8/6 12:06:20,13.06505565,1.091423097
2020/8/6 12:08:04,12.09852283,1.062108499
2020/8/6 12:09:48,4.143268441,0.803279656
2020/8/6 12:11:32,10.87337473,0.888592216
2020/8/6 12:13:16,10.18690508,1.081872812
2020/8/6 12:14:59,10.93397111,0.860856342
2020/8/6 12:16:43,13.55598665,1.030700313
2020/8/6 12:18:27,2.582388303,0.885262587
2020/8/6 12:20:11,9.167872535,0.979693714
2020/8/6 12:21:54,11.75971118,1.146969225
2020/8/6 12:23:38,9.623434531,0.921038571
2020/8/6 12:25:22,6.846992668,1.074388956
2020/8/6 12:27:06,13.7780913,0.975312493
2020/8/6 12:28:49,12.07503963,0.838462102
2020/8/6 12:30:33,8.404049861,0.944253997
2020/8/6 12:32:17,12.3344548,1.136512027
2020/8/6 12:34:01,13.92708337,1.189218497
2020/8/6 12:35:44,11.55019415,1.138032668
2020/8/6 12:37:28,14.00765116,0.864891356
2020/8/6 12:39:12,11.91201205,0.938203719
2020/8/6 12:40:56,10.56243734,1.132475263
2020/8/6 12:42:39,8.340357369,1.021558374
2020/8/6 12:44:23,11.63090704,1.110474319
2020/8/6 12:46:07,12.54122842,1.111113307
2020/8/6 12:47:51,14.65505213,0.82843516
2020/8/6 12:49:35,11.75097389,0.936962626
2020/8/6 12:51:18,13.53680812,0.991608602
2020/8/6 12:53:02,9.338497281,1.178089889
2020/8/6 12:54:46,9.951709445,1.15929152
2020/8/6 12:56:30,12.03516886,0.969212793
2020/8/6 12:58:13,9.268652263,0.838266371
2020/8/6 12:59:57,14.95892804,0.961816915
2020/8/6 13:01:41,13.95265342,1.014361333
2020/8/6 13:03:25,13.46504382,1.161758877
2020/8/6 13:05:08,13.70836452,0.917951707
2020/8/6 13:06:52,18.8180654,0.923545658
2020/8/6 13:08:36,11.41099728,1.050873294
2020/8/6 13:10:20,6.275279387,1.002076622
2020/8/6 13:12:03,13.53886139,0.878347584
2020/8/6 13:13:47,12.84983791,0.8578909
2020/8/6 13:15:31,11.5090955,0.995798884
2020/8/6 13:17:15,10.18446983,1.111756383
2020/8/6 13:18:59,11.86198681,1.111532501
2020/8/6 13:20:42,13.78144247,1.190321475
2020/8/6 13:22:26,11.78611155,0.953087279
2020/8/6 13:24:10,20.5883068,0.956795731
2020/8/6 13:25:54,10.52505353,0.800727798
2020/8/6 13:27:37,11.08205963,1.131966946
2020/8/6 13:29:21,6.649608293,1.058651378
2020/8/6 13:31:05,14.32317768,1.107968847
2020/8/6 13:32:49,7.571947781,0.98824928
2020/8/6 13:34:32,12.05442225,1.168077395
2020/8/6 13:36:16,12.89655653,0.811645519
2020/8/6 13:38:00,11.64431816,0.846112473
2020/8/6 13:39:44,19.03919458,0.950406934
2020/8/6 13:41:27,16.8539636,0.834042363
2020/8/6 13:43:11,17.87551334,0.835155153
2020/8/6 13:44:55,11.31727616,1.026749072
2020/8/6 13:46:39,17.39584178,0.886448808
2020/8/6 13:48:22,15.54267608,1.050614084
2020/8/6 13:50:06,16.41258127,1.171759929
2020/8/6 13:51:50,17.22943666,1.129552884
2020/8/6 13:53:34,11.45664403,0.899372155
2020/8/6 13:55:18,12.95084181,0.83586517
2020/8/6 13:57:01,16.85148162,1.180076987
2020/8/6 13:58:45,6.335764135,1.197798373
2020/8/6 14:00:29,18.88055355,0.94979796
2020/8/6 14:02:13,16.03692479,0.984270904
2020/8/6 14:03:56,14.276379,0.858133465
2020/8/6 14:05:40,15.10997094,1.084072317
2020/8/6 14:07:24,11.39258606,0.968733443
2020/8/6 14:09:08,13.46548486,1.121206058
2020/8/6 14:10:51,17.84806262,1.030918685
2020/8/6 14:12:35,18.47213452,0.817113524
2020/8/6 14:14:19,22.69655708,0.933981816
2020/8/6 14:16:03,14.41487777,1.123438468
2020/8/6 14:17:46,12.6887037,1.075245553
2020/8/6 14:19:30,13.14830919,1.053012779
2020/8/6 14:21:14,11.66246555,1.069001857
2020/8/6 14:22:58,14.50753276,1.04201475
2020/8/6 14:24:42,15.91272036,1.056449731
2020/8/6 14:26:25,14.68413713,1.048168442
2020/8/6 14:28:09,18.09715517,1.013371176
2020/8/6 14:29:53,14.12562282,1.10309885
2020/8/6 14:31:37,13.80497418,0.947797025
2020/8/6 14:33:20,13.12147263,0.990095335
2020/8/6 14:35:04,9.984218299,0.960579823
2020/8/6 14:36:48,10.1945506,0.883684196
2020/8/6 14:38:32,11.37499635,0.928755585
2020/8/6 14:40:15,18.83025189,0.822006031
2020/8/6 14:41:59,17.62412411,0.930211054
2020/8/6 14:43:43,19.07448637,0.956233237
2020/8/6 14:45:27,10.9630828,0.837353639
2020/8/6 14:47:10,9.062837669,0.888182052
2020/8/6 14:48:54,12.99640511,0.899816699
2020/8/6 14:50:38,15.51075981,0.890988083
2020/8/6 14:52:22,16.48496768,0.940088681
2020/8/6 14:54:05,18.13727099,0.857950442
2020/8/6 14:55:49,15.84951393,1.092600543
2020/8/6 14:57:33,20.22686363,0.937061942
2020/8/6 14:59:17,14.3320841,0.848946094
2020/8/6 15:01:01,12.26056859,1.037439913
2020/8/6 15:02:44,9.954917968,0.87185927
2020/8/6 15:04:28,12.32928645,0.823222528
2020/8/6 15:06:12,15.71904441,0.865316857
2020/8/6 15:07:56,12.32188264,0.967997925
2020/8/6 15:09:39,17.79248764,1.077403589
2020/8/6 15:11:23,19.21232546,1.056600354
2020/8/6 15:13:07,7.858530561,0.802082392
2020/8/6 15:14:51,17.55026578,1.117316261
2020/8/6 15:16:34,8.228985071,0.934275111
2020/8/6 15:18:18,16.14085589,1.071886276
2020/8/6 15:20:02,18.59840761,0.813069269
2020/8/6 15:21:46,15.10468001,0.957515297
2020/8/6 15:23:29,11.05624164,0.807844201
2020/8/6 15:25:13,13.12309808,1.126538214
2020/8/6 15:26:57,14.07742658,0.874786872
2020/8/6 15:28:41,14.29749236,1.069819163
2020/8/6 15:30:24,14.21629668,0.910826465
2020/8/6 15:32:08,14.47500044,0.854140446
2020/8/6 15:33:52,15.42365621,1.172118136
2020/8/6 15:35:36,11.13497299,1.038009846
2020/8/6 15:37:20,14.01102807,1.156252419
2020/8/6 15:39:03,19.26718578,0.922639761
2020/8/6 15:40:47,13.53270744,1.131934133
2020/8/6 15:42:31,13.32830945,1.176672933
2020/8/6 15:44:15,17.86652237,0.958073531
2020/8/6 15:45:58,6.925434239,1.16165242
2020/8/6 15:47:42,18.11713346,0.934034297
2020/8/6 15:49:26,12.64625428,0.92984
2020/8/6 15:51:10,15.00168471,1.198293069
2020/8/6 15:52:53,14.76576934,1.180964179
2020/8/6 15:54:37,17.2700963,0.891447338
2020/8/6 15:56:21,13.60478252,1.134880811
2020/8/6 15:58:05,12.33736038,0.936983151
2020/8/6 15:59:48,18.22785044,1.19169735
2020/8/6 16:01:32,7.203679806,1.139927052
2020/8/6 16:03:16,14.3181135,1.161967721
2020/8/6 16:05:00,10.17327481,1.029469405
2020/8/6 16:06:44,11.89131058,0.917660541
2020/8/6 16:08:27,20.16782933,0.879010003
2020/8/6 16:10:11,13.95736,1.011148768
2020/8/6 16:11:55,14.63251058,1.06860629
2020/8/6 16:13:39,8.657846341,1.096715454
2020/8/6 16:15:22,11.76972275,0.868153285
2020/8/6 16:17:06,14.49994954,1.014355197
2020/8/6 16:18:50,14.92708045,0.974443928
2020/8/6 16:20:34,15.66511729,0.883289684
2020/8/6 16:22:17,13.79112282,1.021184927
2020/8/6 16:24:01,15.29617568,0.910365489
2020/8/6 16:25:45,15.02558658,1.014021823
2020/8/6 16:27:29,8.123262847,0.880043738
2020/8/6 16:29:12,13.67092172,1.159977015
2020/8/6 16:30:56,15.81022146,0.93524113
2020/8/6 16:32:40,15.22196475,1.044133841
2020/8/6 16:34:24,12.30577363,0.848773195
2020/8/6 16:36:07,10.92472154,1.052006877
2020/8/6 16:37:51,9.930155226,0.908816136
2020/8/6 16:39:35,12.8346707,1.182612636
2020/8/6 16:41:19,16.56907895,0.957661706
2020/8/6 16:43:03,7.255711643,1.042962623
2020/8/6 16:44:46,11.07202481,0.886325346
2020/8/6 16:46:30,9.572173649,1.144590481
2020/8/6 16:48:14,15.28565324,1.121733167
2020/8/6 16:49:58,11.20638396,0.898254125
2020/8/6 16:51:41,11.39527853,1.164419403
2020/8/6 16:53:25,12.0935821,0.816062009
2020/8/6 16:55:09,14.01722481,1.101029248
2020/8/6 16:56:53,11.43988168,0.983147514
2020/8/6 16:58:36,3.414027089,1.134183758
2020/8/6 17:00:20,14.11721817,0.986194387
2020/8/6 17:02:04,13.73867111,0.826232838
2020/8/6 17:03:48,11.69662738,0.890618213
2020/8/6 17:05:31,9.036312411,1.197749934
2020/8/6 17:07:15,13.27641321,0.933671041
2020/8/6 17:08:59,13.29092422,0.864122087
2020/8/6 17:10:43,10.67477331,1.12233233
2020/8/6 17:12:27,11.36585704,0.818027931
2020/8/6 17:14:10,9.156302269,0.826563501
2020/8/6 17:15:54,11.34128144,0.919007512
2020/8/6 17:17:38,7.15561011,0.81896039
2020/8/6 17:19:22,12.98829251,1.198285074
2020/8/6 17:21:05,8.83227301,1.076451554
2020/8/6 17:22:49,12.30835107,1.007834576
2020/8/6 17:24:33,7.30445296,1.122066556
2020/8/6 17:26:17,9.680122137,1.06499472
2020/8/6 17:28:00,11.04644991,0.869305981
2020/8/6 17:29:44,6.323127915,0.88785352
2020/8/6 17:31:28,11.57768292,1.147077714
2020/8/6 17:33:12,10.02152792,0.934784531
2020/8/6 17:34:55,5.85836935,0.979056137
2020/8/6 17:36:39,7.101929806,0.956454285
2020/8/6 17:38:23,12.75300803,0.820811925
2020/8/6 17:40:07,13.5500919,1.081829487
2020/8/6 17:41:50,10.39327753,1.016029632
2020/8/6 17:43:34,11.9286887,1.070456033
2020/8/6 17:45:18,11.31117105,0.911292556
2020/8/6 17:47:02,11.55360073,0.962765563
2020/8/6 17:48:46,14.3476466,0.877059905
2020/8/6 17:50:29,5.893550652,0.967873053
2020/8/6 17:52:13,12.3686849,1.061396565
2020/8/6 17:53:57,9.117955406,1.177875617
2020/8/6 17:55:41,9.51582492,1.06538288
2020/8/6 17:57:24,9.206429027,1.010063892
2020/8/6 17:59:08,8.912287587,0.966546889
2020/8/6 18:00:52,6.283682487,0.842219874
2020/8/6 18:02:36,10.43683938,0.990829719
2020/8/6 18:04:19,14.82422738,0.862043237
2020/8/6 18:06:03,9.567618666,1.032874873
2020/8/6 18:07:47,9.656542173,1.092098831
2020/8/6 18:09:31,7.523557042,1.178598245
2020/8/6 18:11:14,9.157881782,0.918741147
2020/8/6 18:12:58,10.8337675,0.958762216
2020/8/6 18:14:42,8.249632316,0.873180776
2020/8/6 18:16:26,7.924184615,1.151176204
2020/8/6 18:18:10,10.42079017,1.12963089
2020/8/6 18:19:53,6.382561749,1.109983958
2020/8/6 18:21:37,9.819842099,0.822916015
2020/8/6 18:23:21,11.44930732,1.022687777
2020/8/6 18:25:05,12.99440768,0.894005425
2020/8/6 18:26:48,8.569883374,0.847874079
2020/8/6 18:28:32,12.87055242,1.11264524
2020/8/6 18:30:16,11.79800231,0.88463255
2020/8/6 18:32:00,5.633443952,1.000324679
2020/8/6 18:33:43,4.895889391,1.010438539
2020/8/6 18:35:27,7.562767377,0.885312802
2020/8/6 18:37:11,11.49276486,0.996904467
2020/8/6 18:38:55,8.117760495,0.821127959
2020/8/6 18:40:38,6.461691283,0.80002898
2020/8/6 18:42:22,12.8498314,1.152128773
2020/8/6 18:44:06,8.983664749,0.966235481
2020/8/6 18:45:50,1.091445397,1.16296792
2020/8/6 18:47:33,8.93543043,0.998522944
2020/8/6 18:49:17,9.475249888,0.972443318
2020/8/6 18:51:01,8.523608343,0.918364856
2020/8/6 18:52:45,9.128063423,0.832675575
2020/8/6 18:54:29,7.5097509,0.92387786
2020/8/6 18:56:12,3.689561924,1.043388106
2020/8/6 18:57:56,6.46634575,1.105114539
2020/8/6 18:59:40,4.67587012,1.016330207
2020/8/6 19:01:24,4.649321014,1.103302337
2020/8/6 19:03:07,3.593746275,0.863100637
2020/8/6 19:04:51,8.676422224,1.033295973
2020/8/6 19:06:35,7.549257629,1.153041291
2020/8/6 19:08:19,5.848312411,0.887184083
2020/8/6 19:10:02,5.182673375,0.891067575
2020/8/6 19:11:46,6.998950006,1.099373005
2020/8/6 19:13:30,10.24600317,1.124822714
2020/8/6 19:15:14,0.935652851,0.899218532
2020/8/6 19:16:57,8.019505615,0.932627922
2020/8/6 19:18:41,5.193024762,1.05270776
2020/8/6 19:20:25,1.118409729,0.959372685
2020/8/6 19:22:09,0.877799751,1.049604388
2020/8/6 19:23:53,3.920048453,0.998572013
2020/8/6 19:25:36,7.261178607,1.109460524
2020/8/6 19:27:20,7.72686351,1.138355459
2020/8/6 19:29:04,3.676541046,1.145530884
2020/8/6 19:30:48,9.491158422,1.044610031
2020/8/6 19:32:31,10.65646641,1.045033642
2020/8/6 19:34:15,7.524018911,0.97985876
2020/8/6 19:35:59,4.51062894,0.811045618
2020/8/6 19:37:43,9.608018433,0.919672088
2020/8/6 19:39:26,8.451729458,0.825479087
2020/8/6 19:41:10,8.73941486,0.9751141
2020/8/6 19:42:54,4.120331633,1.1397941
2020/8/6 19:44:38,-2.460520239,1.038720807
2020/8/6 19:46:21,12.34783816,1.070213039
2020/8/6 19:48:05,1.120063297,0.875203189
2020/8/6 19:49:49,5.801549503,0.90478126
2020/8/6 19:51:33,13.00817677,0.865252861
2020/8/6 19:53:16,6.815699528,1.137075505
2020/8/6 19:55:00,8.630688343,0.912125205
2020/8/6 19:56:44,1.235699333,1.024930524
2020/8/6 19:58:28,0.370797878,0.856451445
2020/8/6 20:00:12,4.067578551,0.849595563
2020/8/6 20:01:55,8.900811479,0.939033345
2020/8/6 20:03:39,4.553684901,0.932141263
2020/8/6 20:05:23,3.173399098,0.931541294
2020/8/6 20:07:07,6.117096596,1.040373115
2020/8/6 20:08:50,8.735906663,0.926396062
2020/8/6 20:10:34,1.123213848,1.107494348
2020/8/6 20:12:18,1.795373358,0.836268307
2020/8/6 20:14:02,3.031003999,0.929914343
2020/8/6 20:15:45,8.651984664,1.067677251
2020/8/6 20:17:29,6.044646844,1.041172844
2020/8/6 20:19:13,11.70981652,0.847806247
2020/8/6 20:20:57,8.096934905,0.975789397
2020/8/6 20:22:40,5.157626909,0.923688585
2020/8/6 20:24:24,9.034539564,1.052748173
2020/8/6 20:26:08,5.851274973,0.851948112
2020/8/6 20:27:52,3.080587166,1.068226369
2020/8/6 20:29:36,7.214937331,0.985533013
2020/8/6 20:31:19,3.06679333,0.909955995
2020/8/6 20:33:03,4.266445782,1.098977597
2020/8/6 20:34:47,9.103956396,0.875163942
2020/8/6 20:36:31,4.800846382,0.860895175
2020/8/6 20:38:14,2.680464146,0.806142375
2020/8/6 20:39:58,3.683191006,1.144520143
2020/8/6 20:41:42,8.129013031,0.996946216
2020/8/6 20:43:26,3.394580732,1.006686244
2020/8/6 20:45:09,3.881278579,0.845905047
2020/8/6 20:46:53,3.501830505,0.843110454
2020/8/6 20:48:37,5.576434139,0.933513362
2020/8/6 20:50:21,3.86127047,1.006492258
2020/8/6 20:52:04,0.206448437,1.080348888
2020/8/6 20:53:48,2.345766646,0.999708143
2020/8/6 20:55:32,2.205432348,1.132623372
2020/8/6 20:57:16,8.731385539,0.950956933
2020/8/6 20:58:59,7.438215879,0.811235197
2020/8/6 21:00:43,6.761876992,0.97046091
2020/8/6 21:02:27,3.485067759,0.834001052
2020/8/6 21:04:11,2.555950459,0.928821771
2020/8/6 21:05:55,3.484092675,1.194061873
2020/8/6 21:07:38,1.855462833,1.142941703
2020/8/6 21:09:22,12.50829822,0.894582285
2020/8/6 21:11:06,-1.712539011,0.950384973
2020/8/6 21:12:50,6.723313867,0.972466052
2020/8/6 21:14:33,1.186625347,1.105547351
2020/8/6 21:16:17,4.73737535,0.813382851
2020/8/6 21:18:01,2.097650878,0.815449108
2020/8/6 21:19:45,1.541145435,0.846847147
2020/8/6 21:21:28,1.666940953,1.051329993
2020/8/6 21:23:12,10.36710469,0.965818647
2020/8/6 21:24:56,4.718912855,1.139570252
2020/8/6 21:26:40,2.837615359,0.913623156
2020/8/6 21:28:23,6.82003475,0.995700812
2020/8/6 21:30:07,5.202777723,1.082714289
2020/8/6 21:31:51,7.351986644,1.018080479
2020/8/6 21:33:35,-0.25963394,0.926719991
2020/8/6 21:35:18,6.146288639,0.861017107
2020/8/6 21:37:02,7.576987481,1.016241367
2020/8/6 21:38:46,0.298613952,0.856862601
2020/8/6 21:40:30,6.653574765,1.175721784
2020/8/6 21:42:14,10.42418212,1.015956244
2020/8/6 21:43:57,5.318775116,0.869966122
2020/8/6 21:45:41,7.856332886,1.088257019
2020/8/6 21:47:25,7.433642746,0.841418878
2020/8/6 21:49:09,3.330273304,1.108657916
2020/8/6 21:50:52,5.603985254,0.982915644
2020/8/6 21:52:36,0.81662396,0.853064782
2020/8/6 21:54:20,4.197642914,0.814884415
2020/8/6 21:56:04,6.383573041,1.197351197
2020/8/6 21:57:47,7.791772887,0.909747316
2020/8/6 21:59:31,5.733267077,1.180899449
2020/8/6 22:01:15,7.857329776,1.000734535
2020/8/6 22:02:59,2.427587778,1.001206154
2020/8/6 22:04:42,5.471113504,0.836427887
2020/8/6 22:06:26,5.874904385,1.180282328
2020/8/6 22:08:10,11.40765356,1.093158346
2020/8/6 22:09:54,5.259136609,1.007491135
2020/8/6 22:11:38,4.448276843,0.848102856
2020/8/6 22:13:21,6.053994083,0.870270628
2020/8/6 22:15:05,3.278127045,0.972866642
2020/8/6 22:16:49,6.660158839,0.944903528
2020/8/6 22:18:33,5.034053925,1.023255203
2020/8/6 22:20:16,0.803440805,0.83053759
2020/8/6 22:22:00,6.050738284,0.816138408
2020/8/6 22:23:44,5.32380258,1.004441235
2020/8/6 22:25:28,1.429943944,0.811400552
2020/8/6 22:27:11,6.177429872,0.823820782
2020/8/6 22:28:55,10.89934345,0.950536583
2020/8/6 22:30:39,8.048442832,0.824711628
2020/8/6 22:32:23,8.374369857,0.954187851
2020/8/6 22:34:06,2.56894315,0.896700206
2020/8/6 22:35:50,8.079749346,0.875108119
2020/8/6 22:37:34,7.150787093,0.961871933
2020/8/6 22:39:18,8.349708528,0.847961562
2020/8/6 22:41:01,8.088330485,0.939855747
2020/8/6 22:42:45,2.799698412,0.973949452
2020/8/6 22:44:29,6.814144938,1.132001179
2020/8/6 22:46:13,4.724738884,1.173122473
2020/8/6 22:47:57,6.908786918,0.923335374
2020/8/6 22:49:40,4.428193976,0.91705682
2020/8/6 22:51:24,11.11982126,1.02660731
2020/8/6 22:53:08,4.668148117,0.854965771
2020/8/6 22:54:52,4.611521388,0.939884874
2020/8/6 22:56:35,7.596002692,0.821286552
2020/8/6 22:58:19,4.205440365,0.951627258
2020/8/6 23:00:03,6.227825564,0.845660538
2020/8/6 23:01:47,5.077568552,1.024725165
2020/8/6 23:03:30,11.86717943,1.056637494
2020/8/6 23:05:14,10.05781457,1.194836615
2020/8/6 23:06:58,7.595258123,0.878055465
2020/8/6 23:08:42,6.661787539,0.88288086
2020/8/6 23:10:25,10.72645655,1.178967807
2020/8/6 23:12:09,9.188058396,1.145856335
2020/8/6 23:13:53,9.535807607,1.04642162
2020/8/6 23:15:37,8.032723945,1.136562895
2020/8/6 23:17:21,3.116690999,0.883876858
2020/8/6 23:19:04,7.914477761,1.149611529
2020/8/6 23:20:48,6.725298722,1.146923004
2020/8/6 23:22:32,10.32920907,0.899244899
2020/8/6 23:24:16,11.50121108,1.003349326
2020/8/6 23:25:59,6.563820636,1.171909706
2020/8/6 23:27:43,10.01515251,1.071659998
2020/8/6 23:29:27,13.89027342,1.064207642
2020/8/6 23:31:11,6.752437922,1.02390584
2020/8/6 23:32:54,13.87456438,0.907532626
2020/8/6 23:34:38,6.344531451,1.191366149
2020/8/6 23:36:22,9.044908098,0.979003858
2020/8/6 23:38:06,9.016565048,0.924580039
2020/8/6 23:39:49,9.158688004,1.091432284
2020/8/6 23:41:33,6.68554607,1.043081925
2020/8/6 23:43:17,7.499602303,0.936896523
2020/8/6 23:45:01,7.344727718,0.921516636
2020/8/6 23:46:44,10.40366185,0.885802674
2020/8/6 23:48:28,10.48789636,0.831394575
2020/8/6 23:50:12,16.25075534,1.050284363
2020/8/6 23:51:56,13.76111797,1.002277455
2020/8/6 23:53:40,8.193929958,0.893939364
2020/8/6 23:55:23,10.77344025,0.82204981
2020/8/6 23:57:07,12.86560289,0.807560427
2020/8/6 23:58:51,10.04150059,1.095398372
2020/8/7 0:00:35,9.816228022,0.875301276
2020/8/7 0:02:18,10.25532949,0.906657448
2020/8/7 0:04:02,12.77786354,0.805644878
2020/8/7 0:05:46,7.706460991,0.860255622
2020/8/7 0:07:30,9.349745791,1.149778287
2020/8/7 0:09:13,11.81331085,0.896824334
2020/8/7 0:10:57,11.41151829,1.181583279
2020/8/7 0:12:41,11.27098233,0.865738735
2020/8/7 0:14:25,9.517761756,0.901304583
2020/8/7 0:16:08,13.61956099,1.147083987
2020/8/7 0:17:52,17.17818685,0.970643335
2020/8/7 0:19:36,12.07028021,0.907131576
2020/8/7 0:21:20,10.34576141,1.077125505
2020/8/7 0:23:04,13.26655943,0.820491362
2020/8/7 0:24:47,9.455760102,1.156242071
2020/8/7 0:26:31,8.897662005,1.136624618
2020/8/7 0:28:15,11.31847313,0.834318814
2020/8/7 0:29:59,3.544692973,1.119447499
2020/8/7 0:31:42,7.903973254,1.184468177
2020/8/7 0:33:26,10.39436918,0.996827848
2020/8/7 0:35:10,7.450190998,1.02726134
2020/8/7 0:36:54,8.484187103,1.071918696
2020/8/7 0:38:37,10.3432699,0.906690777
2020/8/7 0:40:21,6.79564093,1.059864504
2020/8/7 0:42:05,10.57695055,0.989947
2020/8/7 0:43:49,10.25957572,0.962216722
2020/8/7 0:45:32,12.01139725,1.161120624
2020/8/7 0:47:16,15.46708839,1.119161244
2020/8/7 0:49:00,12.59094767,1.173843051
2020/8/7 0:50:44,12.20504638,1.13466073
2020/8/7 0:52:27,12.50816175,0.81672424
2020/8/7 0:54:11,12.95941148,1.042611756
2020/8/7 0:55:55,9.293933331,1.079054753
2020/8/7 0:57:39,12.06620553,1.06594299
2020/8/7 0:59:23,13.40261845,0.908782574
2020/8/7 1:01:06,8.429353984,0.970252141
2020/8/7 1:02:50,15.20328304,0.815611655
2020/8/7 1:04:34,15.91454911,0.837637651
2020/8/7 1:06:18,10.83978157,1.02420476
2020/8/7 1:08:01,12.07276203,1.032964706
2020/8/7 1:09:45,10.22443326,0.880491716
2020/8/7 1:11:29,15.01872347,0.979281089
2020/8/7 1:13:13,9.797827708,0.988830904
2020/8/7 1:14:56,12.37429704,0.804534711
2020/8/7 1:16:40,10.52450908,0.857008313
2020/8/7 1:18:24,13.31296603,1.049720023
2020/8/7 1:20:08,7.83553005,1.197128043
2020/8/7 1:21:51,17.25498449,1.060156699
2020/8/7 1:23:35,10.43841595,0.848086667
2020/8/7 1:25:19,13.567796,1.128576119
2020/8/7 1:27:03,12.80564789,0.972615088
2020/8/7 1:28:47,11.21119434,0.833480084
2020/8/7 1:30:30,10.88772173,1.039929833
2020/8/7 1:32:14,16.41297327,0.891218439
2020/8/7 1:33:58,12.07875058,0.966712699
2020/8/7 1:35:42,14.52024502,0.9273177
2020/8/7 1:37:25,11.3524617,1.057141579
2020/8/7 1:39:09,11.86477028,0.972413869
2020/8/7 1:40:53,15.27155133,0.841592837
2020/8/7 1:42:37,16.69365273,0.886270226
2020/8/7 1:44:20,13.42320659,1.000178109
2020/8/7 1:46:04,9.729225289,1.115673691
2020/8/7 1:47:48,20.03377238,0.803897306
2020/8/7 1:49:32,11.51425533,1.044970914
2020/8/7 1:51:15,9.502210046,0.846352703
2020/8/7 1:52:59,21.95237506,1.04161977
2020/8/7 1:54:43,12.99818392,1.134723054
2020/8/7 1:56:27,9.865303335,0.891393187
2020/8/7 1:58:10,12.23943462,0.998205901
2020/8/7 1:59:54,15.43066411,1.10962117
2020/8/7 2:01:38,14.93625387,0.870230992
2020/8/7 2:03:22,11.84642715,0.861024457
2020/8/7 2:05:06,19.9050786,1.162018347
2020/8/7 2:06:49,12.90645128,1.077858661
2020/8/7 2:08:33,10.95039473,1.094629345
2020/8/7 2:10:17,17.41877297,1.137587451
2020/8/7 2:12:01,18.55508632,1.015770312
2020/8/7 2:13:44,12.14558314,0.9953622
2020/8/7 2:15:28,10.42313796,1.022502941
2020/8/7 2:17:12,17.74655819,1.086807188
2020/8/7 2:18:56,8.540275836,0.956374922
2020/8/7 2:20:39,11.02831858,0.838067299
2020/8/7 2:22:23,17.63538657,0.854238754
2020/8/7 2:24:07,14.59077706,1.189561183
2020/8/7 2:25:51,13.98772585,0.820687065
2020/8/7 2:27:34,15.85960234,1.084647735
2020/8/7 2:29:18,14.36335038,1.177472611
2020/8/7 2:31:02,10.94503646,0.851703819
2020/8/7 2:32:46,18.68764305,1.088905751
2020/8/7 2:34:29,18.85167279,0.920982639
2020/8/7 2:36:13,15.50873127,0.894786007
2020/8/7 2:37:57,15.04312422,1.141049043
2020/8/7 2:39:41,21.94046743,1.163741477
2020/8/7 2:41:25,14.10504439,0.938820204
2020/8/7 2:43:08,14.16723807,1.053059015
2020/8/7 2:44:52,16.04991238,0.870375054
2020/8/7 2:46:36,19.37980526,1.115903775
2020/8/7 2:48:20,19.75239141,1.152495955
2020/8/7 2:50:03,14.20546813,0.927468941
2020/8/7 2:51:47,15.91215215,1.061186794
2020/8/7 2:53:31,10.85774455,1.150567079
2020/8/7 2:55:15,14.05976621,0.806149962
2020/8/7 2:56:58,12.47738513,1.142294105
2020/8/7 2:58:42,11.97918446,1.028845738
2020/8/7 3:00:26,20.04469456,0.965606154
2020/8/7 3:02:10,12.62225035,1.009046339
2020/8/7 3:03:53,13.40229997,1.129624803
2020/8/7 3:05:37,16.09153328,1.08885182
2020/8/7 3:07:21,18.88319454,1.00050594
2020/8/7 3:09:05,16.4276595,0.99506093
2020/8/7 3:10:49,23.25583964,1.159703085
2020/8/7 3:12:32,14.74609683,0.892936881
2020/8/7 3:14:16,15.73744458,0.838280678
2020/8/7 3:16:00,15.77816181,1.071455247
2020/8/7 3:17:44,19.24544478,1.080884685
2020/8/7 3:19:27,16.44982512,1.027354411
2020/8/7 3:21:11,14.56610842,0.905014618
2020/8/7 3:22:55,12.05790161,0.918381224
2020/8/7 3:24:39,15.61815155,1.046817292
2020/8/7 3:26:22,19.07219691,0.909183337
2020/8/7 3:28:06,13.61924953,0.999848485
2020/8/7 3:29:50,16.41835355,0.93282974
2020/8/7 3:31:34,15.54999344,1.00417527
2020/8/7 3:33:17,17.38104057,0.89174556
2020/8/7 3:35:01,12.35406083,0.879224191
2020/8/7 3:36:45,21.7850176,1.093599336
2020/8/7 3:38:29,10.88326692,0.954291015
2020/8/7 3:40:12,13.59869552,0.893026476
2020/8/7 3:41:56,17.48315558,1.143368161
2020/8/7 3:43:40,15.53154327,0.960680191
2020/8/7 3:45:24,17.10271094,0.846348066
2020/8/7 3:47:08,13.09480358,1.083219186
2020/8/7 3:48:51,14.32800994,0.911988796
2020/8/7 3:50:35,14.55739829,1.026096898
2020/8/7 3:52:19,19.19572902,1.049477216
2020/8/7 3:54:03,16.52546294,1.185029748
2020/8/7 3:55:46,16.80940341,0.87644048
2020/8/7 3:57:30,12.40981349,0.913668823
2020/8/7 3:59:14,17.25344598,1.172887933
2020/8/7 4:00:58,14.98575934,1.087317163
2020/8/7 4:02:41,18.43768518,0.979732399
2020/8/7 4:04:25,20.27269201,1.093909359
2020/8/7 4:06:09,13.269513,0.965354049
2020/8/7 4:07:53,12.92924547,0.964020609
2020/8/7 4:09:36,11.51341966,0.862566702
2020/8/7 4:11:20,13.63128081,1.008819299
2020/8/7 4:13:04,12.87148255,0.905065766
2020/8/7 4:14:48,15.05069663,1.053437374
2020/8/7 4:16:32,13.49220283,0.959442473
2020/8/7 4:18:15,12.79393115,1.141488413
2020/8/7 4:19:59,17.0244267,1.108545036
2020/8/7 4:21:43,10.96810044,0.859173293
2020/8/7 4:23:27,15.03127352,1.036436785
2020/8/7 4:25:10,12.46348304,1.085496248
2020/8/7 4:26:54,15.80293385,1.005776365
2020/8/7 4:28:38,17.73330638,0.845578913
2020/8/7 4:30:22,12.61510559,1.001298958
2020/8/7 4:32:05,14.79357497,0.973159596
2020/8/7 4:33:49,13.95214033,0.930301774
2020/8/7 4:35:33,10.96200206,1.033014229
2020/8/7 4:37:17,14.02637399,0.929948933
2020/8/7 4:39:00,14.11436267,0.894222675
2020/8/7 4:40:44,14.42786379,1.09436051
2020/8/7 4:42:28,12.53557844,0.885348409
2020/8/7 4:44:12,13.35416278,1.122115302
2020/8/7 4:45:55,9.568864228,1.191664402
2020/8/7 4:47:39,11.87678009,0.976495487
2020/8/7 4:49:23,14.55776347,1.124956954
2020/8/7 4:51:07,15.50539202,0.867347091
2020/8/7 4:52:51,11.49847673,1.118921401
2020/8/7 4:54:34,13.01638429,1.184986863
2020/8/7 4:56:18,13.32260773,1.006809358
2020/8/7 4:58:02,13.17849222,0.902287922
2020/8/7 4:59:46,14.13139152,0.864330507
2020/8/7 5:01:29,6.989284789,1.166650732
2020/8/7 5:03:13,12.22943587,0.929829015
2020/8/7 5:04:57,13.02785781,0.998801492
2020/8/7 5:06:41,9.242588596,0.97337262
2020/8/7 5:08:24,17.19784842,0.974086208
2020/8/7 5:10:08,12.59238518,1.106103304
2020/8/7 5:11:52,16.72925765,1.174063328
2020/8/7 5:13:36,9.598345982,1.054709871
2020/8/7 5:15:19,9.178437658,1.182855289
2020/8/7 5:17:03,12.50308485,0.876177867
2020/8/7 5:18:47,6.723836391,1.025574911
2020/8/7 5:20:31,12.33397072,1.074202794
2020/8/7 5:22:15,11.90951941,1.085990532
2020/8/7 5:23:58,14.59327686,1.10233898
2020/8/7 5:25:42,13.57747216,0.933260041
2020/8/7 5:27:26,10.14964741,1.152877832
2020/8/7 5:29:10,8.037001495,0.852682225
2020/8/7 5:30:53,16.39351632,0.911414286
2020/8/7 5:32:37,8.807078596,0.9874856
2020/8/7 5:34:21,7.973403455,1.036799237
2020/8/7 5:36:05,7.781709614,0.918113673
2020/8/7 5:37:48,14.31425839,1.163130258
2020/8/7 5:39:32,9.331487295,0.980738733
2020/8/7 5:41:16,8.552717688,0.840134934
2020/8/7 5:43:00,11.15235839,1.127620706
2020/8/7 5:44:43,10.04374423,1.186181558
2020/8/7 5:46:27,8.55543006,0.93853106
2020/8/7 5:48:11,12.77669462,1.021857434
2020/8/7 5:49:55,13.63555324,1.033228241
2020/8/7 5:51:38,13.32034571,1.120648368
2020/8/7 5:53:22,12.58985562,0.86073531
2020/8/7 5:55:06,11.42161079,1.136501626
2020/8/7 5:56:50,4.8106591,1.088643801
2020/8/7 5:58:34,15.07063292,0.813968038
2020/8/7 6:00:17,10.89339121,1.026766069
2020/8/7 6:02:01,11.73643881,0.811213507
2020/8/7 6:03:45,13.18142249,0.998575979
2020/8/7 6:05:29,14.06119625,1.039765247
2020/8/7 6:07:12,10.9409904,1.053951882
2020/8/7 6:08:56,10.91716404,1.170751467
2020/8/7 6:10:40,7.737670619,0.918822808
2020/8/7 6:12:24,9.559536425,1.137826344
2020/8/7 6:14:07,6.822830037,0.980888485
2020/8/7 6:15:51,7.15067887,1.066775944
2020/8/7 6:17:35,6.555120943,1.123177369
2020/8/7 6:19:19,8.693290201,1.089616466
2020/8/7 6:21:02,12.23435017,1.118200236
2020/8/7 6:22:46,18.52591158,1.054427803
2020/8/7 6:24:30,9.507627621,1.120312244
2020/8/7 6:26:14,4.820272517,1.163605391
2020/8/7 6:27:58,12.58710323,1.161767537
2020/8/7 6:29:41,7.816718158,0.931155288
2020/8/7 6:31:25,6.664452296,1.188789131
2020/8/7 6:33:09,9.203343119,0.823066799
2020/8/7 6:34:53,4.779762321,1.046561077
2020/8/7 6:36:36,9.097208307,0.998089823
2020/8/7 6:38:20,8.093232558,0.892190428
2020/8/7 6:40:04,8.582407053,1.014059219
2020/8/7 6:41:48,9.360826384,0.826381864
2020/8/7 6:43:31,8.348764866,1.021485663
2020/8/7 6:45:15,8.125435013,1.141786177
2020/8/7 6:46:59,8.859935091,0.856388965
2020/8/7 6:48:43,9.184218104,0.930140875
2020/8/7 6:50:26,4.775063164,1.052449308
2020/8/7 6:52:10,3.51151632,0.943720511
2020/8/7 6:53:54,7.549056213,0.966001211
2020/8/7 6:55:38,3.368760274,0.935380359
2020/8/7 6:57:21,7.863088893,0.993067958
2020/8/7 6:59:05,10.35080934,0.949278381
2020/8/7 7:00:49,9.290539486,0.857699329
2020/8/7 7:02:33,4.259905406,0.879525118
2020/8/7 7:04:17,4.759432585,0.831698636
2020/8/7 7:06:00,8.261532921,0.987062827
2020/8/7 7:07:44,6.009764978,1.138161574
2020/8/7 7:09:28,6.201356471,0.836220433
2020/8/7 7:11:12,8.880354565,1.063490199
2020/8/7 7:12:55,4.066750658,0.968089264
2020/8/7 7:14:39,5.764558976,1.148552409
2020/8/7 7:16:23,4.508358541,0.945325418
2020/8/7 7:18:07,3.72026442,1.077777355
2020/8/7 7:19:50,4.220182803,0.959644891
2020/8/7 7:21:34,8.766299104,1.016779376
2020/8/7 7:23:18,6.832612861,1.109978257
2020/8/7 7:25:02,3.983665701,1.187142833
2020/8/7 7:26:45,5.872608212,0.853954979
2020/8/7 7:28:29,1.595038693,1.011638824
2020/8/7 7:30:13,4.257864306,0.852907457
2020/8/7 7:31:57,12.8536752,0.812201488
2020/8/7 7:33:40,6.082187712,1.099180248
2020/8/7 7:35:24,8.496694347,1.193308528
2020/8/7 7:37:08,6.054893051,1.038161313
2020/8/7 7:38:52,7.246360266,0.828973058
2020/8/7 7:40:36,8.142986264,0.824691192
2020/8/7 7:42:19,2.791597763,0.925818945
2020/8/7 7:44:03,5.965761352,0.952353624
2020/8/7 7:45:47,10.74918596,0.801546594
2020/8/7 7:47:31,3.58101713,1.137073161
2020/8/7 7:49:14,4.224046045,0.987431907
2020/8/7 7:50:58,4.957067076,1.198283073
2020/8/7 7:52:42,6.644926751,1.153658774
2020/8/7 7:54:26,7.371269698,1.000310523
2020/8/7 7:56:09,9.558370014,1.050823251
2020/8/7 7:57:53,7.215215257,0.9258208
2020/8/7 7:59:37,5.492122227,0.921342442
2020/8/7 8:01:21,9.418328337,0.852081985
2020/8/7 8:03:04,7.716698184,1.018160087
2020/8/7 8:04:48,1.081865869,0.832668506
2020/8/7 8:06:32,13.11355765,0.978743864
2020/8/7 8:08:16,10.81078265,0.928689768
2020/8/7 8:10:00,4.963966047,1.116213334
2020/8/7 8:11:43,6.5709613,0.952578246
2020/8/7 8:13:27,9.37996872,1.160598121
2020/8/7 8:15:11,4.860997674,0.875812172
2020/8/7 8:16:55,7.540415782,1.17221863
2020/8/7 8:18:38,8.6359154,1.037314658
2020/8/7 8:20:22,2.251587225,0.848096641
2020/8/7 8:22:06,3.464025703,1.000860068
2020/8/7 8:23:50,8.011279825,0.907167275
2020/8/7 8:25:33,6.606613941,1.099614599
2020/8/7 8:27:17,7.97376379,1.060523776
2020/8/7 8:29:01,4.783966351,0.825094605
2020/8/7 8:30:45,4.29504845,0.967018488
2020/8/7 8:32:28,-0.852358789,1.154854481
2020/8/7 8:34:12,1.688159995,0.963130797
2020/8/7 8:35:56,5.25107124,1.097452225
2020/8/7 8:37:40,7.568370049,0.845353028
2020/8/7 8:39:23,6.674176135,1.146766651
2020/8/7 8:41:07,4.68297817,1.000972705
2020/8/7 8:42:51,4.240575807,1.179028867
2020/8/7 8:44:35,5.696741868,1.014928469
2020/8/7 8:46:19,5.27027746,1.107690274
2020/8/7 8:48:02,9.240852068,1.188845558
2020/8/7 8:49:46,5.459242021,1.091738804
2020/8/7 8:51:30,0.570020251,1.030909335
2020/8/7 8:53:14,1.191057804,0.946683256
2020/8/7 8:54:57,9.561121082,0.817010035
2020/8/7 8:56:41,1.488610224,0.973018284
2020/8/7 8:58:25,7.293970806,0.964992183
2020/8/7 9:00:09,4.194885749,1.129224903
2020/8/7 9:01:52,4.491393357,0.875701082
2020/8/7 9:03:36,4.600072802,1.097057941
2020/8/7 9:05:20,8.669567155,0.815025445
2020/8/7 9:07:04,4.430965463,1.154546131
2020/8/7 9:08:47,4.914748388,1.067177038
2020/8/7 9:10:31,0.428646461,0.968977515
2020/8/7 9:12:15,5.648613188,0.906203089
2020/8/7 9:13:59,6.630286151,0.873760416
2020/8/7 9:15:43,5.764342664,1.034258054
2020/8/7 9:17:26,9.251470093,0.96409547
2020/8/7 9:19:10,5.235296379,1.097209157
2020/8/7 9:20:54,5.979838573,1.162709821
2020/8/7 9:22:38,10.04266202,0.918260618
2020/8/7 9:24:21,0.46246786,1.059960143
2020/8/7 9:26:05,3.761507976,0.969088877
2020/8/7 9:27:49,9.425043268,0.817095597
2020/8/7 9:29:33,7.973642846,1.046173069
2020/8/7 9:31:16,7.220185227,0.945481026
2020/8/7 9:33:00,7.703883311,0.805490418
2020/8/7 9:34:44,6.209107759,0.988911992
2020/8/7 9:36:28,10.14576632,0.83666756
2020/8/7 9:38:11,6.408398076,1.051267863
2020/8/7 9:39:55,6.019944529,1.010598546
2020/8/7 9:41:39,5.803512252,1.000139497
2020/8/7 9:43:23,5.932585499,1.174751683
2020/8/7 9:45:06,1.911357347,1.152170951
2020/8/7 9:46:50,7.723895592,1.085573587
2020/8/7 9:48:34,5.051069437,1.031016284
2020/8/7 9:50:18,10.93968416,0.900947725
2020/8/7 9:52:02,5.279568526,0.803265107
2020/8/7 9:53:45,6.802879274,0.847853896
2020/8/7 9:55:29,6.314551225,0.928117692
2020/8/7 9:57:13,3.733701683,0.878691138
2020/8/7 9:58:57,8.623411158,1.028001529
2020/8/7 10:00:40,11.3998109,1.013979927
2020/8/7 10:02:24,5.678890474,0.955916578
2020/8/7 10:04:08,4.861361992,1.12021781
2020/8/7 10:05:52,4.738253419,1.092462858
2020/8/7 10:07:35,0.167751009,1.075153146
2020/8/7 10:09:19,5.353840695,1.001070099
2020/8/7 10:11:03,6.683654608,0.817378092
2020/8/7 10:12:47,9.139240983,0.971211092
2020/8/7 10:14:30,8.900334103,0.999672734
2020/8/7 10:16:14,4.816823729,0.979139039
2020/8/7 10:17:58,5.282878005,0.801789851
2020/8/7 10:19:42,9.532974127,1.060971544
2020/8/7 10:21:26,5.689652035,0.90295711
2020/8/7 10:23:09,4.729603806,0.81786353
2020/8/7 10:24:53,10.48774835,1.001387444
2020/8/7 10:26:37,9.474290952,1.168218953
2020/8/7 10:28:21,6.470078958,0.811776113
2020/8/7 10:30:04,4.68535767,0.805496637
2020/8/7 10:31:48,0.484840217,1.035099235
2020/8/7 10:33:32,8.344175633,1.017194495
2020/8/7 10:35:16,3.941319339,0.806282539
2020/8/7 10:36:59,0.798363608,0.8412275
2020/8/7 10:38:43,11.497907,1.134557857
2020/8/7 10:40:27,8.744976274,0.981055379
2020/8/7 10:42:11,3.442404377,0.849754907
2020/8/7 10:43:54,3.275296147,0.862368194
2020/8/7 10:45:38,9.591158809,1.044569094
2020/8/7 10:47:22,4.404822996,0.931466398
2020/8/7 10:49:06,10.98832028,0.810282093
2020/8/7 10:50:49,9.01104496,1.054407398
2020/8/7 10:52:33,8.833899378,0.81294117
2020/8/7 10:54:17,8.501271203,0.844111979
2020/8/7 10:56:01,7.92523033,0.863507299
2020/8/7 10:57:45,10.05670754,0.857311165
2020/8/7 10:59:28,6.117817797,1.104625179
2020/8/7 11:01:12,7.803373675,0.837378182
2020/8/7 11:02:56,9.86737541,0.859456637
2020/8/7 11:04:40,9.367066681,0.978806228
2020/8/7 11:06:23,4.160227815,0.856033476
2020/8/7 11:08:07,6.31156348,1.098774411
2020/8/7 11:09:51,8.639305398,0.99509834
2020/8/7 11:11:35,6.725435793,1.151857358
2020/8/7 11:13:18,13.34250766,0.81524635
2020/8/7 11:15:02,6.908575737,1.142079355
2020/8/7 11:16:46,7.671318785,0.861524382
2020/8/7 11:18:30,10.536623,1.170253894
2020/8/7 11:20:13,9.290692542,0.930416444
2020/8/7 11:21:57,7.934420177,1.004313215
2020/8/7 11:23:41,6.172283385,0.809477631
2020/8/7 11:25:25,9.418181464,1.091655564
2020/8/7 11:27:09,11.70314246,0.885508514
2020/8/7 11:28:52,10.09567474,1.166646697
2020/8/7 11:30:36,6.396679987,1.064714818
2020/8/7 11:32:20,14.01468588,0.913447658
2020/8/7 11:34:04,4.538030106,0.904363436
2020/8/7 11:35:47,4.203365216,0.868191685
2020/8/7 11:37:31,11.906991,1.120748201
2020/8/7 11:39:15,9.776959935,0.9753907
2020/8/7 11:40:59,7.525267141,0.910778245
2020/8/7 11:42:42,5.952563059,1.181127805
2020/8/7 11:44:26,16.28535843,1.120896333
2020/8/7 11:46:10,9.7490694,1.034521204
2020/8/7 11:47:54,11.07537532,1.120979462
2020/8/7 11:49:37,10.50152221,0.848050698
2020/8/7 11:51:21,10.92748887,1.068865511
2020/8/7 11:53:05,11.31863231,0.92966063
2020/8/7 11:54:49,11.97097359,1.075003589
2020/8/7 11:56:32,8.723438531,1.184662852
2020/8/7 11:58:16,9.049618315,1.112143836
2020/8/7 12:00:00,4.776931575,1.026223535
2020/8/7 12:01:44,7.734542507,1.098213283
2020/8/7 12:03:28,10.96423266,0.987332667
2020/8/7 12:05:11,13.36136857,0.911978071
2020/8/7 12:06:55,12.09876965,0.816253616
2020/8/7 12:08:39,9.354857972,1.070881218
2020/8/7 12:10:23,6.662614349,0.857036574
2020/8/7 12:12:06,2.195150754,0.983739184
2020/8/7 12:13:50,14.05740514,1.066701817
2020/8/7 12:15:34,8.909354128,1.156517602
2020/8/7 12:17:18,9.40632974,1.043745455
2020/8/7 12:19:01,11.22095912,0.887089872
2020/8/7 12:20:45,6.683881359,0.989622262
2020/8/7 12:22:29,9.925334134,1.067048028
2020/8/7 12:24:13,17.11899371,0.878127009
2020/8/7 12:25:56,12.63839704,1.092868718
2020/8/7 12:27:40,12.27338646,1.105529695
2020/8/7 12:29:24,6.521286014,1.009011743
2020/8/7 12:31:08,18.07241662,1.143520496
2020/8/7 12:32:51,7.145762136,0.889895935
2020/8/7 12:34:35,17.25333497,1.015094997
2020/8/7 12:36:19,5.213067983,1.157665674
2020/8/7 12:38:03,15.84585277,1.081660604
2020/8/7 12:39:47,16.55506849,1.122749725
2020/8/7 12:41:30,9.29844017,0.888837209
2020/8/7 12:43:14,13.10976699,1.029112233
2020/8/7 12:44:58,13.5544064,0.929617086
2020/8/7 12:46:42,9.540084575,1.063566573
2020/8/7 12:48:25,7.703167248,1.009043859
2020/8/7 12:50:09,8.165953089,1.050195522
2020/8/7 12:51:53,13.81023218,1.04706801
2020/8/7 12:53:37,11.99946496,1.094574328
2020/8/7 12:55:20,10.62899937,1.119552915
2020/8/7 12:57:04,15.28876839,0.824751107
2020/8/7 12:58:48,13.97868597,1.17935074
2020/8/7 13:00:32,10.25355294,0.962577965
2020/8/7 13:02:15,8.981221498,0.868038805
2020/8/7 13:03:59,14.2189075,1.168792047
2020/8/7 13:05:43,11.10006506,1.113596566
2020/8/7 13:07:27,13.07350477,0.968141524
2020/8/7 13:09:11,17.5672299,1.039965806
2020/8/7 13:10:54,14.40711405,0.890478905
2020/8/7 13:12:38,10.37446416,0.965252131
2020/8/7 13:14:22,13.50371011,0.960375986
2020/8/7 13:16:06,10.22356485,1.101616176
2020/8/7 13:17:49,17.96613751,0.972689198
2020/8/7 13:19:33,11.51419085,1.101948515
2020/8/7 13:21:17,13.87836682,1.116031771
2020/8/7 13:23:01,14.23663809,0.954247945
2020/8/7 13:24:44,13.8473229,0.976025333
2020/8/7 13:26:28,7.549288318,1.008286398
2020/8/7 13:28:12,9.140255633,0.801404278
2020/8/7 13:29:56,12.17625916,0.878022
2020/8/7 13:31:39,14.54459192,1.138854859
2020/8/7 13:33:23,13.22512841,1.104376121
2020/8/7 13:35:07,10.81836458,0.830860632
2020/8/7 13:36:51,9.695034617,1.053959066
2020/8/7 13:38:34,12.58528364,0.808294141
2020/8/7 13:40:18,12.43331366,1.013681468
2020/8/7 13:42:02,15.42516238,0.864592651
2020/8/7 13:43:46,12.95472364,1.141380939
2020/8/7 13:45:30,15.78793209,1.045926089
2020/8/7 13:47:13,12.24108348,0.825592905
2020/8/7 13:48:57,13.30146673,1.056501544
2020/8/7 13:50:41,13.06858073,1.156879284
2020/8/7 13:52:25,11.80806241,1.093482561
2020/8/7 13:54:08,16.07201636,0.846080923
2020/8/7 13:55:52,11.79641366,1.066037306
2020/8/7 13:57:36,12.71185334,1.044281072
2020/8/7 13:59:20,14.09602109,1.052540746
2020/8/7 14:01:03,10.46086036,1.118064852
2020/8/7 14:02:47,13.41482234,0.921767656
2020/8/7 14:04:31,12.29133625,0.942187411
2020/8/7 14:06:15,13.295413,0.880726455
2020/8/7 14:07:58,14.31369605,0.982870433
2020/8/7 14:09:42,12.12632026,0.963937345
2020/8/7 14:11:26,13.89738402,0.833640737
2020/8/7 14:13:10,18.51412983,0.897042606
2020/8/7 14:14:54,14.54019514,0.847971033
2020/8/7 14:16:37,18.08179289,1.021803359
2020/8/7 14:18:21,15.7128471,0.874906611
2020/8/7 14:20:05,17.02213862,0.93024088
2020/8/7 14:21:49,12.40150253,1.126821334
2020/8/7 14:23:32,15.06374745,1.028739688
2020/8/7 14:25:16,15.17382964,1.007833317
2020/8/7 14:27:00,12.95619169,1.177745098
2020/8/7 14:28:44,12.3464701,0.974940556
2020/8/7 14:30:27,10.36394844,1.153456434
2020/8/7 14:32:11,19.3418519,1.031141602
2020/8/7 14:33:55,11.95380731,0.962134193
2020/8/7 14:35:39,18.92615279,0.93842883
2020/8/7 14:37:22,13.50037049,1.161351193
2020/8/7 14:39:06,12.3296139,1.026098143
2020/8/7 14:40:50,16.79777511,0.900685426
2020/8/7 14:42:34,13.04864287,1.007787544
2020/8/7 14:44:17,16.65847083,0.899908357
2020/8/7 14:46:01,13.96440608,0.896267559
2020/8/7 14:47:45,16.41273184,0.851656541
2020/8/7 14:49:29,12.07438485,1.075723702
2020/8/7 14:51:13,17.47934694,1.112417443
2020/8/7 14:52:56,16.4544271,0.929444789
2020/8/7 14:54:40,12.23563565,0.96371866
2020/8/7 14:56:24,22.92633601,1.117227237
2020/8/7 14:58:08,16.61970084,0.80652128
2020/8/7 14:59:51,21.87139726,0.933132382
2020/8/7 15:01:35,19.80032501,0.923037754
2020/8/7 15:03:19,14.43140405,1.017380678
2020/8/7 15:05:03,13.75834167,1.157947696
2020/8/7 15:06:46,13.78089024,0.816206694
2020/8/7 15:08:30,9.496156211,1.137108542
2020/8/7 15:10:14,12.89257493,1.022851122
2020/8/7 15:11:58,15.71308255,1.035066771
2020/8/7 15:13:41,19.54222877,1.182786255
2020/8/7 15:15:25,12.63648138,0.851313243
2020/8/7 15:17:09,17.59027929,0.910657426
2020/8/7 15:18:53,11.17451588,0.892020724
2020/8/7 15:20:37,13.16039889,0.987535983
2020/8/7 15:22:20,13.53237983,1.031931944
2020/8/7 15:24:04,16.00556029,1.09114519
2020/8/7 15:25:48,16.24576767,0.821215683
2020/8/7 15:27:32,17.7434656,0.970451768
2020/8/7 15:29:15,17.1504468,1.169709734
2020/8/7 15:30:59,15.54783425,0.98503711
2020/8/7 15:32:43,15.96872072,1.127049088
2020/8/7 15:34:27,19.54142156,0.844791923
2020/8/7 15:36:10,13.22016682,0.915872667
2020/8/7 15:37:54,17.05316369,1.094158756
2020/8/7 15:39:38,9.279503273,1.048541695
2020/8/7 15:41:22,15.91182275,0.977261065
2020/8/7 15:43:05,13.20089096,1.0675656
2020/8/7 15:44:49,14.6301135,1.108387321
2020/8/7 15:46:33,17.71336627,1.159003484
2020/8/7 15:48:17,15.05670043,0.976142045
2020/8/7 15:50:00,17.18695391,1.057043879
2020/8/7 15:51:44,18.92027596,0.952584112
2020/8/7 15:53:28,15.63282898,1.170819946
2020/8/7 15:55:12,17.94421878,0.992273477
2020/8/7 15:56:56,13.41595195,0.964209196
2020/8/7 15:58:39,14.33454341,1.175788503
2020/8/7 16:00:23,12.75386015,0.800784513
2020/8/7 16:02:07,17.41221223,0.932788436
2020/8/7 16:03:51,15.48613901,1.135282228
2020/8/7 16:05:34,12.68178051,0.98057934
2020/8/7 16:07:18,14.62615197,0.939354554
2020/8/7 16:09:02,17.24456426,1.035126566
2020/8/7 16:10:46,13.95883042,0.961870327
2020/8/7 16:12:29,11.18568279,0.931801446
2020/8/7 16:14:13,14.38314489,0.906389322
2020/8/7 16:15:57,7.999733103,0.925218189
2020/8/7 16:17:41,16.20086438,1.169664812
2020/8/7 16:19:24,12.58280524,1.183869173
2020/8/7 16:21:08,12.39021523,0.839532239
2020/8/7 16:22:52,16.37572886,1.094165553
2020/8/7 16:24:36,9.602793802,1.063105075
2020/8/7 16:26:20,19.48837667,1.052387466
2020/8/7 16:28:03,12.15432228,0.813137338
2020/8/7 16:29:47,11.97244444,0.909381566
2020/8/7 16:31:31,16.55221361,1.098441148
2020/8/7 16:33:15,15.56017278,0.998322732
2020/8/7 16:34:58,20.73254157,0.809555338
2020/8/7 16:36:42,12.68923036,1.010606222
2020/8/7 16:38:26,12.90486749,1.139121952
2020/8/7 16:40:10,8.770634691,1.151368102
2020/8/7 16:41:53,12.15404025,1.159450382
2020/8/7 16:43:37,10.92710014,1.010932954
2020/8/7 16:45:21,11.68543585,0.986787036
2020/8/7 16:47:05,7.738825992,0.897737851
2020/8/7 16:48:48,17.89218756,1.146431029
2020/8/7 16:50:32,8.598867196,1.11994287
2020/8/7 16:52:16,4.379733211,1.145429946
2020/8/7 16:54:00,9.158097699,0.890377986
2020/8/7 16:55:43,10.8482614,0.839161173
2020/8/7 16:57:27,9.146921184,1.079378027
2020/8/7 16:59:11,15.82570615,1.165260471
2020/8/7 17:00:55,12.05191375,1.166630706
2020/8/7 17:02:39,12.47566233,1.011452588
2020/8/7 17:04:22,14.16420855,1.056842088
2020/8/7 17:06:06,13.12406721,0.844832477
2020/8/7 17:07:50,15.1342118,0.910115114
2020/8/7 17:09:34,8.802056794,1.015100391
2020/8/7 17:11:17,10.41942947,1.152307554
2020/8/7 17:13:01,13.9909099,0.993655891
2020/8/7 17:14:45,4.319915853,1.037083298
2020/8/7 17:16:29,7.728158467,0.822214574
2020/8/7 17:18:12,13.28639908,1.185861597
2020/8/7 17:19:56,10.27197956,0.996970889
2020/8/7 17:21:40,14.44996352,0.864108171
2020/8/7 17:23:24,13.99772208,0.935588389
2020/8/7 17:25:07,7.90408524,1.005322936
2020/8/7 17:26:51,12.64617658,0.855405724
2020/8/7 17:28:35,14.95881549,0.87865873
2020/8/7 17:30:19,11.72323342,1.166358762
2020/8/7 17:32:02,8.275452131,1.149021036
2020/8/7 17:33:46,13.77265805,0.848920843
2020/8/7 17:35:30,12.96714487,0.911599162
2020/8/7 17:37:14,12.61484509,1.054233737
2020/8/7 17:38:58,13.06074608,0.903901459
2020/8/7 17:40:41,1.854799545,0.800833552
2020/8/7 17:42:25,13.40696853,1.080485827
2020/8/7 17:44:09,16.11389497,0.87723143
2020/8/7 17:45:53,11.9246016,0.929982217
2020/8/7 17:47:36,11.11791982,0.913574574
2020/8/7 17:49:20,12.55397257,0.860947679
2020/8/7 17:51:04,11.40415086,0.854274042
2020/8/7 17:52:48,12.26954741,0.857965398
2020/8/7 17:54:31,10.24327426,1.186996674
2020/8/7 17:56:15,7.863349916,1.090740353
2020/8/7 17:57:59,7.075062337,1.176030151
2020/8/7 17:59:43,7.018001234,1.028615972
2020/8/7 18:01:26,5.817991846,0.932403504
2020/8/7 18:03:10,6.658450867,0.86557074
2020/8/7 18:04:54,15.07006419,0.993342518
2020/8/7 18:06:38,11.97319038,0.997359404
2020/8/7 18:08:22,7.760524647,1.110987931
2020/8/7 18:10:05,8.389215158,1.011375793
2020/8/7 18:11:49,9.822952376,0.877940139
2020/8/7 18:13:33,7.443648469,1.125676281
2020/8/7 18:15:17,9.537972214,0.859166406
2020/8/7 18:17:00,11.5935235,1.011565604
2020/8/7 18:18:44,9.078940713,0.816987679
2020/8/7 18:20:28,10.11985932,0.947672378
2020/8/7 18:22:12,11.69713218,1.068749269
2020/8/7 18:23:55,8.14732694,0.855483403
2020/8/7 18:25:39,9.744394671,1.009951997
2020/8/7 18:27:23,7.888443564,1.015535668
2020/8/7 18:29:07,8.657812733,1.163742045
2020/8/7 18:30:50,7.696317746,0.986651749
2020/8/7 18:32:34,7.011310978,0.831340354
2020/8/7 18:34:18,9.046787426,0.858374918
2020/8/7 18:36:02,10.15335493,0.910243456
2020/8/7 18:37:45,8.821051619,1.119581607
2020/8/7 18:39:29,9.807106928,0.902043331
2020/8/7 18:41:13,6.02630318,1.043771717
2020/8/7 18:42:57,4.558466239,0.831352676
2020/8/7 18:44:41,9.350792487,0.880858168
2020/8/7 18:46:24,10.09372913,1.04765713
2020/8/7 18:48:08,8.110528387,0.839255502
2020/8/7 18:49:52,11.93639997,1.086217036
2020/8/7 18:51:36,10.5472051,0.979640081
2020/8/7 18:53:19,15.79813288,0.911830101
2020/8/7 18:55:03,7.086817455,1.149560101
2020/8/7 18:56:47,4.626045536,1.069263259
2020/8/7 18:58:31,5.336071948,0.825673753
2020/8/7 19:00:14,5.794435822,1.068079055
2020/8/7 19:01:58,8.854041767,0.879351695
2020/8/7 19:03:42,0.887346555,1.168103565
2020/8/7 19:05:26,11.25341085,0.861492796
2020/8/7 19:07:09,6.516689028,1.046675823
2020/8/7 19:08:53,6.431648971,0.896962602
2020/8/7 19:10:37,3.872095075,1.176866593
2020/8/7 19:12:21,6.706201034,0.929786878
2020/8/7 19:14:05,7.02802224,1.035854625
2020/8/7 19:15:48,6.562579335,0.851803751
2020/8/7 19:17:32,7.886402637,0.991748822
2020/8/7 19:19:16,5.041852546,1.043534516
2020/8/7 19:21:00,4.065551563,1.108278476
2020/8/7 19:22:43,8.340972932,1.022826998
2020/8/7 19:24:27,6.935733105,1.081439541
2020/8/7 19:26:11,7.175781432,1.143632602
2020/8/7 19:27:55,9.706605512,0.919422698
2020/8/7 19:29:38,3.407906477,0.936066774
2020/8/7 19:31:22,3.856756884,0.81182954
2020/8/7 19:33:06,10.14183061,1.021704725
2020/8/7 19:34:50,1.870041708,1.188612371
2020/8/7 19:36:33,2.339813899,1.09444108
2020/8/7 19:38:17,8.671844362,1.197034208
2020/8/7 19:40:01,6.883929288,0.981740831
2020/8/7 19:41:45,6.436967424,1.098989431
2020/8/7 19:43:28,5.799118491,0.864483309
2020/8/7 19:45:12,6.121619205,0.968802586
2020/8/7 19:46:56,5.706104757,1.057445549
2020/8/7 19:48:40,10.00430877,0.980124823
2020/8/7 19:50:24,4.700000978,0.811888874
2020/8/7 19:52:07,5.367724525,0.926737044
2020/8/7 19:53:51,11.19353608,1.070427103
2020/8/7 19:55:35,5.852017562,0.958077488
2020/8/7 19:57:19,12.42579993,0.979361978
2020/8/7 19:59:02,5.376046547,1.14247167
2020/8/7 20:00:46,9.755446884,0.907756332
2020/8/7 20:02:30,0.650376115,1.046372646
2020/8/7 20:04:14,6.041546294,1.138308223
2020/8/7 20:05:57,0.792403444,1.122860251
2020/8/7 20:07:41,8.045412738,0.895489467
2020/8/7 20:09:25,1.840694211,0.820435908
2020/8/7 20:11:09,6.29888378,0.910731116
2020/8/7 20:12:52,4.570301784,0.870561362
2020/8/7 20:14:36,1.912637985,0.8110843
2020/8/7 20:16:20,0.500576299,0.921744657
2020/8/7 20:18:04,3.798000655,1.008324556
2020/8/7 20:19:48,10.52653955,1.060127591
2020/8/7 20:21:31,4.398794598,0.951158093
2020/8/7 20:23:15,8.006588121,0.881713169
2020/8/7 20:24:59,5.060549341,1.027722413
2020/8/7 20:26:43,7.839698727,1.100946522
2020/8/7 20:28:26,-0.292284207,1.077980675
2020/8/7 20:30:10,3.958912386,1.142793823
2020/8/7 20:31:54,7.997821663,0.90554681
2020/8/7 20:33:38,4.642072735,1.001203933
2020/8/7 20:35:21,4.855812975,0.995374961
2020/8/7 20:37:05,3.808246874,0.928633033
2020/8/7 20:38:49,8.533340633,1.074568395
2020/8/7 20:40:33,5.964434791,0.853693682
2020/8/7 20:42:16,5.191770208,1.122059653
2020/8/7 20:44:00,6.977803846,0.81464767
2020/8/7 20:45:44,6.803379529,0.95527194
2020/8/7 20:47:28,5.667660375,1.042928138
2020/8/7 20:49:11,9.663320189,0.969745635
2020/8/7 20:50:55,4.834823275,1.062276858
2020/8/7 20:52:39,5.844524404,0.815520246
2020/8/7 20:54:23,3.077155421,1.146864203
2020/8/7 20:56:07,5.453227991,0.831062851
2020/8/7 20:57:50,9.764174232,0.915098529
2020/8/7 20:59:34,3.070262782,0.917347566
2020/8/7 21:01:18,1.599541807,0.804725455
2020/8/7 21:03:02,7.992022614,0.837609552
2020/8/7 21:04:45,4.558007012,1.140753572
2020/8/7 21:06:29,5.296017664,1.110325939
2020/8/7 21:08:13,4.877501673,1.095197392
2020/8/7 21:09:57,5.256179145,1.075718481
2020/8/7 21:11:40,7.577512906,0.829812034
2020/8/7 21:13:24,2.51678804,0.919462974
2020/8/7 21:15:08,2.008209114,0.802629311
2020/8/7 21:16:52,5.308935395,0.824208408
2020/8/7 21:18:35,0.246338006,0.815155038
2020/8/7 21:20:19,0.959246381,0.879573602
2020/8/7 21:22:03,10.69232727,0.822513419
2020/8/7 21:23:47,7.379671411,0.806753514
2020/8/7 21:25:31,5.09319995,0.897965893
2020/8/7 21:27:14,8.854603797,1.119541569
2020/8/7 21:28:58,2.037105683,0.822524402
2020/8/7 21:30:42,4.231516974,1.193819694
2020/8/7 21:32:26,7.069208307,1.063033295
2020/8/7 21:34:09,7.892477147,1.146728352
2020/8/7 21:35:53,6.781915834,1.064280383
2020/8/7 21:37:37,-2.356764544,1.110749496
2020/8/7 21:39:21,2.387570091,0.920311542
2020/8/7 21:41:04,6.748957602,0.90292988
2020/8/7 21:42:48,4.276902133,1.065769991
2020/8/7 21:44:32,12.99351502,1.025261741
2020/8/7 21:46:16,8.181612474,1.002265303
2020/8/7 21:47:59,7.10634786,0.870902098
2020/8/7 21:49:43,2.112458568,0.892259409
2020/8/7 21:51:27,5.389655279,1.019890045
2020/8/7 21:53:11,6.252421574,0.963967216
2020/8/7 21:54:54,8.946443095,1.185004918
2020/8/7 21:56:38,8.241778549,1.021128942
2020/8/7 21:58:22,8.733648387,0.972684666
2020/8/7 22:00:06,2.900234527,1.180239541
2020/8/7 22:01:50,9.946701174,0.83664554
2020/8/7 22:03:33,1.608206343,0.908712797
2020/8/7 22:05:17,4.181975511,0.938557774
2020/8/7 22:07:01,7.123212112,1.141401047
2020/8/7 22:08:45,5.42335298,1.106564794
2020/8/7 22:10:28,2.89798617,0.92188567
2020/8/7 22:12:12,3.495446387,1.149025343
2020/8/7 22:13:56,1.360252127,0.825022666
2020/8/7 22:15:40,7.646768125,0.997386776
2020/8/7 22:17:23,9.879279297,1.061873695
2020/8/7 22:19:07,5.844009606,0.924877726
2020/8/7 22:20:51,4.99263898,0.827668429
2020/8/7 22:22:35,1.826078858,0.902864124
2020/8/7 22:24:18,9.032871302,0.993508709
2020/8/7 22:26:02,12.97824064,0.927242544
2020/8/7 22:27:46,1.003854946,0.966268743
2020/8/7 22:29:30,3.258639041,0.837249847
2020/8/7 22:31:13,4.463682998,0.805709417
2020/8/7 22:32:57,4.86382925,1.151045059
2020/8/7 22:34:41,7.293925896,0.831244698
2020/8/7 22:36:25,11.51051342,0.91712983
2020/8/7 22:38:09,9.750192297,1.06561815
2020/8/7 22:39:52,8.364574284,1.137801772
2020/8/7 22:41:36,4.66811069,0.928505095
2020/8/7 22:43:20,3.539846499,1.060827401
2020/8/7 22:45:04,4.567946011,0.988852517
2020/8/7 22:46:47,11.66270583,0.820405213
2020/8/7 22:48:31,6.894188078,0.963345201
2020/8/7 22:50:15,5.800486952,0.811939221
2020/8/7 22:51:59,6.651957408,1.185676119
2020/8/7 22:53:42,9.739945125,1.10487352
2020/8/7 22:55:26,3.391029973,0.935716932
2020/8/7 22:57:10,11.63829814,0.893896172
2020/8/7 22:58:54,7.927794839,0.960130867
2020/8/7 23:00:37,6.874603344,0.926465783
2020/8/7 23:02:21,8.918006836,0.948317764
2020/8/7 23:04:05,8.311041942,1.167485772
2020/8/7 23:05:49,6.690177475,0.961810057
2020/8/7 23:07:33,7.032069603,1.096559796
2020/8/7 23:09:16,5.251552046,0.862725208
2020/8/7 23:11:00,9.895737828,1.013472431
2020/8/7 23:12:44,6.399482273,0.997493585
2020/8/7 23:14:28,5.196043104,1.036492779
2020/8/7 23:16:11,8.632204357,1.071954996
2020/8/7 23:17:55,12.19225791,1.144407777
2020/8/7 23:19:39,8.130429318,0.891986899
2020/8/7 23:21:23,6.522181321,0.952613644
2020/8/7 23:23:06,9.629571654,0.822873115
2020/8/7 23:24:50,14.29977981,1.049672512
2020/8/7 23:26:34,4.206028668,1.173903966
2020/8/7 23:28:18,9.780784018,0.958478843
2020/8/7 23:30:01,9.322177004,1.188700433
2020/8/7 23:31:45,12.26455452,1.039150098
2020/8/7 23:33:29,11.82599448,0.884498684
2020/8/7 23:35:13,8.366714653,1.01181161
2020/8/7 23:36:56,3.947109667,1.056018218
2020/8/7 23:38:40,11.49439979,1.066509133
2020/8/7 23:40:24,6.643388204,1.055216723
2020/8/7 23:42:08,6.38319666,0.875845588
2020/8/7 23:43:52,12.74309812,0.883324235
2020/8/7 23:45:35,6.640283612,0.89658522
2020/8/7 23:47:19,13.65630017,1.093197566
2020/8/7 23:49:03,10.53035709,0.99974181
2020/8/7 23:50:47,10.55534378,1.06850223
2020/8/7 23:52:30,10.59504014,1.119745364
2020/8/7 23:54:14,4.833306563,1.025627808
2020/8/7 23:55:58,4.494800493,0.988456416
2020/8/7 23:57:42,10.5460545,0.961006039
2020/8/7 23:59:25,11.67886932,1.014505148
2020/8/8 0:01:09,10.29813797,0.859831392
2020/8/8 0:02:53,7.661147506,1.114578201
2020/8/8 0:04:37,10.25793491,1.165103695
2020/8/8 0:06:20,10.03043786,1.124946014
2020/8/8 0:08:04,7.480374758,1.128758227
2020/8/8 0:09:48,13.46899412,1.131760565
2020/8/8 0:11:32,5.311380802,0.870259646
2020/8/8 0:13:16,12.34345316,1.198325092
2020/8/8 0:14:59,11.80508164,1.062874316
2020/8/8 0:16:43,13.75598395,0.968370826
2020/8/8 0:18:27,7.785484187,1.155209541
2020/8/8 0:20:11,11.18003014,1.032940509
2020/8/8 0:21:54,17.46349296,1.197449804
2020/8/8 0:23:38,13.01019404,1.100829478
2020/8/8 0:25:22,11.39945463,0.947004284
2020/8/8 0:27:06,12.78868466,1.09702489
2020/8/8 0:28:49,11.50295444,1.092043989
2020/8/8 0:30:33,17.89005761,0.925196311
2020/8/8 0:32:17,14.34091178,1.153670096
2020/8/8 0:34:01,11.20548137,0.856305967
2020/8/8 0:35:44,12.29131051,0.946109406
2020/8/8 0:37:28,10.43356276,1.054509676
2020/8/8 0:39:12,15.3067819,0.991655648
2020/8/8 0:40:56,7.529809978,1.071262359
2020/8/8 0:42:39,7.004403328,1.198941472
2020/8/8 0:44:23,16.26484359,0.831198655
2020/8/8 0:46:07,18.41770898,1.103587544
2020/8/8 0:47:51,13.43246857,1.126969803
2020/8/8 0:49:35,12.43451012,0.912880577
2020/8/8 0:51:18,14.13636438,0.902062421
2020/8/8 0:53:02,10.29117274,0.976543049
2020/8/8 0:54:46,12.81332755,0.957542703
2020/8/8 0:56:30,12.48306287,1.003127627
2020/8/8 0:58:13,14.31223041,0.884633681
2020/8/8 0:59:57,7.824188944,0.99752019
2020/8/8 1:01:41,11.04215812,1.125100969
2020/8/8 1:03:25,15.16274334,1.153153357
2020/8/8 1:05:08,10.66487066,1.066704905
2020/8/8 1:06:52,9.774850592,0.915252186
2020/8/8 1:08:36,18.94380629,1.149298047
2020/8/8 1:10:20,12.99395724,0.968491164
2020/8/8 1:12:03,11.20420638,0.892722876
2020/8/8 1:13:47,7.924537222,0.853838924
2020/8/8 1:15:31,15.24969167,1.184667543
2020/8/8 1:17:15,15.21836787,0.835191662
2020/8/8 1:18:59,12.28327658,1.011904186
2020/8/8 1:20:42,9.930736614,0.880870909
2020/8/8 1:22:26,13.22091338,1.147312158
2020/8/8 1:24:10,10.84337756,0.877810677
2020/8/8 1:25:54,10.58028591,1.094591904
2020/8/8 1:27:37,13.15177347,0.866046387
2020/8/8 1:29:21,10.36129722,1.175244899
2020/8/8 1:31:05,14.3086713,1.06533
2020/8/8 1:32:49,15.44514519,0.966048346
2020/8/8 1:34:32,11.15388881,1.184993004
2020/8/8 1:36:16,9.618832852,1.009620345
2020/8/8 1:38:00,18.45734086,0.953629492
2020/8/8 1:39:44,11.00176584,0.864990201
2020/8/8 1:41:27,11.89095231,1.088435727
2020/8/8 1:43:11,14.55715421,1.038533178
2020/8/8 1:44:55,15.76264074,0.889157139
2020/8/8 1:46:39,13.24110891,0.899984734
2020/8/8 1:48:22,15.43705623,0.888152851
2020/8/8 1:50:06,12.89540495,0.998336746
2020/8/8 1:51:50,11.22760818,0.818915725
2020/8/8 1:53:34,18.46188435,0.915698994
2020/8/8 1:55:18,21.68911952,1.094649578
2020/8/8 1:57:01,19.35160218,1.048491961
2020/8/8 1:58:45,14.72804133,1.127438458
2020/8/8 2:00:29,19.84087538,1.097929982
2020/8/8 2:02:13,15.44463914,0.808510935
2020/8/8 2:03:56,12.98163207,1.027827654
2020/8/8 2:05:40,15.8475867,0.975366691
2020/8/8 2:07:24,14.19921439,0.944520018
2020/8/8 2:09:08,11.5659604,1.196952635
2020/8/8 2:10:51,11.85224369,1.062785348
2020/8/8 2:12:35,16.98422382,0.900428029
2020/8/8 2:14:19,9.06828898,1.013146423
2020/8/8 2:16:03,16.44906199,0.838092773
2020/8/8 2:17:46,9.77561179,1.098109312
2020/8/8 2:19:30,8.327481754,0.939060696
2020/8/8 2:21:14,9.200051363,0.867553349
2020/8/8 2:22:58,20.64138895,0.864968585
2020/8/8 2:24:42,14.17582118,0.806091546
2020/8/8 2:26:25,15.04661351,1.111152101
2020/8/8 2:28:09,19.06587977,1.09147995
2020/8/8 2:29:53,17.63080947,0.994010357
2020/8/8 2:31:37,10.67281033,0.922385902
2020/8/8 2:33:20,17.47229709,0.956644661
2020/8/8 2:35:04,15.43466567,1.153635397
2020/8/8 2:36:48,13.87281948,0.848519909
2020/8/8 2:38:32,14.98534289,0.811825896
2020/8/8 2:40:15,18.76540374,0.88628978
2020/8/8 2:41:59,12.28044385,1.008274253
2020/8/8 2:43:43,16.15225121,0.803073167
2020/8/8 2:45:27,14.93074605,0.841705894
2020/8/8 2:47:10,9.577217892,1.079145593
2020/8/8 2:48:54,12.56981455,0.979225143
2020/8/8 2:50:38,15.56294361,1.179455584
2020/8/8 2:52:22,18.88092313,1.164306627
2020/8/8 2:54:05,17.99734757,0.910583159
2020/8/8 2:55:49,16.78831243,0.951086372
2020/8/8 2:57:33,12.55303031,1.167268693
2020/8/8 2:59:17,20.40354312,1.031703038
2020/8/8 3:01:01,15.64552765,0.947888763
2020/8/8 3:02:44,11.97947605,1.120162682
2020/8/8 3:04:28,14.44748559,1.169801643
2020/8/8 3:06:12,17.6814358,1.069397226
2020/8/8 3:07:56,15.01089591,0.892361431
2020/8/8 3:09:39,17.64285431,1.127704206
2020/8/8 3:11:23,18.28642422,0.968210465
2020/8/8 3:13:07,16.16888333,1.079218632
2020/8/8 3:14:51,12.38500101,0.994541447
2020/8/8 3:16:34,15.35416124,1.176345962
2020/8/8 3:18:18,15.07185629,0.827350096
2020/8/8 3:20:02,20.50183492,0.862318682
2020/8/8 3:21:46,10.03114588,0.877827305
2020/8/8 3:23:29,14.49084181,0.888400203
2020/8/8 3:25:13,13.12711105,0.894171047
2020/8/8 3:26:57,15.86767978,0.861140082
2020/8/8 3:28:41,7.531533631,1.077167021
2020/8/8 3:30:24,18.16976088,0.887262299
2020/8/8 3:32:08,14.84589424,0.894181392
2020/8/8 3:33:52,9.249112575,0.878955305
2020/8/8 3:35:36,13.67735455,0.959474888
2020/8/8 3:37:20,16.56397459,1.183437241
2020/8/8 3:39:03,9.938058646,0.946712088
2020/8/8 3:40:47,14.69631036,0.919049672
2020/8/8 3:42:31,11.48739679,0.827439836
2020/8/8 3:44:15,12.96397536,0.941011013
2020/8/8 3:45:58,14.68320339,0.892878419
2020/8/8 3:47:42,15.12334842,1.105170935
2020/8/8 3:49:26,13.12973806,0.84465132
2020/8/8 3:51:10,15.32828816,0.857472417
2020/8/8 3:52:53,16.9307381,0.91140412
2020/8/8 3:54:37,13.60594911,0.915210732
2020/8/8 3:56:21,18.70227003,1.138521975
2020/8/8 3:58:05,18.75808024,1.116513463
2020/8/8 3:59:48,13.04820688,1.031454253
2020/8/8 4:01:32,12.38267959,0.915435472
2020/8/8 4:03:16,9.264592003,0.927551341
2020/8/8 4:05:00,13.83734308,1.03688731
2020/8/8 4:06:44,13.0857174,1.095946624
2020/8/8 4:08:27,16.47121295,0.953639222
2020/8/8 4:10:11,9.562161463,1.003824811
2020/8/8 4:11:55,13.21512732,1.155213255
2020/8/8 4:13:39,16.90876809,1.059916343
2020/8/8 4:15:22,11.76578544,1.014220053
2020/8/8 4:17:06,11.62319273,0.828488984
2020/8/8 4:18:50,9.52198637,0.870406085
2020/8/8 4:20:34,21.67617917,0.880396634
2020/8/8 4:22:17,11.52281959,1.049259317
2020/8/8 4:24:01,9.81412256,0.843245101
2020/8/8 4:25:45,11.25268963,0.811597948
2020/8/8 4:27:29,11.28959884,0.944140223
2020/8/8 4:29:12,12.75173522,1.087543671
2020/8/8 4:30:56,15.98263093,1.077299742
2020/8/8 4:32:40,12.55735578,1.117068141
2020/8/8 4:34:24,10.62888012,1.078499303
2020/8/8 4:36:07,8.98758557,1.045314231
2020/8/8 4:37:51,13.35066307,0.994464839
2020/8/8 4:39:35,13.35544996,0.883399328
2020/8/8 4:41:19,17.76263637,1.027419222
2020/8/8 4:43:03,13.38846715,1.054649899
2020/8/8 4:44:46,12.75467507,0.849497331
2020/8/8 4:46:30,9.839619506,1.026058935
2020/8/8 4:48:14,12.01292295,0.839099485
2020/8/8 4:49:58,11.55388947,1.018830721
2020/8/8 4:51:41,11.69669901,0.863567556
2020/8/8 4:53:25,9.86666463,0.847605419
2020/8/8 4:55:09,14.29603386,0.845240022
2020/8/8 4:56:53,12.18971243,1.164410125
2020/8/8 4:58:36,11.95139581,1.039234927
2020/8/8 5:00:20,7.345144145,0.900063489
2020/8/8 5:02:04,13.9024745,0.828579551
2020/8/8 5:03:48,13.81629645,1.014472567
2020/8/8 5:05:31,9.771034064,0.857921188
2020/8/8 5:07:15,15.19143703,1.111361174
2020/8/8 5:08:59,8.05894293,0.998443863
2020/8/8 5:10:43,12.01926223,1.090579554
2020/8/8 5:12:27,11.20242943,0.95829064
2020/8/8 5:14:10,7.99524741,1.080929098
2020/8/8 5:15:54,12.44615655,1.073845743
2020/8/8 5:17:38,16.9146086,1.024566483
2020/8/8 5:19:22,11.93923873,1.138295854
2020/8/8 5:21:05,10.27631322,1.032989429
2020/8/8 5:22:49,12.93511409,1.031244164
2020/8/8 5:24:33,11.8395017,0.923193243
2020/8/8 5:26:17,11.53358147,1.172602506
2020/8/8 5:28:00,10.10129149,1.006855829
2020/8/8 5:29:44,15.57115403,0.956685863
2020/8/8 5:31:28,12.60132939,1.016656917
2020/8/8 5:33:12,9.572958627,0.858096855
2020/8/8 5:34:55,10.76142643,0.906050095
2020/8/8 5:36:39,8.789057956,0.922672745
2020/8/8 5:38:23,9.112774332,1.006063508
2020/8/8 5:40:07,8.941246769,1.078204334
2020/8/8 5:41:50,7.386068671,0.914880985
2020/8/8 5:43:34,13.04623415,0.854306398
2020/8/8 5:45:18,9.766515972,1.023687273
2020/8/8 5:47:02,12.22711452,1.141859933
2020/8/8 5:48:46,8.479316886,0.967292835
2020/8/8 5:50:29,10.23345836,0.990309164
2020/8/8 5:52:13,8.206180908,0.915683405
2020/8/8 5:53:57,12.42298678,1.123533649
2020/8/8 5:55:41,9.443343803,0.848265978
2020/8/8 5:57:24,7.920557461,0.868435487
2020/8/8 5:59:08,5.112619251,1.199982645
2020/8/8 6:00:52,10.78927071,1.072886301
2020/8/8 6:02:36,7.761666624,1.019220963
2020/8/8 6:04:19,9.764060625,1.118043178
2020/8/8 6:06:03,8.260827403,1.198752982
2020/8/8 6:07:47,12.52326604,0.876349712
2020/8/8 6:09:31,11.21788841,1.116557216
2020/8/8 6:11:14,10.85194168,0.936864833
2020/8/8 6:12:58,7.586904849,1.092493074
2020/8/8 6:14:42,10.75922977,1.083063891
2020/8/8 6:16:26,14.43009156,1.199332017
2020/8/8 6:18:10,6.714438446,0.844748821
2020/8/8 6:19:53,9.653593476,0.800850158
2020/8/8 6:21:37,4.114701294,1.099113786
2020/8/8 6:23:21,13.18402821,1.027510767
2020/8/8 6:25:05,7.720825761,1.076349651
2020/8/8 6:26:48,11.18876604,1.101410014
2020/8/8 6:28:32,3.598075946,0.997402621
2020/8/8 6:30:16,14.08739081,0.94261381
2020/8/8 6:32:00,7.551467289,1.108150355
2020/8/8 6:33:43,10.1866769,0.952051971
2020/8/8 6:35:27,8.93011291,1.048876908
2020/8/8 6:37:11,7.63954602,1.157362411
2020/8/8 6:38:55,13.39199843,0.863356589
2020/8/8 6:40:38,3.319525337,0.803562464
2020/8/8 6:42:22,9.089242835,0.902702644
2020/8/8 6:44:06,10.8548883,1.118988777
2020/8/8 6:45:50,7.963659859,1.026730257
2020/8/8 6:47:33,7.629436198,1.178464345
2020/8/8 6:49:17,7.487064908,1.01914964
2020/8/8 6:51:01,4.163873119,0.906312553
2020/8/8 6:52:45,7.893309275,1.106354122
2020/8/8 6:54:29,9.249730297,1.063020154
2020/8/8 6:56:12,7.850547215,1.128273344
2020/8/8 6:57:56,6.761629456,1.06719939
2020/8/8 6:59:40,6.04354244,0.980779604
2020/8/8 7:01:24,6.609653739,0.910833068
2020/8/8 7:03:07,11.15618397,0.822240186
2020/8/8 7:04:51,1.059050008,0.923174501
2020/8/8 7:06:35,7.375783562,0.818503391
2020/8/8 7:08:19,6.209543747,0.972010828
2020/8/8 7:10:02,11.49811101,0.890319965
2020/8/8 7:11:46,7.235695997,1.081459043
2020/8/8 7:13:30,11.46319578,0.888071411
2020/8/8 7:15:14,0.576629944,0.832572734
2020/8/8 7:16:57,8.267630767,1.135518911
2020/8/8 7:18:41,7.670334264,0.824013144
2020/8/8 7:20:25,10.94376917,1.100383384
2020/8/8 7:22:09,1.790863174,1.17177013
2020/8/8 7:23:53,6.193291511,0.842851647
2020/8/8 7:25:36,6.800830725,1.023867172
2020/8/8 7:27:20,5.060288225,0.980690684
2020/8/8 7:29:04,10.14321891,1.119484023
2020/8/8 7:30:48,5.424048891,1.049392002
2020/8/8 7:32:31,12.49180355,0.911309375
2020/8/8 7:34:15,9.498292883,0.800587602
2020/8/8 7:35:59,9.137338034,0.993147092
2020/8/8 7:37:43,7.912657824,1.157643553
2020/8/8 7:39:26,2.994455598,1.162145268
2020/8/8 7:41:10,4.843903614,0.850118793
2020/8/8 7:42:54,7.807976758,1.144270787
2020/8/8 7:44:38,8.075814378,0.813772514
2020/8/8 7:46:21,9.919016627,0.83693971
2020/8/8 7:48:05,4.550375479,1.186488325
2020/8/8 7:49:49,3.328393564,0.954786963
2020/8/8 7:51:33,8.44325329,0.828313559
2020/8/8 7:53:16,3.395089531,0.988182142
2020/8/8 7:55:00,8.40288443,0.818454808
2020/8/8 7:56:44,9.342097571,0.806548062
2020/8/8 7:58:28,7.07225785,1.024700092
2020/8/8 8:00:12,4.592949831,0.884482488
2020/8/8 8:01:55,5.751808954,1.048765036
2020/8/8 8:03:39,7.372831003,0.933879706
2020/8/8 8:05:23,5.587864617,0.852990813
2020/8/8 8:07:07,12.11808374,1.193760743
2020/8/8 8:08:50,2.518088216,0.899976566
2020/8/8 8:10:34,2.450028683,0.824790858
2020/8/8 8:12:18,2.496316181,0.911534648
2020/8/8 8:14:02,3.628271995,0.900680022
2020/8/8 8:15:45,-1.16872502,0.919858522
2020/8/8 8:17:29,3.451230986,0.942269692
2020/8/8 8:19:13,3.353502187,1.122066072
2020/8/8 8:20:57,5.523139803,0.823913774
2020/8/8 8:22:40,6.516314189,0.941813068
2020/8/8 8:24:24,1.51865704,0.841498217
2020/8/8 8:26:08,7.916946663,1.192878658
2020/8/8 8:27:52,10.60207791,0.857588693
2020/8/8 8:29:36,4.550157489,0.991613978
2020/8/8 8:31:19,9.878887004,0.992017373
2020/8/8 8:33:03,5.734605568,1.112471283
2020/8/8 8:34:47,11.08680406,0.908858349
2020/8/8 8:36:31,8.456541238,1.095109543
2020/8/8 8:38:14,0.398174403,0.810535424
2020/8/8 8:39:58,5.132086192,1.170860175
2020/8/8 8:41:42,8.226616199,0.839582261
2020/8/8 8:43:26,5.143842496,0.992331802
2020/8/8 8:45:09,4.931240527,0.869371885
2020/8/8 8:46:53,8.842002974,0.947446709
2020/8/8 8:48:37,2.89509511,1.056808207
2020/8/8 8:50:21,5.070286591,0.85698887
2020/8/8 8:52:04,5.982833877,0.915643408
2020/8/8 8:53:48,4.00593659,1.071672933
2020/8/8 8:55:32,4.94341216,1.137817819
2020/8/8 8:57:16,7.326497176,1.037159105
2020/8/8 8:58:59,6.298706617,1.009193866
2020/8/8 9:00:43,2.573946258,0.843843605
2020/8/8 9:02:27,1.688770753,0.858616185
2020/8/8 9:04:11,2.636018544,1.183276548
2020/8/8 9:05:55,5.010390848,0.801049944
2020/8/8 9:07:38,4.531283777,0.993767475
2020/8/8 9:09:22,2.52082457,1.102536992
2020/8/8 9:11:06,3.228974577,0.883985212
2020/8/8 9:12:50,0.471170406,0.983825487
2020/8/8 9:14:33,6.293843351,0.997224476
2020/8/8 9:16:17,4.930349648,0.904158863
2020/8/8 9:18:01,1.282294675,1.1515005
2020/8/8 9:19:45,5.159893835,1.170062472
2020/8/8 9:21:28,9.115395887,1.09973474
2020/8/8 9:23:12,2.882338673,0.803454637
2020/8/8 9:24:56,9.063291119,1.051570227
2020/8/8 9:26:40,4.164349525,0.892844747
2020/8/8 9:28:23,5.746158361,0.906873864
2020/8/8 9:30:07,5.464982186,0.873521582
2020/8/8 9:31:51,9.396455614,1.028964571
2020/8/8 9:33:35,5.688437568,0.978687462
2020/8/8 9:35:18,1.809772668,0.877425644
2020/8/8 9:37:02,1.325991858,1.173056372
2020/8/8 9:38:46,0.684645665,0.895689261
2020/8/8 9:40:30,0.173078419,1.111495561
2020/8/8 9:42:14,5.474042578,0.80987636
2020/8/8 9:43:57,2.488224786,0.873392043
2020/8/8 9:45:41,5.149680236,1.127546427
2020/8/8 9:47:25,3.310354287,1.014570622
2020/8/8 9:49:09,3.140437495,1.058443014
2020/8/8 9:50:52,4.042149028,0.971559357
2020/8/8 9:52:36,7.628364757,0.974252852
2020/8/8 9:54:20,8.338987468,0.850161606
2020/8/8 9:56:04,6.700026774,0.868397058
2020/8/8 9:57:47,2.653003757,1.167598831
2020/8/8 9:59:31,7.590324527,0.983052841
2020/8/8 10:01:15,7.764068585,0.988982036
2020/8/8 10:02:59,6.560248027,1.066532309
2020/8/8 10:04:42,3.96534402,0.805650782
2020/8/8 10:06:26,7.943644958,1.013077661
2020/8/8 10:08:10,7.127335547,1.154134221
2020/8/8 10:09:54,-3.448933198,0.9669218
2020/8/8 10:11:38,7.878682857,0.965041474
2020/8/8 10:13:21,0.248712399,0.981324102
2020/8/8 10:15:05,8.026152109,1.142040821
2020/8/8 10:16:49,5.619680097,1.044000434
2020/8/8 10:18:33,9.710054617,1.098940361
2020/8/8 10:20:16,5.882939816,1.087260063
2020/8/8 10:22:00,3.566655157,0.8203439
2020/8/8 10:23:44,5.834370868,1.19067985
2020/8/8 10:25:28,9.506632735,1.082483269
2020/8/8 10:27:11,6.457572189,1.032050098
2020/8/8 10:28:55,6.088270083,0.818070632
2020/8/8 10:30:39,8.715192133,1.167232476
2020/8/8 10:32:23,7.169666379,0.987822727
2020/8/8 10:34:06,6.575651109,1.164476953
2020/8/8 10:35:50,10.74723444,0.967362773
2020/8/8 10:37:34,11.37078044,1.030922
2020/8/8 10:39:18,8.602551492,1.157487172
2020/8/8 10:41:01,5.962567165,0.984332373
2020/8/8 10:42:45,11.36977357,0.871812561
2020/8/8 10:44:29,10.48770604,0.970025965
2020/8/8 10:46:13,9.155042962,0.952650652
2020/8/8 10:47:57,3.410809459,1.092345226
2020/8/8 10:49:40,7.542412467,1.136293451
2020/8/8 10:51:24,4.951393634,0.804532905
2020/8/8 10:53:08,6.768028527,0.997926054
2020/8/8 10:54:52,8.028518646,0.906906816
2020/8/8 10:56:35,7.672721696,0.865773076
2020/8/8 10:58:19,6.011212255,1.066282267
2020/8/8 11:00:03,11.32067672,1.134218256
2020/8/8 11:01:47,2.479068545,1.017762302
2020/8/8 11:03:30,9.824213836,0.877517663
2020/8/8 11:05:14,2.127953273,1.100514131
2020/8/8 11:06:58,8.915461088,1.008533068
2020/8/8 11:08:42,5.174725717,1.121855251
2020/8/8 11:10:25,10.53861498,1.185889131
2020/8/8 11:12:09,8.231803727,0.967740397
2020/8/8 11:13:53,8.784769529,0.927600838
2020/8/8 11:15:37,5.05646268,0.912831804
2020/8/8 11:17:21,6.217670677,1.076394587
2020/8/8 11:19:04,8.873527889,1.188750963
2020/8/8 11:20:48,10.07347826,0.914327582
2020/8/8 11:22:32,17.18133197,0.984911286
2020/8/8 11:24:16,9.134258755,1.030532371
2020/8/8 11:25:59,11.46578635,1.181569436
2020/8/8 11:27:43,3.939195011,0.898858066
2020/8/8 11:29:27,4.692960844,1.18465319
2020/8/8 11:31:11,7.68909176,1.009610438
2020/8/8 11:32:54,5.236516077,1.091354785
2020/8/8 11:34:38,13.36148675,1.112536359
2020/8/8 11:36:22,7.745372752,0.865843692
2020/8/8 11:38:06,13.19654755,1.189897842
2020/8/8 11:39:49,13.58453873,1.190448231
2020/8/8 11:41:33,9.326919355,1.146468022
2020/8/8 11:43:17,10.77855088,1.137341926
2020/8/8 11:45:01,9.179590157,0.930505769
2020/8/8 11:46:44,11.03808506,1.140826584
2020/8/8 11:48:28,10.94781657,1.155331183
2020/8/8 11:50:12,9.201973468,0.90661058
2020/8/8 11:51:56,11.16306089,0.868262488
2020/8/8 11:53:40,14.89454851,1.1027915
2020/8/8 11:55:23,11.93788009,1.031094118
2020/8/8 11:57:07,10.85164778,0.84314528
2020/8/8 11:58:51,10.32400368,0.95980224
2020/8/8 12:00:35,6.987133386,0.932799978
2020/8/8 12:02:18,7.018714033,1.064276326
2020/8/8 12:04:02,11.14610325,0.968162062
2020/8/8 12:05:46,6.143249187,1.05947052
2020/8/8 12:07:30,8.027771401,1.119755227
2020/8/8 12:09:13,14.24654544,1.082829021
2020/8/8 12:10:57,16.21986616,1.047014137
2020/8/8 12:12:41,5.554365821,1.162587092
2020/8/8 12:14:25,15.50711394,0.899112703
2020/8/8 12:16:08,10.06763875,1.0030226
2020/8/8 12:17:52,10.73156685,1.102444661
2020/8/8 12:19:36,10.51079883,0.889613759
2020/8/8 12:21:20,14.1669239,0.884677457
2020/8/8 12:23:04,6.17630883,1.073709218
2020/8/8 12:24:47,12.44164885,1.112255663
2020/8/8 12:26:31,8.312122447,1.154545915
2020/8/8 12:28:15,12.93241248,0.979325476
2020/8/8 12:29:59,15.92147189,1.086518437
2020/8/8 12:31:42,11.36457237,0.868379822
2020/8/8 12:33:26,12.56072,0.925903701
2020/8/8 12:35:10,12.73901291,1.052848326
2020/8/8 12:36:54,9.183335909,0.859153421
2020/8/8 12:38:37,16.18843296,1.182272955
2020/8/8 12:40:21,16.84394155,0.851142991
2020/8/8 12:42:05,13.90051606,1.110705667
2020/8/8 12:43:49,12.08524251,0.927445542
2020/8/8 12:45:32,10.54950018,1.093162112
2020/8/8 12:47:16,10.12506563,0.961903083
2020/8/8 12:49:00,17.20594417,1.099051538
2020/8/8 12:50:44,16.38510544,1.160135337
2020/8/8 12:52:27,12.01881391,1.038457335
2020/8/8 12:54:11,7.537441566,0.865571227
2020/8/8 12:55:55,3.848113667,1.18042777
2020/8/8 12:57:39,9.160251524,1.012994233
2020/8/8 12:59:23,12.08450353,0.895770958
2020/8/8 13:01:06,16.74370103,0.96337092
2020/8/8 13:02:50,10.65135564,1.088437021
2020/8/8 13:04:34,14.18486737,1.174120163
2020/8/8 13:06:18,16.64345242,1.162634527
2020/8/8 13:08:01,13.18238435,0.856115719
2020/8/8 13:09:45,12.43166068,1.148715834
2020/8/8 13:11:29,8.994291475,1.036066872
2020/8/8 13:13:13,9.374068645,0.963871786
2020/8/8 13:14:56,14.29002697,0.98574681
2020/8/8 13:16:40,12.4985462,1.117844687
2020/8/8 13:18:24,13.52769715,1.137910032
2020/8/8 13:20:08,13.07638472,1.063158758
2020/8/8 13:21:51,15.26803171,0.823384517
2020/8/8 13:23:35,10.97817299,1.123385469
2020/8/8 13:25:19,12.38137002,0.810297685
2020/8/8 13:27:03,19.13176371,0.955107257
2020/8/8 13:28:47,11.09817946,0.977666975
2020/8/8 13:30:30,12.70633585,1.002442678
2020/8/8 13:32:14,11.83561753,0.902381357
2020/8/8 13:33:58,14.99001644,0.967626477
2020/8/8 13:35:42,16.77391144,1.114919371
2020/8/8 13:37:25,12.2623175,0.908506563
2020/8/8 13:39:09,12.51207155,1.125300305
2020/8/8 13:40:53,13.01786507,0.80503034
2020/8/8 13:42:37,15.49192859,0.857119547
2020/8/8 13:44:20,11.73096988,1.17012027
2020/8/8 13:46:04,12.86710501,0.988159972
2020/8/8 13:47:48,6.923322521,0.820319056
2020/8/8 13:49:32,9.938668228,1.044177301
2020/8/8 13:51:15,13.78964098,0.982402816
2020/8/8 13:52:59,16.86269381,0.835435068
2020/8/8 13:54:43,15.09550815,0.939184997
2020/8/8 13:56:27,10.95419603,1.045770434
2020/8/8 13:58:10,10.0889853,1.051083418
2020/8/8 13:59:54,14.8520697,1.154761212
2020/8/8 14:01:38,9.40690827,0.997002436
2020/8/8 14:03:22,17.5993952,0.841895118
2020/8/8 14:05:06,14.62859637,0.845421243
2020/8/8 14:06:49,9.649229841,0.966721323
2020/8/8 14:08:33,11.60659293,0.874128455
2020/8/8 14:10:17,12.36375881,1.168381533
2020/8/8 14:12:01,12.24832025,0.884831297
2020/8/8 14:13:44,10.1282634,0.950547903
2020/8/8 14:15:28,12.00319228,1.004952753
2020/8/8 14:17:12,12.60203872,0.932160895
2020/8/8 14:18:56,12.54838941,1.065838506
2020/8/8 14:20:39,18.09205343,1.042102222
2020/8/8 14:22:23,15.04753153,1.175747078
2020/8/8 14:24:07,11.77706305,1.132783624
2020/8/8 14:25:51,13.77567308,1.041184675
2020/8/8 14:27:34,12.16248123,0.978684685
2020/8/8 14:29:18,13.92165368,1.045909875
2020/8/8 14:31:02,17.46762409,1.0492264
2020/8/8 14:32:46,15.61622935,0.90783104
2020/8/8 14:34:29,21.73343418,0.871207034
2020/8/8 14:36:13,16.02051586,1.007603022
2020/8/8 14:37:57,12.16693865,0.922905252
2020/8/8 14:39:41,17.3508152,0.954092179
2020/8/8 14:41:25,18.17413658,0.800665449
2020/8/8 14:43:08,18.22846999,1.072671191
2020/8/8 14:44:52,11.67374577,0.823206183
2020/8/8 14:46:36,14.52292714,1.094188587
2020/8/8 14:48:20,18.36951502,0.883183943
2020/8/8 14:50:03,9.92699915,0.865905961
2020/8/8 14:51:47,13.48890813,1.04022249
2020/8/8 14:53:31,10.71118189,1.193389175
2020/8/8 14:55:15,12.19798384,0.968827836
2020/8/8 14:56:58,11.96088486,1.147727641
2020/8/8 14:58:42,18.75138921,0.82473635
2020/8/8 15:00:26,14.29635031,1.003467303
2020/8/8 15:02:10,12.4090436,1.072706346
2020/8/8 15:03:53,11.8903005,0.950155688
2020/8/8 15:05:37,15.41898841,0.851787809
2020/8/8 15:07:21,14.95631186,0.806162578
2020/8/8 15:09:05,19.01653725,0.954696934
2020/8/8 15:10:49,16.47782439,1.097095387
2020/8/8 15:12:32,10.67470743,1.196220694
2020/8/8 15:14:16,13.07435314,0.985229049
2020/8/8 15:16:00,18.16157733,0.917966871
2020/8/8 15:17:44,13.07704853,0.938666736
2020/8/8 15:19:27,20.1318248,0.836772432
2020/8/8 15:21:11,11.61992922,0.980045293
2020/8/8 15:22:55,16.61820745,1.050851449
2020/8/8 15:24:39,12.30117452,1.049430965
2020/8/8 15:26:22,13.33937702,0.805107611
2020/8/8 15:28:06,18.14613985,1.053492786
2020/8/8 15:29:50,14.45032121,1.066274571
2020/8/8 15:31:34,17.25190681,1.000809811
2020/8/8 15:33:17,16.21035338,1.17795172
2020/8/8 15:35:01,17.02991911,0.903217898
2020/8/8 15:36:45,12.08051187,1.140766363
2020/8/8 15:38:29,14.05602704,0.869688626
2020/8/8 15:40:12,15.96810665,0.90478207
2020/8/8 15:41:56,12.12165934,0.88195951
2020/8/8 15:43:40,19.52984388,1.154127799
2020/8/8 15:45:24,12.28106833,1.117410272
2020/8/8 15:47:08,13.68309986,0.98019351
2020/8/8 15:48:51,11.53274769,0.951209229
2020/8/8 15:50:35,8.090778144,0.805160516
2020/8/8 15:52:19,19.87870575,1.080775835
2020/8/8 15:54:03,13.84115906,1.18597525
2020/8/8 15:55:46,13.07564257,1.111407729
2020/8/8 15:57:30,13.78744659,0.89323065
2020/8/8 15:59:14,18.60638998,0.905800813
2020/8/8 16:00:58,11.41369453,0.969121146
2020/8/8 16:02:41,16.30895283,0.963092673
2020/8/8 16:04:25,12.9591468,0.892935073
2020/8/8 16:06:09,12.39979777,1.116647115
2020/8/8 16:07:53,15.8493295,1.11443428
2020/8/8 16:09:36,17.07027636,1.082588334
2020/8/8 16:11:20,12.52031049,0.801984241
2020/8/8 16:13:04,11.71101142,1.166951319
2020/8/8 16:14:48,10.46489619,0.935023242
2020/8/8 16:16:32,17.23641459,0.811527502
2020/8/8 16:18:15,12.152961,1.054967614
2020/8/8 16:19:59,8.283279106,1.095039718
2020/8/8 16:21:43,18.01159755,1.068384406
2020/8/8 16:23:27,9.622371156,0.956366499
2020/8/8 16:25:10,16.01968981,1.1444664
2020/8/8 16:26:54,14.18011428,0.942603404
2020/8/8 16:28:38,14.44126804,1.0153033
2020/8/8 16:30:22,11.77127452,1.168702616
2020/8/8 16:32:05,14.56725063,1.091158129
2020/8/8 16:33:49,8.412422055,0.837867329
2020/8/8 16:35:33,15.1243825,1.110855456
2020/8/8 16:37:17,17.97504158,1.160676393
2020/8/8 16:39:00,15.89908275,1.130155313
2020/8/8 16:40:44,7.130631072,0.990706114
2020/8/8 16:42:28,10.17814812,1.130059117
2020/8/8 16:44:12,12.50820112,0.830251636
2020/8/8 16:45:55,14.47250898,0.901690645
2020/8/8 16:47:39,12.63116429,1.146746758
2020/8/8 16:49:23,11.41023227,0.816555124
2020/8/8 16:51:07,14.61387128,0.959221608
2020/8/8 16:52:51,16.2578765,1.144187954
2020/8/8 16:54:34,12.00536018,0.978341908
2020/8/8 16:56:18,14.82523736,0.833848308
2020/8/8 16:58:02,4.836900148,0.983645009
2020/8/8 16:59:46,9.696542601,1.092886373
2020/8/8 17:01:29,11.47974087,0.92655679
2020/8/8 17:03:13,10.91170941,1.162612367
2020/8/8 17:04:57,13.30915166,1.17631856
2020/8/8 17:06:41,15.28483129,0.867106232
2020/8/8 17:08:24,13.69589837,0.837354575
2020/8/8 17:10:08,10.24103096,0.919742721
2020/8/8 17:11:52,7.470739141,0.987617059
2020/8/8 17:13:36,13.64080741,0.862805629
2020/8/8 17:15:19,6.385807803,0.896627325
2020/8/8 17:17:03,13.78944004,1.173319501
2020/8/8 17:18:47,11.19455423,1.085952009
2020/8/8 17:20:31,8.161568983,1.039178398
2020/8/8 17:22:15,12.47963366,1.083182287
2020/8/8 17:23:58,11.5376527,0.801090348
2020/8/8 17:25:42,11.36455625,0.858208547
2020/8/8 17:27:26,11.14940957,1.07670009
2020/8/8 17:29:10,12.58806378,1.085987399
2020/8/8 17:30:53,14.02990272,1.141189169
2020/8/8 17:32:37,12.67326925,1.034220091
2020/8/8 17:34:21,14.1463767,1.022900018
2020/8/8 17:36:05,10.90385864,0.959055096
2020/8/8 17:37:48,15.81772041,1.126622432
2020/8/8 17:39:32,12.60151737,1.140809221
2020/8/8 17:41:16,9.182748997,0.980637185
2020/8/8 17:43:00,7.45760374,0.950237145
2020/8/8 17:44:43,11.28196877,0.820162037
2020/8/8 17:46:27,6.670151874,1.11683063
2020/8/8 17:48:11,7.594592314,1.06922282
2020/8/8 17:49:55,11.156868,0.975680788
2020/8/8 17:51:38,8.540730842,1.001874149
2020/8/8 17:53:22,7.489147888,1.158420901
2020/8/8 17:55:06,10.11030906,1.151069631
2020/8/8 17:56:50,10.3563568,0.871633407
2020/8/8 17:58:34,9.445378426,1.139603797
2020/8/8 18:00:17,8.854782824,1.003895577
2020/8/8 18:02:01,12.47589771,0.84244718
2020/8/8 18:03:45,10.86381757,0.924593488
2020/8/8 18:05:29,9.090860408,1.074778296
2020/8/8 18:07:12,17.07876217,1.157373564
2020/8/8 18:08:56,10.19202077,0.843339894
2020/8/8 18:10:40,12.93135885,1.043861279
2020/8/8 18:12:24,7.777324162,1.07125157
2020/8/8 18:14:07,5.296490978,0.910470803
2020/8/8 18:15:51,6.935230919,1.102656238
2020/8/8 18:17:35,8.4318148,0.841331326
2020/8/8 18:19:19,7.671537245,0.895870755
2020/8/8 18:21:02,13.09622915,0.800196386
2020/8/8 18:22:46,8.652863891,1.001095167
2020/8/8 18:24:30,10.32353534,0.905374382
2020/8/8 18:26:14,8.726068312,0.831226989
2020/8/8 18:27:58,7.491490239,1.152352581
2020/8/8 18:29:41,8.833057828,0.879465994
2020/8/8 18:31:25,13.78843249,1.026927915
2020/8/8 18:33:09,6.26994891,0.908586172
2020/8/8 18:34:53,10.80260747,1.03899983
2020/8/8 18:36:36,5.35179706,1.061718653
2020/8/8 18:38:20,6.979479801,1.090236517
2020/8/8 18:40:04,8.298022951,0.918290431
2020/8/8 18:41:48,9.195702891,0.818902047
2020/8/8 18:43:31,12.59567398,1.142908659
2020/8/8 18:45:15,7.926172837,1.187717515
2020/8/8 18:46:59,5.476144714,1.154489888
2020/8/8 18:48:43,9.888142144,0.833044019
2020/8/8 18:50:26,6.777001118,1.114054478
2020/8/8 18:52:10,8.517534808,0.994401386
2020/8/8 18:53:54,7.385303051,1.052848535
2020/8/8 18:55:38,1.83659619,1.0446861
2020/8/8 18:57:21,9.125392037,1.014012516
2020/8/8 18:59:05,9.284672738,1.070031176
2020/8/8 19:00:49,10.24901878,1.046528571
2020/8/8 19:02:33,12.80580491,1.030736313
2020/8/8 19:04:17,3.754908621,0.857129813
2020/8/8 19:06:00,8.826151369,1.145974979
2020/8/8 19:07:44,8.441543384,1.101398169
2020/8/8 19:09:28,5.894076378,1.18574768
2020/8/8 19:11:12,8.280953831,1.116697201
2020/8/8 19:12:55,8.527551604,1.033008508
2020/8/8 19:14:39,3.312211616,1.16686702
2020/8/8 19:16:23,7.647274253,1.061705083
2020/8/8 19:18:07,4.095699996,0.924051876
2020/8/8 19:19:50,4.835847869,0.870201366
2020/8/8 19:21:34,1.40967815,1.041723112
2020/8/8 19:23:18,5.257068917,1.094469654
2020/8/8 19:25:02,6.010435573,1.129664854
2020/8/8 19:26:45,8.215483637,0.914115176
2020/8/8 19:28:29,6.514160395,1.160800057
2020/8/8 19:30:13,1.830938277,1.03118851
2020/8/8 19:31:57,8.991395769,1.089237222
2020/8/8 19:33:40,5.99715939,1.123253133
2020/8/8 19:35:24,7.766829338,1.172512794
2020/8/8 19:37:08,9.149166532,0.915996139
2020/8/8 19:38:52,10.46966681,0.956986647
2020/8/8 19:40:36,12.03689296,1.159986922
2020/8/8 19:42:19,5.88873128,1.133790455
2020/8/8 19:44:03,6.991943462,0.959654498
2020/8/8 19:45:47,2.777507102,0.986935306
2020/8/8 19:47:31,9.15231929,1.08685905
2020/8/8 19:49:14,2.368703272,0.824499858
2020/8/8 19:50:58,0.464385842,0.946927446
2020/8/8 19:52:42,8.329012548,0.88249208
2020/8/8 19:54:26,4.231426532,1.007518073
2020/8/8 19:56:09,8.088956894,1.10884097
2020/8/8 19:57:53,6.940944505,0.851969947
2020/8/8 19:59:37,0.788273651,1.194693783
2020/8/8 20:01:21,-2.518211145,0.986844684
2020/8/8 20:03:04,2.314559877,1.109206675
2020/8/8 20:04:48,5.618378879,0.940966539
2020/8/8 20:06:32,1.869123921,0.995254711
2020/8/8 20:08:16,3.542734138,1.185945697
2020/8/8 20:10:00,1.091786524,1.076104863
2020/8/8 20:11:43,5.946864874,0.810261288
2020/8/8 20:13:27,5.679370251,0.892792853
2020/8/8 20:15:11,3.93342218,0.903704303
2020/8/8 20:16:55,9.540556315,1.18356277
2020/8/8 20:18:38,9.815325061,1.107827468
2020/8/8 20:20:22,6.991866555,1.071452247
2020/8/8 20:22:06,-0.12829228,0.827860295
2020/8/8 20:23:50,1.93298419,1.12152581
2020/8/8 20:25:33,6.445561503,0.872669305
2020/8/8 20:27:17,3.316701368,0.85951219
2020/8/8 20:29:01,3.7203961,1.147539961
2020/8/8 20:30:45,7.858966267,0.802014858
2020/8/8 20:32:28,6.676184104,0.825311954
2020/8/8 20:34:12,9.068624576,1.167762396
2020/8/8 20:35:56,3.822245066,0.900622172
2020/8/8 20:37:40,9.220374652,1.10973531
2020/8/8 20:39:23,3.418247294,1.062869275
2020/8/8 20:41:07,9.566178562,0.844892945
2020/8/8 20:42:51,5.373394438,1.117971561
2020/8/8 20:44:35,2.463673729,0.882956394
2020/8/8 20:46:19,0.141985394,1.078170632
2020/8/8 20:48:02,4.122798579,0.952341337
2020/8/8 20:49:46,4.251221616,1.017903943
2020/8/8 20:51:30,7.586743868,1.178482584
2020/8/8 20:53:14,4.676960701,0.903671956
2020/8/8 20:54:57,3.707547135,0.920439783
2020/8/8 20:56:41,8.233204027,0.917010167
2020/8/8 20:58:25,4.325998763,0.948009091
2020/8/8 21:00:09,3.271278505,1.030649375
2020/8/8 21:01:52,6.724494991,1.120100477
2020/8/8 21:03:36,3.532986494,1.157245407
2020/8/8 21:05:20,6.981818701,0.824475554
2020/8/8 21:07:04,3.218739613,1.060038614
2020/8/8 21:08:47,4.345828688,1.036961839
2020/8/8 21:10:31,5.47758788,1.040375624
2020/8/8 21:12:15,3.906162692,1.117333325
2020/8/8 21:13:59,4.996804222,1.175142506
2020/8/8 21:15:43,7.49332183,1.099302465
2020/8/8 21:17:26,6.289586683,0.86864988
2020/8/8 21:19:10,6.512691865,1.181860465
2020/8/8 21:20:54,3.176614889,1.146082411
2020/8/8 21:22:38,7.655639296,0.91986217
2020/8/8 21:24:21,7.12119745,0.848900934
2020/8/8 21:26:05,8.142241596,1.122396241
2020/8/8 21:27:49,2.967469515,1.19054073
2020/8/8 21:29:33,4.647879611,0.850994843
2020/8/8 21:31:16,7.085646637,1.060543739
2020/8/8 21:33:00,3.37948574,0.803934755
2020/8/8 21:34:44,4.549541722,0.814197163
2020/8/8 21:36:28,11.02839125,1.114072884
2020/8/8 21:38:11,11.1304036,1.126233433
2020/8/8 21:39:55,9.020164861,0.939738465
2020/8/8 21:41:39,8.142391638,0.979184148
2020/8/8 21:43:23,2.296240184,1.11179088
2020/8/8 21:45:06,6.920095883,1.143081862
2020/8/8 21:46:50,4.334526643,0.910440293
2020/8/8 21:48:34,2.266672946,1.113715149
2020/8/8 21:50:18,3.946921355,0.880351221
2020/8/8 21:52:02,5.85351516,0.978936899
2020/8/8 21:53:45,3.898057698,1.087558901
2020/8/8 21:55:29,3.922346389,1.07431937
2020/8/8 21:57:13,7.986497283,1.000915623
2020/8/8 21:58:57,6.079320128,1.067949362
2020/8/8 22:00:40,6.384994215,0.820213156
2020/8/8 22:02:24,6.058839323,0.915306903
2020/8/8 22:04:08,3.735688919,0.886509187
2020/8/8 22:05:52,1.691623858,0.83271723
2020/8/8 22:07:35,6.77653082,0.883075654
2020/8/8 22:09:19,4.36617023,1.144012055
2020/8/8 22:11:03,-0.101686546,1.158511763
2020/8/8 22:12:47,4.797265434,1.013242498
2020/8/8 22:14:30,2.743537056,0.993758055
2020/8/8 22:16:14,8.162271679,0.98526708
2020/8/8 22:17:58,7.678222671,1.183617995
2020/8/8 22:19:42,7.651937645,1.17632747
2020/8/8 22:21:26,4.214918871,0.886595169
2020/8/8 22:23:09,8.454347171,0.8379967
2020/8/8 22:24:53,7.269142351,0.821753268
2020/8/8 22:26:37,5.131970336,0.943065341
2020/8/8 22:28:21,5.053691286,0.96701714
2020/8/8 22:30:04,9.144814472,0.899070298
2020/8/8 22:31:48,5.099669004,1.168090029
2020/8/8 22:33:32,7.486034237,1.134861602
2020/8/8 22:35:16,9.732299467,1.09778523
2020/8/8 22:36:59,12.41458751,0.993558559
2020/8/8 22:38:43,11.73506479,1.154598307
2020/8/8 22:40:27,9.503541194,1.178074942
2020/8/8 22:42:11,2.341694902,1.1550688
2020/8/8 22:43:54,4.851355007,0.904544491
2020/8/8 22:45:38,5.334011901,1.14569095
2020/8/8 22:47:22,11.99818434,0.940146845
2020/8/8 22:49:06,5.00191685,0.849307289
2020/8/8 22:50:49,8.320166153,1.09744896
2020/8/8 22:52:33,7.526711006,1.123553824
2020/8/8 22:54:17,4.481803207,1.194712305
2020/8/8 22:56:01,8.496349743,0.992382994
2020/8/8 22:57:45,8.610062203,0.900409015
2020/8/8 22:59:28,3.712734239,0.826156608
2020/8/8 23:01:12,11.2141501,0.965273428
2020/8/8 23:02:56,1.35200556,1.03097145
2020/8/8 23:04:40,5.905826067,0.998599233
2020/8/8 23:06:23,10.66109911,0.86511506
2020/8/8 23:08:07,4.233018981,0.948618188
2020/8/8 23:09:51,8.93169264,1.167162578
2020/8/8 23:11:35,4.060398755,0.983717544
2020/8/8 23:13:18,7.739459542,1.004889378
2020/8/8 23:15:02,1.146715982,0.988764648
2020/8/8 23:16:46,5.630259023,0.953886105
2020/8/8 23:18:30,3.599568125,0.824250836
2020/8/8 23:20:13,7.093803086,0.891673803
2020/8/8 23:21:57,7.124549361,0.999999135
2020/8/8 23:23:41,6.420771458,1.033773132
2020/8/8 23:25:25,10.90737888,0.991255184
2020/8/8 23:27:09,5.925214327,0.94555711
2020/8/8 23:28:52,10.56154909,1.121398989
2020/8/8 23:30:36,13.61905786,1.077906245
2020/8/8 23:32:20,9.221553458,1.17816806
2020/8/8 23:34:04,6.304753163,0.811094227
2020/8/8 23:35:47,5.203406597,1.09763178
2020/8/8 23:37:31,6.895964025,0.824550347
2020/8/8 23:39:15,11.21336666,0.916391775
2020/8/8 23:40:59,9.640534985,1.166840787
2020/8/8 23:42:42,12.05866089,1.110142119
2020/8/8 23:44:26,11.63395155,1.064807665
2020/8/8 23:46:10,9.820228739,0.959878589
2020/8/8 23:47:54,10.89323659,0.81993102
2020/8/8 23:49:37,15.11360554,0.904101122
2020/8/8 23:51:21,13.87003367,0.992347527
2020/8/8 23:53:05,8.790110876,0.969111357
2020/8/8 23:54:49,12.74273989,0.983253004
2020/8/8 23:56:32,11.60665815,0.812124372
2020/8/8 23:58:16,13.33370851,1.053229642
2020/8/9 0:00:00,12.01484972,0.980386233
